X,Y,FID,COD_REG,REGION,CUT,COMUNA,CALLE_UNO,CALLE_DOS,NUMERO,DIR_GEOCOD,LAT,LNG,VAL_COM,TIPO,Año,Idaccident,Fecha,Tipo_Accid,Tipo__CONA,Zona,Causa__CON,Causa,Fallecidos,Graves,Menos_Grav,Leves,Hora
-71.963749,-36.4324457,120,16,REGION ÑUBLE,16301,SAN CARLOS,ROBLE,BALMACEDA,0,"Sector Alameda San Carlos Ñuble - Av. Arturo Prat Chacón 273, San Carlos, Bío Bío, Chile",-36.4324457,-71.963749,1,ROOFTOP,2020,1260597,2020/01/27 00:00:00+00,CHOQUE POSTERIOR/LADO,CHOQUE,URBANA,IMPRUDENCIA DEL CONDUCTOR,CONDUCCION NO ATENTO CONDICIONES TRANSITO MOMENTO,0,0,0,0,17:20:00
-72.0979448,-36.6163588,121,16,REGION ÑUBLE,16101,CHILLAN,YERBAS BUENAS, ,1182,"Yerbas Buenas 1182, Chillan, Chillán, Región del Bío Bío, Chile",-36.6163588,-72.0979448,1,ROOFTOP,2020,1260003,2020/01/28 00:00:00+00,COLISION LATERAL,COLISION,URBANA,IMPRUDENCIA DEL CONDUCTOR,CONDUCCION NO ATENTO CONDICIONES TRANSITO MOMENTO,0,0,0,0,20:55:00
-71.9451499,-36.4270211,122,16,REGION ÑUBLE,16301,SAN CARLOS,VICUÑA MACKENNA, ,1265,"Benjamin Vicuña Mackenna 1265, San Carlos, Bío Bío, Chile",-36.4270211,-71.9451499,1,RANGE_INTERPOLATED,2020,1260527,2020/01/18 00:00:00+00,COLISION POR ALCANCE,COLISION,URBANA,IMPRUDENCIA DEL CONDUCTOR,CONDUCCION NO ATENTO CONDICIONES TRANSITO MOMENTO,0,0,0,0,12:30:00
-72.7068042,-36.4942496,123,16,REGION ÑUBLE,16203,COELEMU,PEDRO LEON GALLO, ,175,"Pedro León Gallo 175, Coelemu, Bío Bío, Chile",-36.4942496,-72.7068042,1,RANGE_INTERPOLATED,2020,1260565,2020/01/28 00:00:00+00,CHOQUE,CHOQUE,URBANA,PERDIDA CONTROL VEHICULO,PERDIDA CONTROL VEHICULO,0,0,0,0,16:55:00
-71.9635808,-36.4295687,124,16,REGION ÑUBLE,16301,SAN CARLOS,GAZMURI,GRAL VENEGAS,0,"David Gazmuri & General José Vicente Venegas, San Carlos, Ñuble, Chile",-36.4295687,-71.9635808,1,GEOMETRIC_CENTER,2020,1260602,2020/01/28 00:00:00+00,COLISION LATERAL,COLISION,URBANA,IMPRUDENCIA DEL CONDUCTOR,CONDUCCION NO ATENTO CONDICIONES TRANSITO MOMENTO,0,0,0,0,17:30:00
-71.9547889,-36.4222924,125,16,REGION ÑUBLE,16301,SAN CARLOS,JOAQUIN DEL PINO,BRASIL,0,"Joaquín del Pino Rozas y Negrete & Brasil, San Carlos, Ñuble, Chile",-36.4222924,-71.9547889,1,GEOMETRIC_CENTER,2020,1260621,2020/01/20 00:00:00+00,COLISION LATERAL,COLISION,URBANA,DESOBEDIENCIA A SEÑALIZACION,SEÑALIZACION DESOBEDECER SEÑAL PARE,0,1,0,0,20:50:00
-72.4626489,-36.7471044,126,16,REGION ÑUBLE,16107,QUILLON,JUAN PAULINO FLORES,GABRIELA MISTRAL,0,"Juan Paulino Flores 1133, Quillón, Bío Bío, Chile",-36.7471044,-72.4626489,1,ROOFTOP,2020,1260698,2020/01/22 00:00:00+00,COLISION,COLISION,URBANA,IMPRUDENCIA DEL CONDUCTOR,CONDUCCION NO ATENTO CONDICIONES TRANSITO MOMENTO,0,0,0,1,13:50:00
-72.113751,-36.5962262,127,16,REGION ÑUBLE,16101,CHILLAN,LAS ROSAS,PARQUE LANTAÑO,0,"Las Rosas & Camino parque lantaño, Chillan, Chillán, Ñuble, Chile",-36.5962262,-72.113751,1,GEOMETRIC_CENTER,2020,1261002,2020/01/31 00:00:00+00,CHOQUE FRENTE/POSTERIOR,CHOQUE,URBANA,IMPRUDENCIA DEL CONDUCTOR,CONDUCCION SIN MANTENER DISTANCIA RAZONABLE NI PRUDENTE,0,0,0,0,08:50:00
-72.1088736,-36.6052367,128,16,REGION ÑUBLE,16101,CHILLAN,OHIGGINS, ,560,"Av. OHiggins 560, Chillan, Chillán, Región del Bío Bío, Chile",-36.6052367,-72.1088736,1,ROOFTOP,2020,1261499,2020/02/01 00:00:00+00,CHOQUE POSTERIOR/FRENTE,CHOQUE,URBANA,IMPRUDENCIA DEL CONDUCTOR,CONDUCCION NO ATENTO CONDICIONES TRANSITO MOMENTO,0,0,0,0,09:00:00
-72.1042087,-36.6155053,129,16,REGION ÑUBLE,16101,CHILLAN,COLLIN, ,698,"Av. Collin 698, Chillan, Chillán, Bío Bío, Chile",-36.6155053,-72.1042087,1,ROOFTOP,2020,1261508,2020/02/02 00:00:00+00,CHOQUE FRENTE/POSTERIOR,CHOQUE,URBANA,IMPRUDENCIA DEL CONDUCTOR,CONDUCCION NO ATENTO CONDICIONES TRANSITO MOMENTO,0,0,0,0,22:30:00
-72.1262062,-36.6044722,130,16,REGION ÑUBLE,16101,CHILLAN,SEPULVEDA BUSTOS,ATACAMA,0,"Atacama & Sepúlveda Bustos, Chillan, Chillán, Ñuble, Chile",-36.6044722,-72.1262062,1,GEOMETRIC_CENTER,2020,1261510,2020/02/02 00:00:00+00,COLISION POR ALCANCE,COLISION,URBANA,IMPRUDENCIA DEL CONDUCTOR,"ADELANTAMIENTO EN CRUCE, CURVA, CUESTA, PUENTE",0,0,0,2,13:00:00
-72.0845356,-36.6154295,131,16,REGION ÑUBLE,16101,CHILLAN,CERRO ROBLE,LOS PUELCHES,0,"Los Puelches & Cerro Roble, Chillan, Chillán, Ñuble, Chile",-36.6154295,-72.0845356,1,GEOMETRIC_CENTER,2020,1261873,2020/02/05 00:00:00+00,COLISION PERPENDICULAR,COLISION,URBANA,IMPRUDENCIA DEL CONDUCTOR,CONDUCCION NO ATENTO CONDICIONES TRANSITO MOMENTO,0,0,0,0,21:00:00
-72.0899586,-36.6228864,132,16,REGION ÑUBLE,16101,CHILLAN,SAN PEDRO DE ATACAMA,DIEGONAL LAS TERMAS,0,"San Pedro de Atacama & Diagonal Las Termas, Chillan, Chillán, Ñuble, Chile",-36.6228864,-72.0899586,1,GEOMETRIC_CENTER,2020,1261875,2020/02/05 00:00:00+00,COLISION PERPENDICULAR,COLISION,URBANA,IMPRUDENCIA DEL CONDUCTOR,CONDUCCION NO ATENTO CONDICIONES TRANSITO MOMENTO,0,1,0,0,20:50:00
-72.4629935,-36.7410528,133,16,REGION ÑUBLE,16107,QUILLON,COSTANERA, ,458,"Quillón, Ñuble, Chile",-36.7410528,-72.4629935,1,APPROXIMATE,2020,1262778,2020/02/09 00:00:00+00,CHOQUE FRENTE/POSTERIOR,CHOQUE,URBANA,CAUSAS NO DETERMINADAS,CAUSAS NO DETERMINADAS,0,0,0,0,23:15:00
-72.0932881,-36.6243459,134,16,REGION ÑUBLE,16101,CHILLAN,ALONSO DE ERCILLA, ,621,"Alonso de Ercilla 621, Chillan, Chillán, Región del Bío Bío, Chile",-36.6243459,-72.0932881,1,ROOFTOP,2020,1263161,2020/02/07 00:00:00+00,COLISION POR ALCANCE,COLISION,URBANA,IMPRUDENCIA DEL CONDUCTOR,CONDUCCION NO ATENTO CONDICIONES TRANSITO MOMENTO,0,0,0,0,18:25:00
-72.1035088,-36.6155775,135,16,REGION ÑUBLE,16101,CHILLAN,COLLIN,HUAMBALI,0,"Huambalí & Avenida Collin, Chillan, Chillán, Ñuble, Chile",-36.6155775,-72.1035088,1,GEOMETRIC_CENTER,2020,1263189,2020/02/08 00:00:00+00,COLISION POR ALCANCE,COLISION,URBANA,IMPRUDENCIA DEL CONDUCTOR,CONDUCCION SIN MANTENER DISTANCIA RAZONABLE NI PRUDENTE,0,0,0,0,17:17:00
-72.1011165,-36.6118807,136,16,REGION ÑUBLE,16101,CHILLAN,ARTURO PRAT,ISABEL RIQUELME,0,"Isabel Riquelme & Arturo Prat, Chillan, Chillán, Ñuble, Chile",-36.6118807,-72.1011165,1,GEOMETRIC_CENTER,2020,1263192,2020/02/08 00:00:00+00,COLISION PERPENDICULAR,COLISION,URBANA,IMPRUDENCIA DEL CONDUCTOR,CONDUCCION NO ATENTO CONDICIONES TRANSITO MOMENTO,0,0,0,1,11:30:00
-72.0973074,-36.606099,137,16,REGION ÑUBLE,16101,CHILLAN,SARGENTO ALDEA,BULNES,0,"Bulnes & Sargento Aldea, Chillan, Chillán, Ñuble, Chile",-36.606099,-72.0973074,1,GEOMETRIC_CENTER,2020,1263196,2020/02/08 00:00:00+00,COLISION PERPENDICULAR,COLISION,URBANA,DESOBEDIENCIA A SEÑALIZACION,SEÑALIZACION DESOBEDECER SEÑAL CEDA EL PASO,0,0,0,0,17:30:00
-72.0850035,-36.6306346,138,16,REGION ÑUBLE,16101,CHILLAN,RIO VIEJO,VICTOR JARA,0,"Río Viejo & Calle Víctor Jara, Chillan, Chillán, Ñuble, Chile",-36.6306346,-72.0850035,1,GEOMETRIC_CENTER,2020,1263201,2020/02/09 00:00:00+00,ATROPELLO,ATROPELLO,URBANA,IMPRUDENCIA DEL PEATON,PEATON CRUZA CALZADA FUERA PASO PEATONES,0,1,0,0,14:00:00
-72.1059046,-36.6067556,139,16,REGION ÑUBLE,16101,CHILLAN,CARRERA,CONSTITUCION,0,"Constitución & Carrera, Chillan, Chillán, Ñuble, Chile",-36.6067556,-72.1059046,1,GEOMETRIC_CENTER,2020,1263525,2020/02/08 00:00:00+00,COLISION PERPENDICULAR,COLISION,URBANA,IMPRUDENCIA DEL CONDUCTOR,CONDUCCION NO ATENTO CONDICIONES TRANSITO MOMENTO,0,0,0,0,14:30:00
-72.0753251,-36.6282293,140,16,REGION ÑUBLE,16101,CHILLAN,LA ENGORDA, ,4,"Los Angeles, Chillan, Chillán, Ñuble, Chile",-36.6282293,-72.0753251,1,GEOMETRIC_CENTER,2020,1264094,2020/02/12 00:00:00+00,COLISION LATERAL,COLISION,RURAL,IMPRUDENCIA DEL CONDUCTOR,CONDUCCION NO ATENTO CONDICIONES TRANSITO MOMENTO,0,0,0,0,21:30:00
-72.0945677,-36.6121576,141,16,REGION ÑUBLE,16101,CHILLAN,ARGENTINA,MAPION,0,"Maipón & Argentina, Chillan, Chillán, Ñuble, Chile",-36.6121576,-72.0945677,1,GEOMETRIC_CENTER,2020,1264096,2020/02/13 00:00:00+00,COLISION POR ALCANCE,COLISION,URBANA,IMPRUDENCIA DEL CONDUCTOR,CONDUCCION NO ATENTO CONDICIONES TRANSITO MOMENTO,0,0,0,0,16:50:00
-72.1063399,-36.6149726,142,16,REGION ÑUBLE,16101,CHILLAN,COLLIN,LOS CASTAÑOS,0,"Pje. Los Castaños & Av. Collin, Chillan, Chillán, Ñuble, Chile",-36.6149726,-72.1063399,1,GEOMETRIC_CENTER,2020,1264098,2020/02/12 00:00:00+00,CHOQUE LADO/LADO,CHOQUE,URBANA,CAUSAS NO DETERMINADAS,CAUSAS NO DETERMINADAS,0,0,0,0,09:10:00
-71.9646398,-36.4229711,143,16,REGION ÑUBLE,16301,SAN CARLOS,QUIHUA,TORRES DEL PAINE,0,"San Carlos, Ñuble, Chile",-36.4229711,-71.9646398,1,APPROXIMATE,2020,1266962,2020/02/18 00:00:00+00,COLISION FRONTAL,COLISION,RURAL,ALCOHOL EN CONDUCTOR,CONDUCCION EN ESTADO DE EBRIEDAD,0,0,0,0,00:00:00
-71.9563162,-36.422127,144,16,REGION ÑUBLE,16301,SAN CARLOS,INDEPENDENCIA, ,891,"Independencia 891, San Carlos, Región del Bío Bío, Chile",-36.422127,-71.9563162,1,ROOFTOP,2020,1264228,2020/02/05 00:00:00+00,COLISION LATERAL,COLISION,URBANA,IMPRUDENCIA DEL CONDUCTOR,CONDUCCION NO ATENTO CONDICIONES TRANSITO MOMENTO,0,0,0,0,10:00:00
-72.0765903,-36.617485,145,16,REGION ÑUBLE,16101,CHILLAN,CERRO EL ROBLE,NUEVA ORIENTE,0,"Cerro Roble & Avenida Nueva Oriente, Chillan, Chillán, Ñuble, Chile",-36.617485,-72.0765903,1,GEOMETRIC_CENTER,2020,1264527,2020/02/15 00:00:00+00,COLISION LATERAL,COLISION,URBANA,ALCOHOL EN CONDUCTOR,CONDUCCION EN ESTADO DE EBRIEDAD,0,0,0,0,07:25:00
-72.0992369,-36.6136075,146,16,REGION ÑUBLE,16101,CHILLAN,COCHARCA, ,961,"Cocharcas 961, Chillan, Chillán, Bío Bío, Chile",-36.6136075,-72.0992369,1,ROOFTOP,2020,1264647,2020/02/18 00:00:00+00,CHOQUE LADO/LADO,CHOQUE,URBANA,CAUSAS NO DETERMINADAS,CAUSAS NO DETERMINADAS,0,0,0,0,18:50:00
-72.1117293,-36.6135757,147,16,REGION ÑUBLE,16101,CHILLAN,OHIGGINS,COLLIN,0,"Av. OHiggins & Av. Collin, Chillan, Chillán, Ñuble, Chile",-36.6135757,-72.1117293,1,GEOMETRIC_CENTER,2020,1264759,2020/02/19 00:00:00+00,CHOQUE POSTERIOR,CHOQUE,URBANA,ALCOHOL EN CONDUCTOR,CONDUCCION EN ESTADO DE EBRIEDAD,0,0,0,2,05:25:00
-72.0804923,-36.6165196,148,16,REGION ÑUBLE,16101,CHILLAN,CERRO ROBLE,LOS CONDORES,0,"Cerro Roble & Los Cóndores, Chillan, Chillán, Ñuble, Chile",-36.6165196,-72.0804923,1,GEOMETRIC_CENTER,2020,1264760,2020/02/19 00:00:00+00,IMPACTO CON ANIMAL,OTRO TIPO,URBANA,DEFICIENCIAS VIALES,ANIMALES SUELTOS VIA PUBLICA,0,0,0,1,09:30:00
-72.1073782,-36.6307146,149,16,REGION ÑUBLE,16103,CHILLAN VIEJO,HUAMBALI,REINO DE CHILE,0,"Huambalí & Reino de Chile, Chillan, Chillán Viejo, Ñuble, Chile",-36.6307146,-72.1073782,1,GEOMETRIC_CENTER,2020,1264978,2020/02/01 00:00:00+00,CHOQUE FRONTAL,CHOQUE,URBANA,ALCOHOL EN CONDUCTOR,CONDUCCION EN ESTADO DE EBRIEDAD,0,0,0,0,00:35:00
-72.0920225,-36.5923746,150,16,REGION ÑUBLE,16101,CHILLAN,LAS AZALEAS, ,840,"Las Azaleas 840, Chillan, Chillán, Región del Bío Bío, Chile",-36.5923746,-72.0920225,1,ROOFTOP,2020,1265001,2020/02/19 00:00:00+00,CHOQUE LADO/LADO,CHOQUE,URBANA,CAUSAS NO DETERMINADAS,CAUSAS NO DETERMINADAS,0,0,0,0,18:00:00
-72.1011099,-36.6161685,151,16,REGION ÑUBLE,16101,CHILLAN,SARGENTO ALDEA,COLLIN,0,"Sgto. Aldea & Av. Collin, Chillan, Chillán, Ñuble, Chile",-36.6161685,-72.1011099,1,GEOMETRIC_CENTER,2020,1265006,2020/02/20 00:00:00+00,COLISION LATERAL,COLISION,URBANA,IMPRUDENCIA DEL CONDUCTOR,CONDUCCION NO ATENTO CONDICIONES TRANSITO MOMENTO,0,0,0,1,07:45:00
-72.5429119,-36.2859132,152,16,REGION ÑUBLE,16201,QUIRIHUE,CARRERA,FREIRE,0,"Freire, Quirihue, Ñuble, Chile",-36.2859132,-72.5429119,1,GEOMETRIC_CENTER,2020,1265150,2020/02/06 00:00:00+00,COLISION,COLISION,URBANA,DESOBEDIENCIA A SEÑALIZACION,SEÑALIZACION DESOBEDECER SEÑAL PARE,0,0,0,2,21:17:00
-72.796253,-36.1330764,153,16,REGION ÑUBLE,16202,COBQUECURA,INDEPENDENCIA, ,900,"Independencia 900, Cobquecura, Bío Bío, Chile",-36.1330764,-72.796253,1,RANGE_INTERPOLATED,2020,1265155,2020/02/08 00:00:00+00,CHOQUE,CHOQUE,URBANA,ALCOHOL EN CONDUCTOR,CONDUCCION EN ESTADO DE EBRIEDAD,0,0,0,0,07:50:00
-72.7036586,-36.4803087,154,16,REGION ÑUBLE,16203,COELEMU,BINIMELIS, ,6,"Pascual Binimelis 6, Coelemu, Bío Bío, Chile",-36.4803087,-72.7036586,1,RANGE_INTERPOLATED,2020,1265159,2020/02/09 00:00:00+00,CHOQUE,CHOQUE,URBANA,IMPRUDENCIA DEL CONDUCTOR,CONDUCIR VEHICULO EN RETROCESO,0,0,0,0,15:45:00
-72.5454162,-36.2838203,155,16,REGION ÑUBLE,16201,QUIRIHUE,OHIGGINS,PRAT,0,"Ruta 126 & OHiggins, Quirihue, Ñuble, Chile",-36.2838203,-72.5454162,1,GEOMETRIC_CENTER,2020,1265166,2020/02/13 00:00:00+00,ATROPELLO,ATROPELLO,URBANA,IMPRUDENCIA DEL PEATON,PEATON CRUZA CALZADA FORMA SORPRESIVA O DESCUIDADA,0,0,0,1,12:50:00
-72.032018,-36.8015995,156,16,REGION ÑUBLE,16108,SAN IGNACIO,REMBERTO VALDEZ,MANUEL RODRIGUEZ,0,"Manuel Rodríguez 492, San Ignacio, Región del Bío Bío, Chile",-36.8015995,-72.032018,1,ROOFTOP,2020,1265275,2020/02/16 00:00:00+00,CHOQUE LADO/POSTERIOR,CHOQUE,URBANA,CAUSAS NO DETERMINADAS,CAUSAS NO DETERMINADAS,0,0,0,0,03:20:00
-71.9527064,-36.4304594,157,16,REGION ÑUBLE,16301,SAN CARLOS,PUELMA,OSSA,0,"Francisco Puelma Castillo & Sinforiano Ossa, San Carlos, Ñuble, Chile",-36.4304594,-71.9527064,1,GEOMETRIC_CENTER,2020,1265307,2020/02/13 00:00:00+00,COLISION LATERAL,COLISION,URBANA,IMPRUDENCIA DEL CONDUCTOR,CONDUCCION NO ATENTO CONDICIONES TRANSITO MOMENTO,0,0,0,1,15:20:00
-72.3015611,-36.7389049,158,16,REGION ÑUBLE,16102,BULNES,JOSE JOAQUIN PRIETO,CARLOS PALACIOS,0,"Carlos Condell & Joaquín Prieto, Bulnes, Ñuble, Chile",-36.7389049,-72.3015611,1,GEOMETRIC_CENTER,2020,1265350,2020/02/17 00:00:00+00,COLISION LATERAL,COLISION,URBANA,IMPRUDENCIA DEL CONDUCTOR,CONDUCCION NO ATENTO CONDICIONES TRANSITO MOMENTO,0,0,0,1,12:10:00
-72.1079731,-36.6040864,159,16,REGION ÑUBLE,16101,CHILLAN,OHIGGINS, ,441,"Av. OHiggins 441, Chillan, Chillán, Bío Bío, Chile",-36.6040864,-72.1079731,1,RANGE_INTERPOLATED,2020,1265352,2020/02/21 00:00:00+00,COLISION LATERAL,COLISION,URBANA,CAUSAS NO DETERMINADAS,CAUSAS NO DETERMINADAS,0,0,0,0,11:30:00
-72.1011165,-36.6118807,160,16,REGION ÑUBLE,16101,CHILLAN,ARTURO PRAT,ISABEL RIQUELME,0,"Isabel Riquelme & Arturo Prat, Chillan, Chillán, Ñuble, Chile",-36.6118807,-72.1011165,1,GEOMETRIC_CENTER,2020,1265357,2020/02/21 00:00:00+00,CHOQUE LADO/LADO,CHOQUE,URBANA,IMPRUDENCIA DEL CONDUCTOR,CONDUCCION NO ATENTO CONDICIONES TRANSITO MOMENTO,0,0,0,0,11:30:00
-72.111263,-36.6121657,161,16,REGION ÑUBLE,16101,CHILLAN,PUREN,OHIGGINS,0,"Purén & Avenida OHiggins, Chillan, Chillán, Ñuble, Chile",-36.6121657,-72.111263,1,GEOMETRIC_CENTER,2020,1265361,2020/02/21 00:00:00+00,COLISION LATERAL,COLISION,URBANA,IMPRUDENCIA DEL CONDUCTOR,CONDUCCION NO ATENTO CONDICIONES TRANSITO MOMENTO,0,0,0,1,21:40:00
-71.9543727,-36.4210789,162,16,REGION ÑUBLE,16301,SAN CARLOS,NAVOTAVO,BRASIL,0,"Brasil & Navotavo, San Carlos, Ñuble, Chile",-36.4210789,-71.9543727,1,GEOMETRIC_CENTER,2020,1265596,2020/02/14 00:00:00+00,ATROPELLO,ATROPELLO,URBANA,IMPRUDENCIA DEL CONDUCTOR,CONDUCCION NO ATENTO CONDICIONES TRANSITO MOMENTO,0,0,0,1,08:25:00
-72.1266102,-36.6231634,163,16,REGION ÑUBLE,16103,CHILLAN VIEJO,OHIGGINS, ,2315,"Av. OHiggins 2315, Chillan, Chillán Viejo, Bío Bío, Chile",-36.6231634,-72.1266102,1,RANGE_INTERPOLATED,2020,1265732,2020/02/07 00:00:00+00,COLISION POR ALCANCE,COLISION,URBANA,IMPRUDENCIA DEL CONDUCTOR,CONDUCCION NO ATENTO CONDICIONES TRANSITO MOMENTO,0,0,0,0,15:50:00
-72.1239175,-36.6319432,164,16,REGION ÑUBLE,16103,CHILLAN VIEJO,LOS LITRES, ,20,"Los Litres 20, Chillan, Chillán Viejo, Bío Bío, Chile",-36.6319432,-72.1239175,1,RANGE_INTERPOLATED,2020,1265744,2020/02/08 00:00:00+00,COLISION POR ALCANCE,COLISION,URBANA,CAUSAS NO DETERMINADAS,CAUSAS NO DETERMINADAS,0,0,0,0,19:30:00
-72.0953877,-36.6010077,165,16,REGION ÑUBLE,16101,CHILLAN,SARGENTO ALDEA,ECUADOR,0,"Sgto. Aldea & Av. Ecuador, Chillan, Chillán, Ñuble, Chile",-36.6010077,-72.0953877,1,GEOMETRIC_CENTER,2020,1266162,2020/02/24 00:00:00+00,COLISION LATERAL,COLISION,URBANA,IMPRUDENCIA DEL CONDUCTOR,NO RESPETAR DERECHO PREFERENTE DE PASO A VEHICULO,0,0,0,2,20:45:00
-72.08295,-36.6253251,166,16,REGION ÑUBLE,16101,CHILLAN,ALONSO DE ERCILLA, ,3643,"Alonso de Ercilla 3643, Chillan, Chillán, Bío Bío, Chile",-36.6253251,-72.08295,1,RANGE_INTERPOLATED,2020,1266183,2020/02/25 00:00:00+00,COLISION LATERAL,COLISION,URBANA,IMPRUDENCIA DEL CONDUCTOR,CONDUCCION NO ATENTO CONDICIONES TRANSITO MOMENTO,0,1,0,0,18:00:00
-72.1015926,-36.6131167,167,16,REGION ÑUBLE,16101,CHILLAN,ISABEL RIQUELME,COCHARCA,0,"Isabel Riquelme & Cocharcas, Chillan, Chillán, Ñuble, Chile",-36.6131167,-72.1015926,1,GEOMETRIC_CENTER,2020,1266503,2020/02/26 00:00:00+00,COLISION LATERAL,COLISION,URBANA,DESOBEDIENCIA A SEÑALIZACION,SEÑALIZACION DESOBEDECER LUZ ROJA DE SEMAFORO,0,0,0,2,08:45:00
-72.1117293,-36.6135757,168,16,REGION ÑUBLE,16101,CHILLAN,COLLIN,OHIGGINS,0,"Av. OHiggins & Av. Collin, Chillan, Chillán, Ñuble, Chile",-36.6135757,-72.1117293,1,GEOMETRIC_CENTER,2020,1266506,2020/02/26 00:00:00+00,CHOQUE POSTERIOR/POSTERIOR,CHOQUE,URBANA,IMPRUDENCIA DEL CONDUCTOR,CONDUCCION NO ATENTO CONDICIONES TRANSITO MOMENTO,0,0,0,0,19:30:00
-71.9510383,-36.4256069,169,16,REGION ÑUBLE,16301,SAN CARLOS,PUELMA,VICUÑA MACKENNA,0,"Francisco Puelma Castillo & Benjamin Vicuña Mackenna, San Carlos, Ñuble, Chile",-36.4256069,-71.9510383,1,GEOMETRIC_CENTER,2020,1266639,2020/02/14 00:00:00+00,COLISION LATERAL,COLISION,URBANA,IMPRUDENCIA DEL CONDUCTOR,CONDUCCION POR IZQUIERDA EJE CALZADA,0,0,0,0,16:00:00
-72.3470197,-36.9111393,170,16,REGION ÑUBLE,16105,PEMUCO,PEDRO DE VALDIVIA,MANUEL RODRIGUEZ,0,"San Pedro, Pemuco, Ñuble, Chile",-36.9111393,-72.3470197,1,GEOMETRIC_CENTER,2020,1266761,2020/02/23 00:00:00+00,VOLCADURA,VOLCADURA,URBANA,VELOCIDAD IMPRUDENTE,VELOCIDAD MAYOR QUE MAXIMA PERMITIDA,0,0,0,2,10:55:00
-71.9636063,-36.4331476,171,16,REGION ÑUBLE,16301,SAN CARLOS,MAIPU,JOAQUIN DEL PINO,0,"Av. Arturo Prat Chacón #279, Biobío, San Carlos, Ñuble, Chile",-36.4331476,-71.9636063,1,ROOFTOP,2020,1266936,2020/02/16 00:00:00+00,ATROPELLO,ATROPELLO,URBANA,IMPRUDENCIA DEL CONDUCTOR,CONDUCCION NO ATENTO CONDICIONES TRANSITO MOMENTO,0,0,0,2,13:45:00
-71.9592134,-36.4251649,172,16,REGION ÑUBLE,16301,SAN CARLOS,BALMACEDA, ,449,"José Manuel Balmaceda Fernández 394, San Carlos, Bío Bío, Chile",-36.4251649,-71.9592134,1,ROOFTOP,2020,1266947,2020/02/20 00:00:00+00,COLISION FRONTAL,COLISION,URBANA,IMPRUDENCIA DEL CONDUCTOR,CONDUCIR VEHICULO EN RETROCESO,0,0,0,0,15:10:00
-71.9581746,-36.4240082,173,16,REGION ÑUBLE,16301,SAN CARLOS,NORA PEREIRA,VICUÑA MACKENNA,0,"Benjamin Vicuña Mackenna 436, San Carlos, Región del Bío Bío, Chile",-36.4240082,-71.9581746,1,ROOFTOP,2020,1266966,2020/02/24 00:00:00+00,COLISION LATERAL,COLISION,URBANA,IMPRUDENCIA DEL CONDUCTOR,CONDUCCION NO ATENTO CONDICIONES TRANSITO MOMENTO,0,0,0,1,18:30:00
-71.9553611,-36.4247425,174,16,REGION ÑUBLE,16301,SAN CARLOS,VICUÑA MACKENNA,CARRERA,0,"Benjamin Vicuña Mackenna, San Carlos, Ñuble, Chile",-36.4247425,-71.9553611,1,GEOMETRIC_CENTER,2020,1266967,2020/02/25 00:00:00+00,COLISION LATERAL,COLISION,URBANA,DESOBEDIENCIA A SEÑALIZACION,SEÑALIZACION DESOBEDECER SEÑAL CEDA EL PASO,0,0,0,1,00:05:00
-71.9571145,-36.4264023,175,16,REGION ÑUBLE,16301,SAN CARLOS,VICUÑA MACKENNA, ,351,"Benjamin Vicuña Mackenna 351, San Carlos, Bío Bío, Chile",-36.4264023,-71.9571145,1,ROOFTOP,2020,1267006,2020/02/28 00:00:00+00,CHOQUE FRENTE/LADO,CHOQUE,URBANA,ALCOHOL EN CONDUCTOR,CONDUCCION EN ESTADO DE EBRIEDAD,0,0,0,0,01:40:00
-72.0686682,-36.5916407,176,16,REGION ÑUBLE,16101,CHILLAN,BARCELONA,SIERRA MONSAT,0,"Barcelona, Chillan, Chillán, Ñuble, Chile",-36.5916407,-72.0686682,1,GEOMETRIC_CENTER,2020,1267342,2020/02/27 00:00:00+00,COLISION LATERAL,COLISION,URBANA,IMPRUDENCIA DEL CONDUCTOR,CONDUCCION NO ATENTO CONDICIONES TRANSITO MOMENTO,0,0,0,0,13:30:00
-72.1062885,-36.5984441,177,16,REGION ÑUBLE,16101,CHILLAN,OHIGGINS, ,10,"Av. OHiggins 10, Chillan, Chillán, Ñuble, Chile",-36.5984441,-72.1062885,1,ROOFTOP,2020,1267335,2020/02/28 00:00:00+00,COLISION POR ALCANCE,COLISION,URBANA,ALCOHOL EN CONDUCTOR,CONDUCCION BAJO LA INFLUENCIA DEL ALCOHOL,0,0,0,0,00:20:00