X,Y,FID,COD_REG,REGION,CUT,COMUNA,CALLE_UNO,CALLE_DOS,NUMERO,DIR_GEOCOD,LAT,LNG,VAL_COM,TIPO,Año,Idaccident,Fecha,Tipo_Accid,Tipo__CONA,Zona,Causa__CON,Causa,Fallecidos,Graves,Menos_Grav,Leves,Hora
-72.0917568,-36.6247168,178,16,REGION ÑUBLE,16101,CHILLAN,ALONSO DE ERCILLA,SAN PEDRO DE ATACAMA,0,"San Pedro de Atacama & Alonso de Ercilla, Chillan, Chillán, Ñuble, Chile",-36.6247168,-72.0917568,1,GEOMETRIC_CENTER,2020,1267339,2020/02/29 00:00:00+00,COLISION LATERAL,COLISION,URBANA,IMPRUDENCIA DEL CONDUCTOR,CONDUCCION NO ATENTO CONDICIONES TRANSITO MOMENTO,0,0,0,0,22:30:00
-72.1014229,-36.603763,179,16,REGION ÑUBLE,16101,CHILLAN,VEGA DE SALDIAS,ARAUCO,0,"Arauco & Vega de Saldías, Chillan, Chillán, Ñuble, Chile",-36.603763,-72.1014229,1,GEOMETRIC_CENTER,2020,1267343,2020/02/28 00:00:00+00,ATROPELLO,ATROPELLO,URBANA,IMPRUDENCIA DEL CONDUCTOR,NO RESPETAR DERECHO PREFERENTE DE PASO A PEATON,0,1,0,0,10:20:00
-72.0906152,-36.6023596,180,16,REGION ÑUBLE,16101,CHILLAN,ARGENTINA,ECUADOR,0,"Argentina & Avenida Ecuador, Chillan, Chillán, Ñuble, Chile",-36.6023596,-72.0906152,1,GEOMETRIC_CENTER,2020,1267346,2020/02/28 00:00:00+00,COLISION PERPENDICULAR,COLISION,URBANA,ALCOHOL EN CONDUCTOR,CONDUCCION EN ESTADO DE EBRIEDAD,0,0,0,1,02:34:00
-72.09165,-36.6043548,181,16,REGION ÑUBLE,16101,CHILLAN,ARGENTINA, ,170,"Argentina 170, Chillan, Chillán, Región del Bío Bío, Chile",-36.6043548,-72.09165,1,ROOFTOP,2020,1267355,2020/03/01 00:00:00+00,CHOQUE FRENTE/POSTERIOR,CHOQUE,URBANA,IMPRUDENCIA DEL CONDUCTOR,CONDUCCION NO ATENTO CONDICIONES TRANSITO MOMENTO,0,0,0,0,16:58:00
-72.0929743,-36.6085699,182,16,REGION ÑUBLE,16101,CHILLAN,ARGENTINA,FRANCISCO RAMIREZ,0,"Argentina & Francisco Ramírez, Chillan, Chillán, Ñuble, Chile",-36.6085699,-72.0929743,1,GEOMETRIC_CENTER,2020,1268760,2020/03/02 00:00:00+00,COLISION,COLISION,URBANA,IMPRUDENCIA DEL CONDUCTOR,CONDUCCION NO ATENTO CONDICIONES TRANSITO MOMENTO,0,0,0,0,10:00:00
-72.1011165,-36.6118807,183,16,REGION ÑUBLE,16101,CHILLAN,ISABEL RIQUELME,ARTURO PRAT,0,"Isabel Riquelme & Arturo Prat, Chillan, Chillán, Ñuble, Chile",-36.6118807,-72.1011165,1,GEOMETRIC_CENTER,2020,1268765,2020/03/03 00:00:00+00,COLISION LATERAL,COLISION,URBANA,IMPRUDENCIA DEL CONDUCTOR,CONDUCCION NO ATENTO CONDICIONES TRANSITO MOMENTO,0,0,0,0,16:35:00
-72.1058103,-36.6253179,184,16,REGION ÑUBLE,16101,CHILLAN,LOS BOLDOS,HUAMBALI,0,"Huambalí & Los Boldos, Chillan, Chillán, Ñuble, Chile",-36.6253179,-72.1058103,1,GEOMETRIC_CENTER,2020,1268766,2020/03/04 00:00:00+00,COLISION LATERAL,COLISION,URBANA,IMPRUDENCIA DEL CONDUCTOR,CONDUCCION NO ATENTO CONDICIONES TRANSITO MOMENTO,0,0,0,0,17:35:00
-72.0915539,-36.5888048,185,16,REGION ÑUBLE,16101,CHILLAN,OHIGGINS,PAUL HARRIS,0,"Biobío CL - Av. Paul Harris 790, Chillan, Chillán, Ñuble, Chile",-36.5888048,-72.0915539,1,ROOFTOP,2020,1268767,2020/03/04 00:00:00+00,COLISION PERPENDICULAR,COLISION,URBANA,ALCOHOL EN CONDUCTOR,CONDUCCION EN ESTADO DE EBRIEDAD,0,0,0,0,12:40:00
-72.1025059,-36.6021449,186,16,REGION ÑUBLE,16101,CHILLAN,GAMERO,18 DE SEPTIEMBRE,0,"Dieciocho de Septiembre & Gamero, Chillan, Chillán, Ñuble, Chile",-36.6021449,-72.1025059,1,GEOMETRIC_CENTER,2020,1268956,2020/03/06 00:00:00+00,CHOQUE FRONTAL,CHOQUE,URBANA,ALCOHOL EN CONDUCTOR,CONDUCCION EN ESTADO DE EBRIEDAD,0,0,0,0,03:30:00
-72.0712098,-36.6256552,187,16,REGION ÑUBLE,16101,CHILLAN,ALONSO DE ERCILLA,CIRCUNVALACION,0,"Av Alonso de Ercilla & Av. Circunvalacion, Chillan, Chillán, Ñuble, Chile",-36.6256552,-72.0712098,1,GEOMETRIC_CENTER,2020,1268959,2020/02/17 00:00:00+00,COLISION POR ALCANCE,COLISION,URBANA,IMPRUDENCIA DEL CONDUCTOR,CONDUCCION SIN MANTENER DISTANCIA RAZONABLE NI PRUDENTE,0,0,0,0,09:30:00
-72.085668,-36.5936055,188,16,REGION ÑUBLE,16101,CHILLAN,COLONIA BERNARDO OHIGGINS,VICENTE MENDEZ,0,"Av. Vicente Méndez, Chillan, Chillán, Ñuble, Chile",-36.5936055,-72.085668,1,GEOMETRIC_CENTER,2020,1269545,2020/03/07 00:00:00+00,COLISION PERPENDICULAR,COLISION,URBANA,ALCOHOL EN CONDUCTOR,CONDUCCION EN ESTADO DE EBRIEDAD,0,0,0,0,13:50:00
-72.1015926,-36.6131167,189,16,REGION ÑUBLE,16101,CHILLAN,ISABEL RIQUELME,COCHARCAS,0,"Isabel Riquelme & Cocharcas, Chillan, Chillán, Ñuble, Chile",-36.6131167,-72.1015926,1,GEOMETRIC_CENTER,2020,1269547,2020/03/07 00:00:00+00,COLISION PERPENDICULAR,COLISION,URBANA,ALCOHOL EN CONDUCTOR,CONDUCCION EN ESTADO DE EBRIEDAD,0,0,0,1,13:50:00
-72.0963503,-36.6170445,190,16,REGION ÑUBLE,16101,CHILLAN,ARGENTINA,COLLIN,0,"Argentina & Avenida Collin, Chillan, Chillán, Ñuble, Chile",-36.6170445,-72.0963503,1,GEOMETRIC_CENTER,2020,1269548,2020/03/07 00:00:00+00,COLISION POR ALCANCE,COLISION,URBANA,IMPRUDENCIA DEL CONDUCTOR,CONDUCCION NO ATENTO CONDICIONES TRANSITO MOMENTO,0,0,0,0,21:45:00
-72.1024185,-36.6062548,191,16,REGION ÑUBLE,16101,CHILLAN,ARAUCO,LIBERTAD,0,"Arauco & Libertad, Chillan, Chillán, Ñuble, Chile",-36.6062548,-72.1024185,1,GEOMETRIC_CENTER,2020,1269556,2020/03/06 00:00:00+00,COLISION POR ALCANCE,COLISION,URBANA,IMPRUDENCIA DEL CONDUCTOR,CONDUCCION SIN MANTENER DISTANCIA RAZONABLE NI PRUDENTE,0,0,0,0,20:00:00
-72.1384356,-36.6104184,192,16,REGION ÑUBLE,16101,CHILLAN,MANUEL SALAS, ,1395,"Manuel de Salas 1395, Chillan, Chillán, Bío Bío, Chile",-36.6104184,-72.1384356,1,RANGE_INTERPOLATED,2020,1269558,2020/03/08 00:00:00+00,CHOQUE FRENTE/POSTERIOR,CHOQUE,URBANA,IMPRUDENCIA DEL CONDUCTOR,CONDUCCION NO ATENTO CONDICIONES TRANSITO MOMENTO,0,0,0,0,17:30:00
-72.5442646,-36.278152,193,16,REGION ÑUBLE,16201,QUIRIHUE,CARRERA, ,1096,"Carrera, Quirihue, Ñuble, Chile",-36.278152,-72.5442646,1,GEOMETRIC_CENTER,2020,1269698,2020/02/27 00:00:00+00,ATROPELLO,ATROPELLO,URBANA,IMPRUDENCIA DEL CONDUCTOR,CONDUCCION NO ATENTO CONDICIONES TRANSITO MOMENTO,0,1,0,0,18:34:00
-72.0947451,-36.5954019,194,16,REGION ÑUBLE,16101,CHILLAN,CIENFUEGOS,BUERAS,0,"Bueras & Cienfuegos, Chillan, Chillán, Ñuble, Chile",-36.5954019,-72.0947451,1,GEOMETRIC_CENTER,2020,1269902,2020/03/09 00:00:00+00,COLISION FRONTAL,COLISION,URBANA,IMPRUDENCIA DEL CONDUCTOR,CONDUCCION NO ATENTO CONDICIONES TRANSITO MOMENTO,0,0,0,0,07:45:00
-72.0730433,-36.6146868,195,16,REGION ÑUBLE,16101,CHILLAN,CENTRAL PANIFICADORES,LAS ROSAS,0,"Central Panificadores, Chillan, Chillán, Ñuble, Chile",-36.6146868,-72.0730433,1,GEOMETRIC_CENTER,2020,1270251,2020/03/09 00:00:00+00,COLISION POR ALCANCE,COLISION,URBANA,IMPRUDENCIA DEL CONDUCTOR,CONDUCCION NO ATENTO CONDICIONES TRANSITO MOMENTO,0,0,0,0,07:15:00
-72.0998937,-36.6041373,196,16,REGION ÑUBLE,16101,CHILLAN,VEGA DE SALDIAS,5 DE ABRIL,0,"5 de Abril & Vega de Saldías, Chillan, Chillán, Ñuble, Chile",-36.6041373,-72.0998937,1,GEOMETRIC_CENTER,2020,1270254,2020/03/10 00:00:00+00,COLISION PERPENDICULAR,COLISION,URBANA,DESOBEDIENCIA A SEÑALIZACION,SEÑALIZACION DESOBEDECER SEÑAL PARE,0,0,0,0,09:10:00
-72.0746428,-36.617807,197,16,REGION ÑUBLE,16101,CHILLAN,CERRO ROBLE, ,1543,"Cerro Roble 1543, Chillan, Chillán, Región del Bío Bío, Chile",-36.617807,-72.0746428,1,ROOFTOP,2020,1270445,2020/03/10 00:00:00+00,CHOQUE FRONTAL,CHOQUE,URBANA,DEFICIENCIAS VIALES,ANIMALES SUELTOS VIA PUBLICA,0,0,0,0,23:30:00
-72.0710674,-36.6117727,198,16,REGION ÑUBLE,16101,CHILLAN,CERRO ARACAR,CERRO POSADA,0,"Cerro Aracar & Cerro Posada, Chillan, Chillán, Ñuble, Chile",-36.6117727,-72.0710674,1,GEOMETRIC_CENTER,2020,1270449,2020/03/11 00:00:00+00,COLISION PERPENDICULAR,COLISION,URBANA,IMPRUDENCIA DEL CONDUCTOR,CONDUCCION NO ATENTO CONDICIONES TRANSITO MOMENTO,0,0,0,0,08:45:00
-72.1077193,-36.619459,199,16,REGION ÑUBLE,16101,CHILLAN,RIO CHANGARAL,LAS TORRES,0,"Las Torres, Chillan, Chillán, Ñuble, Chile",-36.619459,-72.1077193,1,GEOMETRIC_CENTER,2020,1271288,2020/03/14 00:00:00+00,COLISION PERPENDICULAR,COLISION,URBANA,DESOBEDIENCIA A SEÑALIZACION,SEÑALIZACION DESOBEDECER SEÑAL CEDA EL PASO,0,2,0,0,10:15:00
-72.1039231,-36.6059102,200,16,REGION ÑUBLE,16101,CHILLAN,18 DE SEPTIEMBRE,LIBERTAD,0,"Dieciocho de Septiembre & Libertad, Chillan, Chillán, Ñuble, Chile",-36.6059102,-72.1039231,1,GEOMETRIC_CENTER,2020,1271294,2020/03/15 00:00:00+00,CHOQUE FRENTE/LADO,CHOQUE,URBANA,IMPRUDENCIA DEL CONDUCTOR,CONDUCCION NO ATENTO CONDICIONES TRANSITO MOMENTO,0,0,0,0,18:30:00
-72.0836749,-36.6252512,201,16,REGION ÑUBLE,16101,CHILLAN,ALONSO DE ERCILLA,AZAPA,0,"Avda. Alonso de Ercilla #2337 Chillán, Región de Ñuble - Alonso de Ercilla, Chillan, Chillán, Bío Bío, Chile",-36.6252512,-72.0836749,1,GEOMETRIC_CENTER,2020,1271297,2020/03/14 00:00:00+00,CHOQUE POSTERIOR/FRENTE,CHOQUE,URBANA,IMPRUDENCIA DEL CONDUCTOR,CONDUCCION NO ATENTO CONDICIONES TRANSITO MOMENTO,0,0,0,0,09:55:00
-72.1095311,-36.6081987,202,16,REGION ÑUBLE,16101,CHILLAN,OHIGGINS, ,779,"Av. OHiggins 779, Chillan, Chillán, Bío Bío, Chile",-36.6081987,-72.1095311,1,RANGE_INTERPOLATED,2020,1271298,2020/03/13 00:00:00+00,CHOQUE FRENTE/LADO,CHOQUE,URBANA,IMPRUDENCIA DEL CONDUCTOR,CONDUCCION NO ATENTO CONDICIONES TRANSITO MOMENTO,0,0,0,1,08:55:00
-72.0906841,-36.602212,203,16,REGION ÑUBLE,16101,CHILLAN,VICENTE MENDEZ,ECUADOR,0,"Av. Vicente Méndez & Av. Ecuador, Chillan, Chillán, Ñuble, Chile",-36.602212,-72.0906841,1,GEOMETRIC_CENTER,2020,1271299,2020/03/12 00:00:00+00,COLISION POR ALCANCE,COLISION,URBANA,IMPRUDENCIA DEL CONDUCTOR,CONDUCCION NO ATENTO CONDICIONES TRANSITO MOMENTO,0,0,0,0,10:45:00
-72.0993239,-36.6070279,204,16,REGION ÑUBLE,16101,CHILLAN,ISABEL RIQUELME,LIBERTAD,0,"Isabel Riquelme & Libertad, Chillan, Chillán, Ñuble, Chile",-36.6070279,-72.0993239,1,GEOMETRIC_CENTER,2020,1271300,2020/03/13 00:00:00+00,CHOQUE FRENTE/POSTERIOR,CHOQUE,URBANA,IMPRUDENCIA DEL CONDUCTOR,CONDUCCION NO ATENTO CONDICIONES TRANSITO MOMENTO,0,0,0,0,18:45:00
-72.1382617,-36.628886,205,16,REGION ÑUBLE,16103,CHILLAN VIEJO,LUIS ARANEDA,CALLE DEL ROSARIO,0,"Luis Araneda & Del Rosario, Chillan, Chillán Viejo, Ñuble, Chile",-36.628886,-72.1382617,1,GEOMETRIC_CENTER,2020,1271556,2020/03/05 00:00:00+00,COLISION LATERAL,COLISION,URBANA,IMPRUDENCIA DEL CONDUCTOR,CONDUCCION NO ATENTO CONDICIONES TRANSITO MOMENTO,0,0,0,0,18:00:00
-71.8307291,-36.6272732,206,16,REGION ÑUBLE,16302,COIHUECO,LUIS HERMOSILLA, ,1,"Luis Hermosilla, Coihueco, Ñuble, Chile",-36.6272732,-71.8307291,1,GEOMETRIC_CENTER,2020,1271558,2020/03/06 00:00:00+00,CHOQUE POSTERIOR/POSTERIOR,CHOQUE,URBANA,CAUSAS NO DETERMINADAS,CAUSAS NO DETERMINADAS,0,0,0,0,12:15:00
-72.014796,-37.1200536,207,16,REGION ÑUBLE,16109,YUNGAY,TARAPACA,ESMERALDA,0,"Esmeralda & Tarapacá, Yungay, Ñuble, Chile",-37.1200536,-72.014796,1,GEOMETRIC_CENTER,2020,1272155,2020/03/02 00:00:00+00,COLISION POR ALCANCE,COLISION,URBANA,IMPRUDENCIA DEL CONDUCTOR,CONDUCIR VEHICULO EN RETROCESO,0,0,0,0,20:30:00
-72.0313237,-36.8988021,208,16,REGION ÑUBLE,16104,EL CARMEN,JUVENAL HERNANDEZ JAQUE,ESMERALDA,0,"Esmeralda #88 El Carmen, Biobío, El Carmen, Ñuble, Chile",-36.8988021,-72.0313237,1,GEOMETRIC_CENTER,2020,1272156,2020/03/03 00:00:00+00,COLISION PERPENDICULAR,COLISION,URBANA,IMPRUDENCIA DEL CONDUCTOR,CONDUCCION NO ATENTO CONDICIONES TRANSITO MOMENTO,0,0,0,1,17:45:00
-72.08451,-36.5914399,209,16,REGION ÑUBLE,16101,CHILLAN,VICENTE MENDEZ,PAUL HARRIS,0,"Av. Paul Harris & Av. Vicente Méndez, Chillan, Chillán, Ñuble, Chile",-36.5914399,-72.08451,1,GEOMETRIC_CENTER,2020,1272623,2020/03/20 00:00:00+00,CHOQUE FRENTE/POSTERIOR,CHOQUE,URBANA,IMPRUDENCIA DEL CONDUCTOR,CONDUCCION NO ATENTO CONDICIONES TRANSITO MOMENTO,0,0,2,2,12:45:00
-72.4746865,-36.7464541,210,16,REGION ÑUBLE,16107,QUILLON,ARTURO PRAT,OHIGGINS,0,"Arturo Prat 410, Quillón, Bío Bío, Chile",-36.7464541,-72.4746865,1,ROOFTOP,2020,1272680,2020/03/13 00:00:00+00,COLISION,COLISION,URBANA,IMPRUDENCIA DEL CONDUCTOR,CONDUCCION NO ATENTO CONDICIONES TRANSITO MOMENTO,0,0,0,2,20:30:00
-72.0925058,-36.607291,211,16,REGION ÑUBLE,16101,CHILLAN,ARGENTINA,DIEGO PORTALES,0,"Diego Portales & Argentina, Chillan, Chillán, Ñuble, Chile",-36.607291,-72.0925058,1,GEOMETRIC_CENTER,2020,1273084,2020/03/24 00:00:00+00,COLISION PERPENDICULAR,COLISION,URBANA,DESOBEDIENCIA A SEÑALIZACION,SEÑALIZACION DESOBEDECER LUZ ROJA DE SEMAFORO,0,0,0,0,11:30:00
-72.0841281,-36.6239197,212,16,REGION ÑUBLE,16101,CHILLAN,TRANSPORTES LAMAR,VOLCAN OSORNO,0,"Volcán Osorno & Transportes Lamar, Chillan, Chillán, Ñuble, Chile",-36.6239197,-72.0841281,1,GEOMETRIC_CENTER,2020,1273085,2020/03/22 00:00:00+00,CHOQUE FRONTAL,CHOQUE,URBANA,PERDIDA CONTROL VEHICULO,PERDIDA CONTROL VEHICULO,0,0,0,0,00:15:00
-72.1037035,-36.6299637,213,16,REGION ÑUBLE,16103,CHILLAN VIEJO,CALLE NUEVA SUR,LOS ESPINOS,0,"Los Espinos & Nueva Sur, Chillan, Chillán Viejo, Ñuble, Chile",-36.6299637,-72.1037035,1,GEOMETRIC_CENTER,2020,1273374,2020/03/09 00:00:00+00,COLISION PERPENDICULAR,COLISION,URBANA,DESOBEDIENCIA A SEÑALIZACION,SEÑALIZACION DESOBEDECER SEÑAL PARE,0,0,1,1,21:15:00
-71.8328848,-36.6296544,214,16,REGION ÑUBLE,16302,COIHUECO,COMERCIO,BALMACEDA,0,"C. Balmaceda & C. Comercio, Coihueco, Ñuble, Chile",-36.6296544,-71.8328848,1,GEOMETRIC_CENTER,2020,1273375,2020/03/09 00:00:00+00,CHOQUE POSTERIOR/POSTERIOR,CHOQUE,URBANA,ALCOHOL EN CONDUCTOR,CONDUCCION EN ESTADO DE EBRIEDAD,0,0,0,0,14:15:00
-71.8328095,-36.6292994,215,16,REGION ÑUBLE,16302,COIHUECO,BALMACEDA, ,1588,"C. Balmaceda 1588, Coihueco, Bío Bío, Chile",-36.6292994,-71.8328095,1,RANGE_INTERPOLATED,2020,1273376,2020/03/12 00:00:00+00,CHOQUE POSTERIOR/FRENTE,CHOQUE,URBANA,IMPRUDENCIA DEL CONDUCTOR,CONDUCCION NO ATENTO CONDICIONES TRANSITO MOMENTO,0,0,0,0,14:00:00
-72.1414,-36.6230998,216,16,REGION ÑUBLE,16103,CHILLAN VIEJO,OHIGGINS, ,3301,"Av. OHiggins 3301, Chillan, Chillán Viejo, Bío Bío, Chile",-36.6230998,-72.1414,1,ROOFTOP,2020,1273380,2020/03/12 00:00:00+00,COLISION LATERAL,COLISION,URBANA,IMPRUDENCIA DEL CONDUCTOR,CONDUCCION NO ATENTO CONDICIONES TRANSITO MOMENTO,0,0,0,1,14:30:00
-72.0869885,-36.6163413,217,16,REGION ÑUBLE,16101,CHILLAN,INGLATERRA,OBRIEN,0,"Inglaterra & Obrien, Chillan, Chillán, Ñuble, Chile",-36.6163413,-72.0869885,1,GEOMETRIC_CENTER,2020,1273451,2020/03/27 00:00:00+00,COLISION PERPENDICULAR,COLISION,URBANA,IMPRUDENCIA DEL CONDUCTOR,CONDUCCION NO ATENTO CONDICIONES TRANSITO MOMENTO,0,0,0,0,19:00:00
-72.0196527,-37.1207422,218,16,REGION ÑUBLE,16109,YUNGAY,TACNA, ,188,"Tacna 188, Yungay, Bío Bío, Chile",-37.1207422,-72.0196527,1,RANGE_INTERPOLATED,2020,1273965,2020/03/20 00:00:00+00,COLISION POR ALCANCE,COLISION,URBANA,ALCOHOL EN CONDUCTOR,CONDUCCION EN ESTADO DE EBRIEDAD,0,1,0,0,23:25:00
-72.2941837,-36.7465618,219,16,REGION ÑUBLE,16102,BULNES,ARTURO PRAT, ,10,"Arturo Prat 10, Bulnes, Bío Bío, Chile",-36.7465618,-72.2941837,1,RANGE_INTERPOLATED,2020,1274277,2020/03/24 00:00:00+00,COLISION,COLISION,URBANA,IMPRUDENCIA DEL CONDUCTOR,CONDUCCION NO ATENTO CONDICIONES TRANSITO MOMENTO,0,0,0,1,12:35:00
-71.9579434,-36.4223282,220,16,REGION ÑUBLE,16301,SAN CARLOS,MAIPU, ,857,"Maipú 857, San Carlos, Región del Bío Bío, Chile",-36.4223282,-71.9579434,1,ROOFTOP,2020,1274290,2020/03/19 00:00:00+00,COLISION POR ALCANCE,COLISION,URBANA,IMPRUDENCIA DEL CONDUCTOR,CONDUCCION NO ATENTO CONDICIONES TRANSITO MOMENTO,0,0,0,1,12:20:00
-72.0626077,-36.2362668,221,16,REGION ÑUBLE,16303,ÑIQUEN,EL CANELO,LAS GOLONDRINAS,0,"Niquen, Ñiquén, Ñuble, Chile",-36.2362668,-72.0626077,1,APPROXIMATE,2020,1274321,2020/03/24 00:00:00+00,COLISION FRONTAL,COLISION,URBANA,PERDIDA CONTROL VEHICULO,PERDIDA CONTROL VEHICULO,0,0,0,1,19:00:00
-72.130297,-36.6262365,222,16,REGION ÑUBLE,16103,CHILLAN VIEJO,ANTONIO VARAS,MARIANO EGAÑA,0,"Antonio Varas & Mariano Egaña, Chillan, Chillán Viejo, Ñuble, Chile",-36.6262365,-72.130297,1,GEOMETRIC_CENTER,2020,1274371,2020/03/18 00:00:00+00,COLISION LATERAL,COLISION,URBANA,DESOBEDIENCIA A SEÑALIZACION,SEÑALIZACION DESOBEDECER SEÑAL PARE,0,0,0,0,01:00:00
-72.09165,-36.6043548,223,16,REGION ÑUBLE,16101,CHILLAN,ARGENTINA, ,170,"Argentina 170, Chillan, Chillán, Región del Bío Bío, Chile",-36.6043548,-72.09165,1,ROOFTOP,2020,1275331,2020/04/07 00:00:00+00,COLISION PERPENDICULAR,COLISION,URBANA,IMPRUDENCIA DEL CONDUCTOR,CONDUCCION NO ATENTO CONDICIONES TRANSITO MOMENTO,0,0,0,0,10:00:00
-72.1352067,-36.6070387,224,16,REGION ÑUBLE,16101,CHILLAN,ZAÑARTU,BILBAO,0,"Zañartu & Bilbao, Chillan, Chillán, Ñuble, Chile",-36.6070387,-72.1352067,1,GEOMETRIC_CENTER,2020,1275332,2020/04/03 00:00:00+00,ATROPELLO,ATROPELLO,URBANA,IMPRUDENCIA DEL CONDUCTOR,CONDUCCION NO ATENTO CONDICIONES TRANSITO MOMENTO,0,0,0,1,06:00:00
-72.0963503,-36.6170445,225,16,REGION ÑUBLE,16101,CHILLAN,COLLIN,ARGENTINA,0,"Argentina & Avenida Collin, Chillan, Chillán, Ñuble, Chile",-36.6170445,-72.0963503,1,GEOMETRIC_CENTER,2020,1275333,2020/03/30 00:00:00+00,COLISION LATERAL,COLISION,URBANA,IMPRUDENCIA DEL CONDUCTOR,CONDUCCION NO ATENTO CONDICIONES TRANSITO MOMENTO,0,0,0,0,13:30:00
-72.1042236,-36.611196,226,16,REGION ÑUBLE,16101,CHILLAN,ARTURO PRAT,ARAUCO,0,"Arauco & Arturo Prat, Chillan, Chillán, Ñuble, Chile",-36.611196,-72.1042236,1,GEOMETRIC_CENTER,2020,1275628,2020/04/08 00:00:00+00,CHOQUE POSTERIOR/FRENTE,CHOQUE,URBANA,IMPRUDENCIA DEL CONDUCTOR,CONDUCCION NO ATENTO CONDICIONES TRANSITO MOMENTO,0,0,0,0,14:40:00
-72.0844507,-36.6149388,227,16,REGION ÑUBLE,16101,CHILLAN,PASAJE DIECIOCHO, ,138,"Pje. Dieciocho 138, Chillan, Chillán, Bío Bío, Chile",-36.6149388,-72.0844507,1,RANGE_INTERPOLATED,2020,1275634,2020/04/10 00:00:00+00,CHOQUE FRENTE/POSTERIOR,CHOQUE,URBANA,DESOBEDIENCIA A SEÑALIZACION,SEÑALIZACION DESOBEDECER SEÑAL PARE,0,0,0,0,13:20:00
-72.4703094,-36.7469854,228,16,REGION ÑUBLE,16107,QUILLON,CARRERA,DIEGO PORTALES,0,"Diego Portales, Quillón, Ñuble, Chile",-36.7469854,-72.4703094,1,GEOMETRIC_CENTER,2020,1276311,2020/04/07 00:00:00+00,COLISION,COLISION,URBANA,IMPRUDENCIA DEL CONDUCTOR,CONDUCCION NO ATENTO CONDICIONES TRANSITO MOMENTO,0,0,0,0,13:30:00
-72.0208233,-36.8984536,229,16,REGION ÑUBLE,16104,EL CARMEN,ESMERALDA,INDEPENDENCIA,0,"Esmeralda & Independencia, El Carmen, Ñuble, Chile",-36.8984536,-72.0208233,1,GEOMETRIC_CENTER,2020,1276659,2020/04/14 00:00:00+00,COLISION PERPENDICULAR,COLISION,URBANA,DESOBEDIENCIA A SEÑALIZACION,SEÑALIZACION DESOBEDECER SEÑAL CEDA EL PASO,0,0,0,3,11:25:00
-72.0705376,-36.6236248,230,16,REGION ÑUBLE,16101,CHILLAN,CIRCUNVALACION, ,631,"Av. Circunvalacion 631, Chillan, Chillán, Bío Bío, Chile",-36.6236248,-72.0705376,1,ROOFTOP,2020,1276702,2020/04/16 00:00:00+00,COLISION LATERAL,COLISION,URBANA,IMPRUDENCIA DEL CONDUCTOR,CONDUCCION NO ATENTO CONDICIONES TRANSITO MOMENTO,0,0,0,0,10:30:00
-71.9592134,-36.4251649,231,16,REGION ÑUBLE,16301,SAN CARLOS,BALMACEDA, ,549,"José Manuel Balmaceda Fernández 394, San Carlos, Bío Bío, Chile",-36.4251649,-71.9592134,1,ROOFTOP,2020,1277219,2020/04/20 00:00:00+00,CHOQUE FRENTE/LADO,CHOQUE,URBANA,IMPRUDENCIA DEL CONDUCTOR,CONDUCCION NO ATENTO CONDICIONES TRANSITO MOMENTO,0,0,0,0,07:45:00
-72.1211894,-36.6146617,232,16,REGION ÑUBLE,16101,CHILLAN,SANTA BLANCA,CABILDO,0,"Cabildo & Santa Blanca, Chillan, Chillán, Ñuble, Chile",-36.6146617,-72.1211894,1,GEOMETRIC_CENTER,2020,1277331,2020/04/21 00:00:00+00,COLISION PERPENDICULAR,COLISION,URBANA,DESOBEDIENCIA A SEÑALIZACION,SEÑALIZACION DESOBEDECER SEÑAL PARE,0,0,0,2,11:45:00
-72.0915653,-36.6048417,233,16,REGION ÑUBLE,16101,CHILLAN,ARGENTINA,GAMERO,0,"Gamero & Argentina, Chillan, Chillán, Ñuble, Chile",-36.6048417,-72.0915653,1,GEOMETRIC_CENTER,2020,1277332,2020/04/21 00:00:00+00,CHOQUE POSTERIOR/FRENTE,CHOQUE,URBANA,IMPRUDENCIA DEL CONDUCTOR,CONDUCCION NO ATENTO CONDICIONES TRANSITO MOMENTO,0,0,0,0,12:26:00
-72.075433,-36.6177197,234,16,REGION ÑUBLE,16101,CHILLAN,CERRO ROBLE,TORRES DEL PAINE,0,"Calle Cerro Torres del Paine & Cerro Roble, Chillan, Chillán, Ñuble, Chile",-36.6177197,-72.075433,1,GEOMETRIC_CENTER,2020,1277851,2020/04/26 00:00:00+00,COLISION PERPENDICULAR,COLISION,URBANA,DESOBEDIENCIA A SEÑALIZACION,SEÑALIZACION DESOBEDECER SEÑAL PARE,1,0,0,0,04:40:00