X,Y,FID,COD_REG,REGION,CUT,COMUNA,CALLE_UNO,CALLE_DOS,NUMERO,DIR_GEOCOD,LAT,LNG,VAL_COM,TIPO,Año,Idaccident,Fecha,Tipo_Accid,Tipo__CONA,Zona,Causa__CON,Causa,Fallecidos,Graves,Menos_Grav,Leves,Hora
-72.0831945,-36.6162877,235,16,REGION ÑUBLE,16101,CHILLAN,SAN JUAN,CORDILLERA,0,"sin numero - San Nicolás, Chillan, Chillán, Región del Bío Bío, Chile",-36.6162877,-72.0831945,1,GEOMETRIC_CENTER,2020,1277856,2020/04/24 00:00:00+00,VOLCADURA,VOLCADURA,URBANA,ALCOHOL EN CONDUCTOR,CONDUCCION EN ESTADO DE EBRIEDAD,0,0,0,2,00:10:00
-72.0929743,-36.6085699,236,16,REGION ÑUBLE,16101,CHILLAN,ARGENTINA,FRANCISCO RAMIREZ,0,"Argentina & Francisco Ramírez, Chillan, Chillán, Ñuble, Chile",-36.6085699,-72.0929743,1,GEOMETRIC_CENTER,2020,1278358,2020/04/28 00:00:00+00,ATROPELLO,ATROPELLO,URBANA,IMPRUDENCIA DEL CONDUCTOR,NO RESPETAR DERECHO PREFERENTE DE PASO A PEATON,0,0,0,1,08:25:00
-72.0303453,-36.8973464,237,16,REGION ÑUBLE,16104,EL CARMEN,GRAL BAQUEDANO, ,0,"El Carmen, Ñuble, Chile",-36.8973464,-72.0303453,1,APPROXIMATE,2020,1282003,2020/05/21 00:00:00+00,COLISION FRONTAL,COLISION,URBANA,IMPRUDENCIA DEL CONDUCTOR,CONDUCCION NO ATENTO CONDICIONES TRANSITO MOMENTO,0,0,0,1,19:50:00
-72.0958272,-36.6154164,238,16,REGION ÑUBLE,16101,CHILLAN,ARGENTINA, ,1070,"Argentina 1070, Chillan, Chillán, Región del Bío Bío, Chile",-36.6154164,-72.0958272,1,ROOFTOP,2020,1278489,2020/04/27 00:00:00+00,COLISION LATERAL,COLISION,URBANA,IMPRUDENCIA DEL CONDUCTOR,CONDUCCION NO ATENTO CONDICIONES TRANSITO MOMENTO,0,0,0,1,16:45:00
-72.0164432,-37.1199619,239,16,REGION ÑUBLE,16109,YUNGAY,ESMERALDA,HUAMACHUCO,0,"Esmeralda & Huamachuco, Yungay, Ñuble, Chile",-37.1199619,-72.0164432,1,GEOMETRIC_CENTER,2020,1278537,2020/04/29 00:00:00+00,COLISION POR ALCANCE,COLISION,URBANA,IMPRUDENCIA DEL CONDUCTOR,CONDUCCION NO ATENTO CONDICIONES TRANSITO MOMENTO,0,0,0,1,16:30:00
-72.0732225,-36.6233654,240,16,REGION ÑUBLE,16101,CHILLAN,ESMERALDA,VALLE AZUL,0,"Esmeralda & Valle del sur, Chillán, Ñuble, Chile",-36.6233654,-72.0732225,1,GEOMETRIC_CENTER,2020,1278725,2020/04/26 00:00:00+00,CHOQUE FRONTAL,CHOQUE,URBANA,ALCOHOL EN CONDUCTOR,CONDUCCION EN ESTADO DE EBRIEDAD,0,0,0,0,23:50:00
-72.7036084,-36.4890584,241,16,REGION ÑUBLE,16203,COELEMU,GABRIELA MISTRAL, ,150,"Coelemu, Ñuble, Chile",-36.4890584,-72.7036084,1,APPROXIMATE,2020,1277297,2020/04/05 00:00:00+00,CHOQUE,CHOQUE,URBANA,ALCOHOL EN CONDUCTOR,CONDUCCION EN ESTADO DE EBRIEDAD,0,0,0,0,19:00:00
-72.0887632,-36.5991217,242,16,REGION ÑUBLE,16101,CHILLAN,DIEGO DE ALMAGRO,VICENTE MENDEZ,0,"Avenida Vicente Méndez & Diego de Almagro, Chillan, Chillán, Ñuble, Chile",-36.5991217,-72.0887632,1,GEOMETRIC_CENTER,2020,1278771,2020/04/27 00:00:00+00,CHOQUE FRONTAL,CHOQUE,URBANA,IMPRUDENCIA DEL CONDUCTOR,CONDUCCION NO ATENTO CONDICIONES TRANSITO MOMENTO,0,0,0,0,08:45:00
-72.7031347,-36.4833562,243,16,REGION ÑUBLE,16203,COELEMU,DELANO, ,220,"Délano 220, Coelemu, Bío Bío, Chile",-36.4833562,-72.7031347,1,RANGE_INTERPOLATED,2020,1278794,2020/04/28 00:00:00+00,CHOQUE LATERAL,CHOQUE,URBANA,IMPRUDENCIA DEL CONDUCTOR,CONDUCCION NO ATENTO CONDICIONES TRANSITO MOMENTO,0,0,0,0,10:30:00
-72.1422695,-36.7915478,244,16,REGION ÑUBLE,16108,SAN IGNACIO,CRUCE COLTON, ,1,"Cruce N-59-Q (Crucero Coltón) - San Luis - Cruce N-601 (Coltón), San Ignacio, Provincia de Diguillín, Región de Ñuble, Chile",-36.7915478,-72.1422695,1,way-highway-tertiary,2020,1256857,2020/01/01 00:00:00+00,COLISION,COLISION,URBANA,IMPRUDENCIA DEL CONDUCTOR,CONDUCCION SIN MANTENER DISTANCIA RAZONABLE NI PRUDENTE,0,0,0,2,20:30:00
-72.0365124,-36.8005919,245,16,REGION ÑUBLE,16108,SAN IGNACIO,PACIFICO,CLAUDIO CARRASCO,0,"San Ignacio, Ñuble, Chile",-36.8005919,-72.0365124,1,APPROXIMATE,2020,1265299,2020/02/17 00:00:00+00,CHOQUE POSTERIOR/FRENTE,CHOQUE,URBANA,CAUSAS NO DETERMINADAS,CAUSAS NO DETERMINADAS,0,0,0,0,14:00:00
-72.098991,-36.5795179,246,16,REGION ÑUBLE,16101,CHILLAN,PANAMERICANA NORTE, ,2661,"Chillan, Chillán, Región del Bío Bío, Chile",-36.5795179,-72.098991,1,GEOMETRIC_CENTER,2020,1271820,2020/03/17 00:00:00+00,COLISION PERPENDICULAR,COLISION,URBANA,IMPRUDENCIA DEL CONDUCTOR,CONDUCCION NO ATENTO CONDICIONES TRANSITO MOMENTO,0,1,0,0,03:20:00
-71.8940937,-36.7,247,16,REGION ÑUBLE,16106,PINTO,SECTOR EL PATAGUAL, ,7,"Pinto, Ñuble, Chile",-36.7,-71.8940937,1,APPROXIMATE,2020,1279355,2020/04/21 00:00:00+00,COLISION FRONTAL,COLISION,RURAL,PERDIDA CONTROL VEHICULO,PERDIDA CONTROL VEHICULO,0,0,0,0,22:50:00
-72.0365124,-36.8005919,248,16,REGION ÑUBLE,16108,SAN IGNACIO,VISTABELLA, ,1,"San Ignacio, Ñuble, Chile",-36.8005919,-72.0365124,1,APPROXIMATE,2020,1281392,2020/05/16 00:00:00+00,VOLCADURA,VOLCADURA,URBANA,CAUSAS NO DETERMINADAS,CAUSAS NO DETERMINADAS,0,2,0,2,09:30:00
-72.108597,-36.6295228,249,16,REGION ÑUBLE,16103,CHILLAN VIEJO,LOS CORREGIDORES, ,407,"Los Corregidores, Don Ambrosio, Chillán Viejo, Provincia de Diguillín, Región de Ñuble, 3820000, Chile",-36.6295228,-72.108597,1,way-highway-residential,2020,1292609,2020/07/09 00:00:00+00,CHOQUE LADO/FRENTE,CHOQUE,URBANA,CAUSAS NO DETERMINADAS,CAUSAS NO DETERMINADAS,0,0,0,0,17:20:00
-72.5441694,-36.2816148,250,16,REGION ÑUBLE,16201,QUIRIHUE,ARTURO PRAT, ,649,"Ruta 126 649, Quirihue, Región del Ñuble - Ruta los Conquistadores 649, Quirihue, Región del Bío Bío, Chile",-36.2816148,-72.5441694,1,ROOFTOP,2020,1296843,2020/08/25 00:00:00+00,COLISION LATERAL,COLISION,URBANA,CAUSAS NO DETERMINADAS,CAUSAS NO DETERMINADAS,0,0,0,0,16:15:00
-72.2863282,-36.7488489,251,16,REGION ÑUBLE,16102,BULNES,SARGENTO ALDEA, ,435,"Sargento Aldea, Las Camellias, Bulnes Chico, Bulnes, Provincia de Diguillín, Región de Ñuble, 3930000, Chile",-36.7488489,-72.2863282,1,way-highway-secondary,2020,1297100,2020/08/24 00:00:00+00,COLISION,COLISION,URBANA,IMPRUDENCIA DEL CONDUCTOR,CONDUCCION NO ATENTO CONDICIONES TRANSITO MOMENTO,0,0,0,0,12:30:00
-72.5424762,-36.2788138,252,16,REGION ÑUBLE,16201,QUIRIHUE,ARTURO PRAT, ,299,"Quirihue, Ñuble, Chile",-36.2788138,-72.5424762,1,APPROXIMATE,2020,1305621,2020/10/16 00:00:00+00,COLISION,COLISION,URBANA,IMPRUDENCIA DEL CONDUCTOR,CONDUCCION SIN MANTENER DISTANCIA RAZONABLE NI PRUDENTE,0,0,0,0,15:15:00
-72.5422791,-36.2793482,253,16,REGION ÑUBLE,16201,QUIRIHUE,PRAT, ,850,"Av. Prat Nº 850, Quirihue, Región del Bío Bío, Chile",-36.2793482,-72.5422791,1,ROOFTOP,2020,1307844,2020/10/27 00:00:00+00,ATROPELLO,ATROPELLO,URBANA,IMPRUDENCIA DEL PEATON,PEATON CRUZA CALZADA FUERA PASO PEATONES,0,0,1,0,20:30:00
-71.8940937,-36.7,254,16,REGION ÑUBLE,16106,PINTO,VICUÑA MACKENNA,ARTURO PRAT,0,"Pinto, Ñuble, Chile",-36.7,-71.8940937,1,APPROXIMATE,2020,1309184,2020/10/15 00:00:00+00,COLISION PERPENDICULAR,COLISION,URBANA,DESOBEDIENCIA A SEÑALIZACION,SEÑALIZACION DESOBEDECER SEÑAL PARE,0,0,0,1,14:15:00
-72.0255904,-36.895991,255,16,REGION ÑUBLE,16104,EL CARMEN,ANDRES BELLO,MANUEL RODRIGUEZ,0,"Manuel Rodríguez & Andrés Bello, El Carmen, Ñuble, Chile",-36.895991,-72.0255904,1,GEOMETRIC_CENTER,2020,1314055,2020/11/22 00:00:00+00,COLISION PERPENDICULAR,COLISION,URBANA,DESOBEDIENCIA A SEÑALIZACION,SEÑALIZACION DESOBEDECER SEÑAL PARE,0,0,0,2,17:30:00
-71.8940937,-36.7,256,16,REGION ÑUBLE,16106,PINTO,ARTURO PRAT,LOS HEROES,0,"Pinto, Ñuble, Chile",-36.7,-71.8940937,1,APPROXIMATE,2020,1315229,2020/11/15 00:00:00+00,CHOQUE LATERAL,CHOQUE,URBANA,PERDIDA CONTROL VEHICULO,PERDIDA CONTROL VEHICULO,0,0,0,0,15:15:00
-71.9529574,-36.4290107,257,16,REGION ÑUBLE,16301,SAN CARLOS,SARGENTO ALDEA,BILBAO,0,"Francisco Bilbao 830-874, San Carlos, Bío Bío, Chile",-36.4290107,-71.9529574,1,ROOFTOP,2020,1315326,2020/11/21 00:00:00+00,COLISION FRONTAL,COLISION,URBANA,DESOBEDIENCIA A SEÑALIZACION,SEÑALIZACION DESOBEDECER SEÑAL CEDA EL PASO,0,2,0,4,06:30:00
-72.1023351,-36.6062618,258,16,REGION ÑUBLE,16101,CHILLAN,CERRO MANILLA, ,156,"Chillán, Ñuble, Chile",-36.6062618,-72.1023351,1,APPROXIMATE,2020,1261507,2020/02/01 00:00:00+00,CHOQUE FRONTAL,CHOQUE,URBANA,ALCOHOL EN CONDUCTOR,CONDUCCION EN ESTADO DE EBRIEDAD,0,0,0,0,07:30:00
-72.0866787,-36.6222672,259,16,REGION ÑUBLE,16101,CHILLAN,LOS PUELCHES,VOLCAN ANTUCO,0,"Volcán Antuco & Los Puelches, Chillan, Chillán, Ñuble, Chile",-36.6222672,-72.0866787,1,GEOMETRIC_CENTER,2020,1261511,2020/02/03 00:00:00+00,COLISION POR ALCANCE,COLISION,URBANA,IMPRUDENCIA DEL CONDUCTOR,CONDUCCION NO ATENTO CONDICIONES TRANSITO MOMENTO,0,0,0,1,10:40:00
-72.1085754,-36.6047605,260,16,REGION ÑUBLE,16101,CHILLAN,OHIGGINS,LIBERTAD,0,"Avenida OHiggins & Libertad, Chillan, Chillán, Ñuble, Chile",-36.6047605,-72.1085754,1,GEOMETRIC_CENTER,2020,1261514,2020/02/03 00:00:00+00,COLISION POR ALCANCE,COLISION,URBANA,IMPRUDENCIA DEL CONDUCTOR,CONDUCCION NO ATENTO CONDICIONES TRANSITO MOMENTO,0,0,0,0,04:15:00
-72.0728887,-36.6071174,261,16,REGION ÑUBLE,16101,CHILLAN,SAN BERNARDO,COBQUECURA,0,"San Bernardo & Calle Cobquecura, Chillan, Chillán, Ñuble, Chile",-36.6071174,-72.0728887,1,GEOMETRIC_CENTER,2020,1261872,2020/02/01 00:00:00+00,COLISION POR ALCANCE,COLISION,URBANA,IMPRUDENCIA DEL CONDUCTOR,CONDUCCION SIN MANTENER DISTANCIA RAZONABLE NI PRUDENTE,0,0,0,0,22:30:00
-72.1042087,-36.6155053,262,16,REGION ÑUBLE,16101,CHILLAN,COLLIN, ,698,"Av. Collin 698, Chillan, Chillán, Bío Bío, Chile",-36.6155053,-72.1042087,1,ROOFTOP,2020,1262380,2020/02/06 00:00:00+00,ATROPELLO,ATROPELLO,URBANA,IMPRUDENCIA DEL PEATON,PEATON PERMANECE SOBRE LA CALZADA,0,0,0,1,14:30:00
-71.9636063,-36.4331476,263,16,REGION ÑUBLE,16301,SAN CARLOS,CARRERA,JOAQUIN DEL PINO,0,"Av. Arturo Prat Chacón #279, Biobío, San Carlos, Ñuble, Chile",-36.4331476,-71.9636063,1,ROOFTOP,2020,1262287,2020/02/01 00:00:00+00,COLISION LATERAL,COLISION,URBANA,DESOBEDIENCIA A SEÑALIZACION,SEÑALIZACION DESOBEDECER SEÑAL PARE,0,0,0,2,11:30:00
-72.1023351,-36.6062618,264,16,REGION ÑUBLE,16101,CHILLAN,COMODORO ARTURO MERINO BENITEZ, ,4,"Chillán, Ñuble, Chile",-36.6062618,-72.1023351,1,APPROXIMATE,2020,1262383,2020/02/06 00:00:00+00,CHOQUE FRONTAL,CHOQUE,URBANA,IMPRUDENCIA DEL CONDUCTOR,CARGA ESCURRE A LA CALZADA,0,0,0,0,12:00:00
-72.0988311,-36.6057252,265,16,REGION ÑUBLE,16101,CHILLAN,ISABEL RIQUELME,BULNES,0,"Isabel Riquelme & Bulnes, Chillan, Chillán, Ñuble, Chile",-36.6057252,-72.0988311,1,GEOMETRIC_CENTER,2020,1263168,2020/02/10 00:00:00+00,CHOQUE FRENTE/POSTERIOR,CHOQUE,URBANA,IMPRUDENCIA DEL CONDUCTOR,CONDUCCION NO ATENTO CONDICIONES TRANSITO MOMENTO,0,0,0,0,19:35:00
-72.1052608,-36.6095381,266,16,REGION ÑUBLE,16101,CHILLAN,MAIPON,18 DE SEPTIEMBRE,0,"Maipón & Dieciocho de Septiembre, Chillan, Chillán, Ñuble, Chile",-36.6095381,-72.1052608,1,GEOMETRIC_CENTER,2020,1263182,2020/02/07 00:00:00+00,ATROPELLO,ATROPELLO,URBANA,IMPRUDENCIA DEL CONDUCTOR,NO RESPETAR DERECHO PREFERENTE DE PASO A PEATON,0,0,0,1,16:35:00
-72.1005343,-36.614731,267,16,REGION ÑUBLE,16101,CHILLAN,PUREN,SGTO ALDEA,0,"Sargento Aldea & Purén, Chillan, Chillán, Ñuble, Chile",-36.614731,-72.1005343,1,GEOMETRIC_CENTER,2020,1263185,2020/02/07 00:00:00+00,COLISION PERPENDICULAR,COLISION,URBANA,DESOBEDIENCIA A SEÑALIZACION,SEÑALIZACION DESOBEDECER SEÑAL PARE,0,0,0,0,16:30:00
-72.12441,-36.6063794,268,16,REGION ÑUBLE,16101,CHILLAN,TARAPACA,ANTARTICA CHILENA,0,"Antártica Chilena & Tarapacá, Chillan, Chillán, Ñuble, Chile",-36.6063794,-72.12441,1,GEOMETRIC_CENTER,2020,1263188,2020/02/07 00:00:00+00,COLISION PERPENDICULAR,COLISION,URBANA,DESOBEDIENCIA A SEÑALIZACION,SEÑALIZACION DESOBEDECER SEÑAL CEDA EL PASO,0,0,0,0,19:50:00
-72.115044,-36.6232323,269,16,REGION ÑUBLE,16101,CHILLAN,ALONSO DE ERCILLA, ,450,"Alonso de Ercilla 450, Chillan, Chillán, Bío Bío, Chile",-36.6232323,-72.115044,1,RANGE_INTERPOLATED,2020,1263197,2020/02/09 00:00:00+00,CHOQUE FRONTAL,CHOQUE,URBANA,DESOBEDIENCIA A SEÑALIZACION,SEÑALIZACION DESOBEDECER SEÑAL CEDA EL PASO,0,0,0,0,14:00:00
-72.115044,-36.6232323,270,16,REGION ÑUBLE,16101,CHILLAN,ALONSO DE ERCILLA, ,450,"Alonso de Ercilla 450, Chillan, Chillán, Bío Bío, Chile",-36.6232323,-72.115044,1,RANGE_INTERPOLATED,2020,1263200,2020/02/09 00:00:00+00,CHOQUE POSTERIOR/FRENTE,CHOQUE,URBANA,IMPRUDENCIA DEL CONDUCTOR,CONDUCCION NO ATENTO CONDICIONES TRANSITO MOMENTO,0,0,0,0,15:00:00
-72.087502,-36.6250891,271,16,REGION ÑUBLE,16101,CHILLAN,ALONSO DE ERCILLA,LOS PUELCHES,0,"Los Puelches & Alonso de Ercilla, Chillan, Chillán, Ñuble, Chile",-36.6250891,-72.087502,1,GEOMETRIC_CENTER,2020,1263203,2020/02/10 00:00:00+00,CHOQUE FRENTE/POSTERIOR,CHOQUE,URBANA,IMPRUDENCIA DEL CONDUCTOR,CONDUCCION NO ATENTO CONDICIONES TRANSITO MOMENTO,0,0,0,0,17:10:00
-72.1117293,-36.6135757,272,16,REGION ÑUBLE,16101,CHILLAN,OHIGGINS,COLLIN,0,"Av. OHiggins & Av. Collin, Chillan, Chillán, Ñuble, Chile",-36.6135757,-72.1117293,1,GEOMETRIC_CENTER,2020,1263205,2020/02/10 00:00:00+00,COLISION PERPENDICULAR,COLISION,URBANA,DESOBEDIENCIA A SEÑALIZACION,SEÑALIZACION DESOBEDECER SEÑAL CEDA EL PASO,0,0,0,0,17:30:00
-71.963749,-36.4324457,273,16,REGION ÑUBLE,16301,SAN CARLOS,FREIRE,ARTURO PRAT,0,"Sector Alameda San Carlos Ñuble - Av. Arturo Prat Chacón 273, San Carlos, Bío Bío, Chile",-36.4324457,-71.963749,1,ROOFTOP,2020,1264232,2020/02/07 00:00:00+00,COLISION LATERAL,COLISION,RURAL,IMPRUDENCIA DEL CONDUCTOR,CONDUCCION NO ATENTO CONDICIONES TRANSITO MOMENTO,0,0,0,1,13:40:00
-72.0923919,-36.5911183,274,16,REGION ÑUBLE,16101,CHILLAN,PEDRO DE VALDIVIA,LA ESPIGA,0,"La Espiga & Pedro de Valdivia, Chillan, Chillán, Ñuble, Chile",-36.5911183,-72.0923919,1,GEOMETRIC_CENTER,2020,1263524,2020/02/11 00:00:00+00,CHOQUE FRONTAL,CHOQUE,URBANA,IMPRUDENCIA DEL CONDUCTOR,CONDUCCION NO ATENTO CONDICIONES TRANSITO MOMENTO,0,0,0,0,19:40:00
-72.0835917,-36.6167437,275,16,REGION ÑUBLE,16101,CHILLAN,RELONCAVI,PALENA,0,"Palena & Reloncaví, Chillan, Chillán, Ñuble, Chile",-36.6167437,-72.0835917,1,GEOMETRIC_CENTER,2020,1264095,2020/02/12 00:00:00+00,VOLCADURA,VOLCADURA,URBANA,PERDIDA CONTROL VEHICULO,PERDIDA CONTROL VEHICULO,0,0,0,1,18:40:00
-72.0954609,-36.6145723,276,16,REGION ÑUBLE,16101,CHILLAN,ARGENTINA,COCHARCA,0,"Cocharcas & Argentina, Chillan, Chillán, Ñuble, Chile",-36.6145723,-72.0954609,1,GEOMETRIC_CENTER,2020,1264100,2020/02/14 00:00:00+00,COLISION LATERAL,COLISION,URBANA,IMPRUDENCIA DEL CONDUCTOR,CONDUCCION NO ATENTO CONDICIONES TRANSITO MOMENTO,0,1,0,0,16:50:00
-72.1022134,-36.6103388,277,16,REGION ÑUBLE,16101,CHILLAN,MAIPON,5 DE ABRIL,0,"Maipón & 5 de Abril, Chillan, Chillán, Ñuble, Chile",-36.6103388,-72.1022134,1,GEOMETRIC_CENTER,2020,1264323,2020/02/14 00:00:00+00,COLISION LATERAL,COLISION,URBANA,IMPRUDENCIA DEL CONDUCTOR,CONDUCCION NO ATENTO CONDICIONES TRANSITO MOMENTO,0,0,0,0,17:17:00
-72.1061151,-36.5984238,278,16,REGION ÑUBLE,16101,CHILLAN,ECUADOR,OHIGGINS,0,"Av. OHiggins & Av. Ecuador, Chillan, Chillán, Ñuble, Chile",-36.5984238,-72.1061151,1,GEOMETRIC_CENTER,2020,1264325,2020/02/15 00:00:00+00,COLISION LATERAL,COLISION,URBANA,ALCOHOL EN CONDUCTOR,CONDUCCION BAJO LA INFLUENCIA DEL ALCOHOL,0,0,0,3,03:25:00
-72.1037649,-36.6099804,279,16,REGION ÑUBLE,16101,CHILLAN,MAIPON,ARAUCO,0,"Maipón & Arauco, Chillan, Chillán, Ñuble, Chile",-36.6099804,-72.1037649,1,GEOMETRIC_CENTER,2020,1264329,2020/02/15 00:00:00+00,COLISION LATERAL,COLISION,URBANA,IMPRUDENCIA DEL CONDUCTOR,CONDUCCION NO ATENTO CONDICIONES TRANSITO MOMENTO,0,0,0,0,15:00:00
-72.1116308,-36.6140624,280,16,REGION ÑUBLE,16101,CHILLAN,OHIGGINS, ,1201,"Av. OHiggins 1201, Chillan, Chillán, Región del Bío Bío, Chile",-36.6140624,-72.1116308,1,ROOFTOP,2020,1264331,2020/02/16 00:00:00+00,COLISION POR ALCANCE,COLISION,URBANA,IMPRUDENCIA DEL CONDUCTOR,CONDUCCION NO ATENTO CONDICIONES TRANSITO MOMENTO,0,0,0,0,13:10:00
-72.1117293,-36.6135757,281,16,REGION ÑUBLE,16101,CHILLAN,COLLIN,OHIGGINS,0,"Av. OHiggins & Av. Collin, Chillan, Chillán, Ñuble, Chile",-36.6135757,-72.1117293,1,GEOMETRIC_CENTER,2020,1264529,2020/02/16 00:00:00+00,COLISION LATERAL,COLISION,URBANA,ALCOHOL EN CONDUCTOR,CONDUCCION EN ESTADO DE EBRIEDAD,0,0,0,0,21:40:00
-72.0962457,-36.617307,282,16,REGION ÑUBLE,16101,CHILLAN,COLLIN,CRISTOBAL COLON,0,"Cristóbal Colón & Avenida Collin, Chillan, Chillán, Ñuble, Chile",-36.617307,-72.0962457,1,GEOMETRIC_CENTER,2020,1264535,2020/02/14 00:00:00+00,COLISION LATERAL,COLISION,URBANA,CAUSAS NO DETERMINADAS,CAUSAS NO DETERMINADAS,0,0,0,0,08:30:00
-72.0989986,-36.6151074,283,16,REGION ÑUBLE,16101,CHILLAN,INDEPENDENCIA,PUREN,0,"Independencia & Purén, Chillan, Chillán, Ñuble, Chile",-36.6151074,-72.0989986,1,GEOMETRIC_CENTER,2020,1264536,2020/02/18 00:00:00+00,COLISION LATERAL,COLISION,URBANA,DESOBEDIENCIA A SEÑALIZACION,SEÑALIZACION DESOBEDECER SEÑAL CEDA EL PASO,0,1,0,0,19:10:00
-72.094246,-36.6068595,284,16,REGION ÑUBLE,16101,CHILLAN,YERBAS BUENAS,BULNES,0,"Yerbas Buenas & Bulnes, Chillan, Chillán, Ñuble, Chile",-36.6068595,-72.094246,1,GEOMETRIC_CENTER,2020,1265004,2020/02/20 00:00:00+00,COLISION LATERAL,COLISION,URBANA,DESOBEDIENCIA A SEÑALIZACION,SEÑALIZACION DESOBEDECER SEÑAL PARE,0,0,0,3,06:10:00
-72.5429119,-36.2859132,285,16,REGION ÑUBLE,16201,QUIRIHUE,FREIRE, ,500,"Freire, Quirihue, Ñuble, Chile",-36.2859132,-72.5429119,1,GEOMETRIC_CENTER,2020,1265147,2020/02/06 00:00:00+00,COLISION,COLISION,URBANA,IMPRUDENCIA DEL CONDUCTOR,CONDUCCION CAMBIAR SORPRESIVAMENTE PISTA CIRCULACION,0,0,0,0,15:40:00
-72.1160506,-36.6209741,286,16,REGION ÑUBLE,16101,CHILLAN,ROSAURO ACUÑA,EULOGIO BAÑARES,0,"Rosauro Acuña & Eulogio Bañares, Chillan, Chillán, Ñuble, Chile",-36.6209741,-72.1160506,1,GEOMETRIC_CENTER,2020,1265161,2020/02/22 00:00:00+00,ATROPELLO,ATROPELLO,URBANA,CAUSAS NO DETERMINADAS,CAUSAS NO DETERMINADAS,0,0,0,1,18:00:00
-72.1282466,-36.6229928,287,16,REGION ÑUBLE,16103,CHILLAN VIEJO,OHIGGINS, ,2419,"Av. OHiggins 2419, Chillan, Chillán Viejo, Bío Bío, Chile",-36.6229928,-72.1282466,1,RANGE_INTERPOLATED,2020,1265218,2020/02/06 00:00:00+00,COLISION POR ALCANCE,COLISION,URBANA,IMPRUDENCIA DEL CONDUCTOR,CONDUCCION NO ATENTO CONDICIONES TRANSITO MOMENTO,0,0,0,0,17:15:00
-72.0465606,-36.8755015,288,16,REGION ÑUBLE,16108,SAN IGNACIO,LAS QUILAS,LAS HUERTAS,0,"San Ignacio, Región del Bío Bío, Chile",-36.8755015,-72.0465606,1,GEOMETRIC_CENTER,2020,1265255,2020/02/12 00:00:00+00,ATROPELLO,ATROPELLO,URBANA,IMPRUDENCIA DEL CONDUCTOR,CONDUCCION NO ATENTO CONDICIONES TRANSITO MOMENTO,0,0,0,4,18:30:00
-71.9571065,-36.4244163,289,16,REGION ÑUBLE,16301,SAN CARLOS,VICUÑA MACKENNA,INDEPENDENCIA,0,"Independencia & Benjamin Vicuña Mackenna, San Carlos, Ñuble, Chile",-36.4244163,-71.9571065,1,GEOMETRIC_CENTER,2020,1265297,2020/02/13 00:00:00+00,CHOQUE FRENTE/LADO,CHOQUE,URBANA,IMPRUDENCIA DEL CONDUCTOR,CONDUCCION NO ATENTO CONDICIONES TRANSITO MOMENTO,0,0,0,0,18:30:00
-72.0939264,-36.6110277,290,16,REGION ÑUBLE,16101,CHILLAN,ARGENTINA,EL ROBLE,0,"El Roble & Argentina, Chillan, Chillán, Ñuble, Chile",-36.6110277,-72.0939264,1,GEOMETRIC_CENTER,2020,1265365,2020/02/22 00:00:00+00,COLISION LATERAL,COLISION,URBANA,CAUSAS NO DETERMINADAS,CAUSAS NO DETERMINADAS,0,0,1,0,10:30:00
-71.8288045,-36.6417724,291,16,REGION ÑUBLE,16302,COIHUECO,ELEUTERIO RAMIREZ,MANUEL COFRE MORENO,0,"Eleuterio Ramírez, Coihueco, Ñuble, Chile",-36.6417724,-71.8288045,1,GEOMETRIC_CENTER,2020,1265770,2020/02/10 00:00:00+00,COLISION POR ALCANCE,COLISION,URBANA,IMPRUDENCIA DEL CONDUCTOR,CONDUCCION NO ATENTO CONDICIONES TRANSITO MOMENTO,0,1,0,0,08:10:00
-72.1318877,-36.6322766,292,16,REGION ÑUBLE,16103,CHILLAN VIEJO,PAULA JARAQUEMADA,MARIANO EGAÑA,0,"Calle Paula Jaraquemada & Mariano Egaña, Chillan, Chillán Viejo, Ñuble, Chile",-36.6322766,-72.1318877,1,GEOMETRIC_CENTER,2020,1265776,2020/02/11 00:00:00+00,COLISION PERPENDICULAR,COLISION,URBANA,DESOBEDIENCIA A SEÑALIZACION,SEÑALIZACION DESOBEDECER SEÑAL PARE,0,0,0,0,18:30:00
-72.0712098,-36.6256552,293,16,REGION ÑUBLE,16101,CHILLAN,CIRCUNVALACION,ALONSO DE ERCILLA,0,"Av Alonso de Ercilla & Av. Circunvalacion, Chillan, Chillán, Ñuble, Chile",-36.6256552,-72.0712098,1,GEOMETRIC_CENTER,2020,1265794,2020/02/24 00:00:00+00,COLISION LATERAL,COLISION,URBANA,IMPRUDENCIA DEL CONDUCTOR,NO RESPETAR DERECHO PREFERENTE DE PASO A VEHICULO,0,1,0,1,16:20:00