X,Y,FID,COD_REG,REGION,CUT,COMUNA,CALLE_UNO,CALLE_DOS,NUMERO,DIR_GEOCOD,LAT,LNG,VAL_COM,TIPO,Año,Idaccident,Fecha,Tipo_Accid,Tipo__CONA,Zona,Causa__CON,Causa,Fallecidos,Graves,Menos_Grav,Leves,Hora
-72.1128697,-36.5947771,294,16,REGION ÑUBLE,16101,CHILLAN,LAS ROSAS,PASAJE 3,0,"Pasaje Tres & Las Rosas, Chillan, Chillán, Ñuble, Chile",-36.5947771,-72.1128697,1,GEOMETRIC_CENTER,2020,1265810,2020/02/24 00:00:00+00,COLISION LATERAL,COLISION,URBANA,CAUSAS NO DETERMINADAS,CAUSAS NO DETERMINADAS,0,0,0,0,17:30:00
-72.0991894,-36.6110854,295,16,REGION ÑUBLE,16101,CHILLAN,SARGENTO ALDEA,MAIPON,0,"Maipón & Sargento Aldea, Chillan, Chillán, Ñuble, Chile",-36.6110854,-72.0991894,1,GEOMETRIC_CENTER,2020,1266155,2020/02/24 00:00:00+00,COLISION LATERAL,COLISION,URBANA,DESOBEDIENCIA A SEÑALIZACION,SEÑALIZACION DESOBEDECER LUZ ROJA DE SEMAFORO,0,0,0,2,17:24:00
-72.0986135,-36.623461,296,16,REGION ÑUBLE,16101,CHILLAN,ALONSO DE ERCILLA,LAS TORRES,0,"Alonso de Ercilla 983, Chillan, Chillán, Bío Bío, Chile",-36.623461,-72.0986135,1,ROOFTOP,2020,1266172,2020/02/24 00:00:00+00,ATROPELLO,ATROPELLO,URBANA,CAUSAS NO DETERMINADAS,CAUSAS NO DETERMINADAS,0,0,0,1,19:00:00
-71.8341797,-36.6281927,297,16,REGION ÑUBLE,16302,COIHUECO,CAMINO MONTEBELLO, ,1,"Coihueco, Ñuble, Chile",-36.6281927,-71.8341797,1,APPROXIMATE,2020,1266471,2020/02/17 00:00:00+00,COLISION POR ALCANCE,COLISION,RURAL,CAUSAS NO DETERMINADAS,CAUSAS NO DETERMINADAS,0,0,0,0,13:15:00
-72.0979181,-36.6237432,298,16,REGION ÑUBLE,16101,CHILLAN,ALONSO DE ERCILLA,BARROS ARANA,0,"Barros Arana & Alonso de Ercilla, Chillan, Chillán, Ñuble, Chile",-36.6237432,-72.0979181,1,GEOMETRIC_CENTER,2020,1266583,2020/02/26 00:00:00+00,COLISION LATERAL,COLISION,URBANA,IMPRUDENCIA DEL CONDUCTOR,CONDUCCION NO ATENTO CONDICIONES TRANSITO MOMENTO,1,0,0,0,16:30:00
-72.0283744,-37.1213139,299,16,REGION ÑUBLE,16109,YUNGAY,ANGAMOS, ,1086,"Angamos 1086, Yungay, Bío Bío, Chile",-37.1213139,-72.0283744,1,RANGE_INTERPOLATED,2020,1266865,2020/02/24 00:00:00+00,COLISION POR ALCANCE,COLISION,URBANA,IMPRUDENCIA DEL CONDUCTOR,CONDUCCION NO ATENTO CONDICIONES TRANSITO MOMENTO,0,0,0,0,18:30:00
-71.9640974,-36.4262891,300,16,REGION ÑUBLE,16301,SAN CARLOS,RAMON FREIRE,VALENTIN TRUJILLO,0,"Ramón Freire, San Carlos, Ñuble, Chile",-36.4262891,-71.9640974,1,GEOMETRIC_CENTER,2020,1266932,2020/02/15 00:00:00+00,ATROPELLO,ATROPELLO,URBANA,IMPRUDENCIA DEL PEATON,PEATON CRUZA CALZADA FORMA SORPRESIVA O DESCUIDADA,0,0,1,0,20:30:00
-71.9689423,-36.4259693,301,16,REGION ÑUBLE,16301,SAN CARLOS,FREIRE,VALENTIN TRUJILLO,0,"San Carlos, Ñuble, Chile",-36.4259693,-71.9689423,1,APPROXIMATE,2020,1266933,2020/02/15 00:00:00+00,VOLCADURA,VOLCADURA,URBANA,IMPRUDENCIA DEL CONDUCTOR,CONDUCCION NO ATENTO CONDICIONES TRANSITO MOMENTO,0,0,0,1,20:30:00
-71.951298,-36.4253808,302,16,REGION ÑUBLE,16301,SAN CARLOS,VICUÑA MACKENNA, ,882,"Benjamin Vicuña Mackenna 882, San Carlos, Región del Bío Bío, Chile",-36.4253808,-71.951298,1,ROOFTOP,2020,1266950,2020/02/23 00:00:00+00,COLISION POR ALCANCE,COLISION,URBANA,IMPRUDENCIA DEL CONDUCTOR,CONDUCCION NO ATENTO CONDICIONES TRANSITO MOMENTO,0,0,0,1,09:30:00
-72.0534804,-36.5185595,303,16,REGION ÑUBLE,16301,SAN CARLOS,MANUEL CASTILLO VELASCO,CLAUDIO ARRAU,0,"N-349 591, San Carlos, Región del Bío Bío, Chile",-36.5185595,-72.0534804,1,ROOFTOP,2020,1266952,2020/02/18 00:00:00+00,COLISION FRONTAL,COLISION,RURAL,IMPRUDENCIA DEL CONDUCTOR,CONDUCCION NO ATENTO CONDICIONES TRANSITO MOMENTO,0,0,0,0,08:20:00
-71.8315584,-36.6310862,304,16,REGION ÑUBLE,16302,COIHUECO,SARGENTO ALDEA,LUIS HERMOSILLA,0,"Luis Hermosilla & Sargento Aldea, Coihueco, Ñuble, Chile",-36.6310862,-71.8315584,1,GEOMETRIC_CENTER,2020,1267295,2020/02/29 00:00:00+00,ATROPELLO,ATROPELLO,URBANA,IMPRUDENCIA DEL CONDUCTOR,CONDUCCION NO ATENTO CONDICIONES TRANSITO MOMENTO,0,0,1,0,17:10:00
-72.0942282,-36.6104457,305,16,REGION ÑUBLE,16101,CHILLAN,ARGENTINA, ,660,"Argentina 660, Chillan, Chillán, Bío Bío, Chile",-36.6104457,-72.0942282,1,RANGE_INTERPOLATED,2020,1267354,2020/03/01 00:00:00+00,CHOQUE FRONTAL,CHOQUE,URBANA,ALCOHOL EN CONDUCTOR,CONDUCCION EN ESTADO DE EBRIEDAD,0,1,0,0,01:00:00
-71.8341961,-36.6281758,306,16,REGION ÑUBLE,16302,COIHUECO,SECTOR LAS TIJERAS, ,2,"Coihueco, Ñuble, Chile",-36.6281758,-71.8341961,1,APPROXIMATE,2020,1267443,2020/03/01 00:00:00+00,CHOQUE FRONTAL,CHOQUE,URBANA,ALCOHOL EN CONDUCTOR,CONDUCCION EN ESTADO DE EBRIEDAD,0,0,0,0,06:30:00
-72.2439878,-36.5768899,307,16,REGION ÑUBLE,16305,SAN NICOLAS,BAJO EL ALA, ,1,"El Ala, San Nicolás, Ñuble, Chile",-36.5768899,-72.2439878,1,APPROXIMATE,2020,1267613,2020/02/28 00:00:00+00,ATROPELLO,ATROPELLO,URBANA,IMPRUDENCIA DEL CONDUCTOR,CONDUCCION NO ATENTO CONDICIONES TRANSITO MOMENTO,0,0,0,1,19:30:00
-72.705747,-36.487086,308,16,REGION ÑUBLE,16203,COELEMU,CASTELLON, ,597,"Castellón 597, Coelemu, Bío Bío, Chile",-36.487086,-72.705747,1,RANGE_INTERPOLATED,2020,1267842,2020/02/19 00:00:00+00,CHOQUE LATERAL,CHOQUE,URBANA,OTRAS CAUSAS,OTRAS CAUSAS,0,0,0,0,12:30:00
-72.5382615,-36.2819492,309,16,REGION ÑUBLE,16201,QUIRIHUE,GRUMETE CORTEZ 037, ,37,"Grumete Cortez, Quirihue, Ñuble, Chile",-36.2819492,-72.5382615,1,GEOMETRIC_CENTER,2020,1267877,2020/02/21 00:00:00+00,COLISION FRONTAL,COLISION,URBANA,CAUSAS NO DETERMINADAS,CAUSAS NO DETERMINADAS,0,0,0,0,14:00:00
-72.0303453,-36.8973464,310,16,REGION ÑUBLE,16104,EL CARMEN,PEDRO NUÑEZ,GRAL BAQUEDANO,0,"El Carmen, Ñuble, Chile",-36.8973464,-72.0303453,1,APPROXIMATE,2020,1298344,2020/09/03 00:00:00+00,CHOQUE FRONTAL,CHOQUE,URBANA,IMPRUDENCIA DEL PEATON,PEATON PERMANECE SOBRE LA CALZADA,0,0,0,1,19:30:00
-72.1291226,-36.6058254,311,16,REGION ÑUBLE,16101,CHILLAN,ZAÑARTU, ,640,"Zañartu 640, Chillan, Chillán, Bío Bío, Chile",-36.6058254,-72.1291226,1,RANGE_INTERPOLATED,2020,1268771,2020/03/04 00:00:00+00,COLISION POR ALCANCE,COLISION,URBANA,IMPRUDENCIA DEL CONDUCTOR,CONDUCCION NO ATENTO CONDICIONES TRANSITO MOMENTO,0,1,0,0,08:50:00
-72.1023351,-36.6062618,312,16,REGION ÑUBLE,16101,CHILLAN,LOS PICUNCHES,TORRES DEL PAINE,0,"Chillán, Ñuble, Chile",-36.6062618,-72.1023351,1,APPROXIMATE,2020,1268775,2020/03/03 00:00:00+00,COLISION POR ALCANCE,COLISION,URBANA,IMPRUDENCIA DEL CONDUCTOR,CONDUCCION NO ATENTO CONDICIONES TRANSITO MOMENTO,0,0,0,1,23:10:00
-72.0662666,-36.5949848,313,16,REGION ÑUBLE,16101,CHILLAN,TARREGA,RIO TER,0,"Pje. Río Ter & Pje. Tarrega, Chillan, Chillán, Ñuble, Chile",-36.5949848,-72.0662666,1,GEOMETRIC_CENTER,2020,1268961,2020/03/02 00:00:00+00,COLISION FRONTAL,COLISION,URBANA,IMPRUDENCIA DEL CONDUCTOR,CONDUCCION NO ATENTO CONDICIONES TRANSITO MOMENTO,0,0,0,1,21:40:00
-72.0927097,-36.6088435,314,16,REGION ÑUBLE,16101,CHILLAN,FRANCISCO RAMIREZ, ,10,"Francisco Ramírez 10, Chillan, Chillán, Bío Bío, Chile",-36.6088435,-72.0927097,1,ROOFTOP,2020,1269177,2020/03/06 00:00:00+00,COLISION LATERAL,COLISION,URBANA,IMPRUDENCIA DEL CONDUCTOR,CONDUCCION NO ATENTO CONDICIONES TRANSITO MOMENTO,0,0,0,1,16:20:00
-72.0954609,-36.6145723,315,16,REGION ÑUBLE,16101,CHILLAN,ARGENTINA,COCHARCAS,0,"Cocharcas & Argentina, Chillan, Chillán, Ñuble, Chile",-36.6145723,-72.0954609,1,GEOMETRIC_CENTER,2020,1269179,2020/03/06 00:00:00+00,ATROPELLO,ATROPELLO,URBANA,IMPRUDENCIA DEL CONDUCTOR,NO RESPETAR DERECHO PREFERENTE DE PASO A PEATON,0,1,0,0,17:00:00
-71.8480138,-36.347736,316,16,REGION ÑUBLE,16303,ÑIQUEN,CAMINO P VIRGUIN, ,2,"Virgüín, Ñiquén, Ñuble, Chile",-36.347736,-71.8480138,1,APPROXIMATE,2020,1269336,2020/03/01 00:00:00+00,COLISION POR ALCANCE,COLISION,URBANA,ALCOHOL EN CONDUCTOR,CONDUCCION EN ESTADO DE EBRIEDAD,0,1,0,1,23:31:00
-71.9643014,-36.4268859,317,16,REGION ÑUBLE,16301,SAN CARLOS,BILBAO,FREIRE,0,"Francisco Bilbao & Ramón Freire, San Carlos, Ñuble, Chile",-36.4268859,-71.9643014,1,GEOMETRIC_CENTER,2020,1269409,2020/03/04 00:00:00+00,CHOQUE FRONTAL,CHOQUE,URBANA,IMPRUDENCIA DEL CONDUCTOR,CONDUCCION NO ATENTO CONDICIONES TRANSITO MOMENTO,0,0,0,0,08:30:00
-72.1061151,-36.5984238,318,16,REGION ÑUBLE,16101,CHILLAN,ECUADOR,OHIGGINS,0,"Av. OHiggins & Av. Ecuador, Chillan, Chillán, Ñuble, Chile",-36.5984238,-72.1061151,1,GEOMETRIC_CENTER,2020,1269550,2020/03/08 00:00:00+00,CHOQUE FRONTAL,CHOQUE,URBANA,IMPRUDENCIA DEL CONDUCTOR,CONDUCCION NO ATENTO CONDICIONES TRANSITO MOMENTO,0,0,0,0,05:45:00
-72.087309,-36.596108,319,16,REGION ÑUBLE,16101,CHILLAN,VICENTE MENDEZ, ,575,"Av. Vicente Méndez 575, Chillan, Chillán, Bío Bío, Chile",-36.596108,-72.087309,1,RANGE_INTERPOLATED,2020,1269553,2020/03/08 00:00:00+00,COLISION POR ALCANCE,COLISION,URBANA,IMPRUDENCIA DEL CONDUCTOR,CONDUCCION NO ATENTO CONDICIONES TRANSITO MOMENTO,0,0,0,0,20:00:00
-72.5421232,-36.2849808,320,16,REGION ÑUBLE,16201,QUIRIHUE,OHIGGINS, ,900,"OHiggins, Quirihue, Ñuble, Chile",-36.2849808,-72.5421232,1,GEOMETRIC_CENTER,2020,1269653,2020/02/25 00:00:00+00,COLISION,COLISION,URBANA,IMPRUDENCIA DEL CONDUCTOR,CONDUCCION NO ATENTO CONDICIONES TRANSITO MOMENTO,0,1,0,0,17:15:00
-72.0998937,-36.6041373,321,16,REGION ÑUBLE,16101,CHILLAN,VEGA DE SALDIAS,5 DE ABRIL,0,"5 de Abril & Vega de Saldías, Chillan, Chillán, Ñuble, Chile",-36.6041373,-72.0998937,1,GEOMETRIC_CENTER,2020,1269903,2020/03/08 00:00:00+00,COLISION,COLISION,URBANA,IMPRUDENCIA DEL CONDUCTOR,CONDUCCION NO ATENTO CONDICIONES TRANSITO MOMENTO,0,0,0,1,20:40:00
-72.1132815,-36.6129178,322,16,REGION ÑUBLE,16101,CHILLAN,COLLIN, ,89,"Av. Collin 89, Chillan, Chillán, Bío Bío, Chile",-36.6129178,-72.1132815,1,RANGE_INTERPOLATED,2020,1270252,2020/03/09 00:00:00+00,COLISION POR ALCANCE,COLISION,URBANA,IMPRUDENCIA DEL CONDUCTOR,CONDUCCION NO ATENTO CONDICIONES TRANSITO MOMENTO,0,0,0,0,13:30:00
-72.093188,-36.6085271,323,16,REGION ÑUBLE,16101,CHILLAN,LIBERTAD,ARGENTINA,0,"Argentina & Libertad, Chillan, Chillán, Ñuble, Chile",-36.6085271,-72.093188,1,GEOMETRIC_CENTER,2020,1270253,2020/03/09 00:00:00+00,COLISION LATERAL,COLISION,URBANA,IMPRUDENCIA DEL CONDUCTOR,CONDUCCION NO ATENTO CONDICIONES TRANSITO MOMENTO,0,0,0,0,19:00:00
-72.113751,-36.5962262,324,16,REGION ÑUBLE,16101,CHILLAN,RUIZ DE GAMBOA,PARQUE LANTAÑO,0,"Avenida Ruiz de Gamboa & Camino parque lantaño, Chillan, Chillán, Ñuble, Chile",-36.5962262,-72.113751,1,GEOMETRIC_CENTER,2020,1270442,2020/03/10 00:00:00+00,COLISION PERPENDICULAR,COLISION,URBANA,DESOBEDIENCIA A SEÑALIZACION,SEÑALIZACION DESOBEDECER LUZ ROJA DE SEMAFORO,0,0,0,1,21:20:00
-72.0954009,-36.6149582,325,16,REGION ÑUBLE,16101,CHILLAN,CENTRAL,ARGENTINA,0,"Pasaje Central & Argentina, Chillan, Chillán, Ñuble, Chile",-36.6149582,-72.0954009,1,GEOMETRIC_CENTER,2020,1270458,2020/03/11 00:00:00+00,COLISION LATERAL,COLISION,URBANA,IMPRUDENCIA DEL CONDUCTOR,CONDUCCION NO ATENTO CONDICIONES TRANSITO MOMENTO,0,0,0,0,08:45:00
-72.106206,-36.6120621,326,16,REGION ÑUBLE,16101,CHILLAN,18 DE SEPTIEMBRE,COCHARCA,0,"Cocharcas & Dieciocho de Septiembre, Chillan, Chillán, Ñuble, Chile",-36.6120621,-72.106206,1,GEOMETRIC_CENTER,2020,1270466,2020/03/11 00:00:00+00,COLISION LATERAL,COLISION,URBANA,IMPRUDENCIA DEL CONDUCTOR,CONDUCCION NO ATENTO CONDICIONES TRANSITO MOMENTO,0,0,0,1,14:30:00
-72.1011633,-36.6162725,327,16,REGION ÑUBLE,16101,CHILLAN,COLLIN, ,906,"Av. Collin 906, Chillan, Chillán, Bío Bío, Chile",-36.6162725,-72.1011633,1,ROOFTOP,2020,1271281,2020/03/11 00:00:00+00,COLISION FRONTAL,COLISION,URBANA,IMPRUDENCIA DEL CONDUCTOR,CONDUCCION NO ATENTO CONDICIONES TRANSITO MOMENTO,0,0,1,0,19:20:00
-72.0915653,-36.6048417,328,16,REGION ÑUBLE,16101,CHILLAN,ARGENTINA,GAMERO,0,"Gamero & Argentina, Chillan, Chillán, Ñuble, Chile",-36.6048417,-72.0915653,1,GEOMETRIC_CENTER,2020,1271285,2020/03/11 00:00:00+00,COLISION FRONTAL,COLISION,URBANA,IMPRUDENCIA DEL CONDUCTOR,CONDUCCION SIN MANTENER DISTANCIA RAZONABLE NI PRUDENTE,0,0,0,0,20:00:00
-72.0979243,-36.6032665,329,16,REGION ÑUBLE,16101,CHILLAN,ISABEL RIQUELME,GAMERO,0,"Isabel Riquelme & Gamero, Chillan, Chillán, Ñuble, Chile",-36.6032665,-72.0979243,1,GEOMETRIC_CENTER,2020,1271286,2020/03/12 00:00:00+00,COLISION PERPENDICULAR,COLISION,URBANA,IMPRUDENCIA DEL CONDUCTOR,CONDUCCION SIN MANTENER DISTANCIA RAZONABLE NI PRUDENTE,0,0,0,0,16:45:00
-72.0952349,-36.6201071,330,16,REGION ÑUBLE,16101,CHILLAN,BARROS ARANA, ,299,"Barros Arana 299, Chillan, Chillán, Región del Bío Bío, Chile",-36.6201071,-72.0952349,1,RANGE_INTERPOLATED,2020,1271291,2020/03/15 00:00:00+00,CHOQUE FRONTAL,CHOQUE,URBANA,IMPRUDENCIA DEL CONDUCTOR,CONDUCCION NO ATENTO CONDICIONES TRANSITO MOMENTO,0,0,0,0,07:30:00
-72.1066761,-36.5998585,331,16,REGION ÑUBLE,16101,CHILLAN,OHIGGINS,ITATA,0,"Itata & Avenida OHiggins, Chillan, Chillán, Ñuble, Chile",-36.5998585,-72.1066761,1,GEOMETRIC_CENTER,2020,1271301,2020/03/12 00:00:00+00,COLISION PERPENDICULAR,COLISION,URBANA,IMPRUDENCIA DEL CONDUCTOR,CONDUCCION NO ATENTO CONDICIONES TRANSITO MOMENTO,0,0,0,2,22:45:00
-72.0939278,-36.6015584,332,16,REGION ÑUBLE,16101,CHILLAN,INDEPENDENCIA,ECUADOR,0,"Independencia & Avenida Ecuador, Chillan, Chillán, Ñuble, Chile",-36.6015584,-72.0939278,1,GEOMETRIC_CENTER,2020,1271303,2020/03/13 00:00:00+00,COLISION LATERAL,COLISION,URBANA,IMPRUDENCIA DEL CONDUCTOR,CONDUCCION NO ATENTO CONDICIONES TRANSITO MOMENTO,0,0,0,2,22:45:00
-72.1133715,-36.6148148,333,16,REGION ÑUBLE,16101,CHILLAN,OHIGGINS,SCHLEYER,0,"Schleyer & Avenida OHiggins, Chillan, Chillán, Ñuble, Chile",-36.6148148,-72.1133715,1,GEOMETRIC_CENTER,2020,1271593,2020/03/15 00:00:00+00,COLISION LATERAL,COLISION,URBANA,CAUSAS NO DETERMINADAS,CAUSAS NO DETERMINADAS,0,1,0,0,21:30:00
-72.1274823,-36.6231029,334,16,REGION ÑUBLE,16103,CHILLAN VIEJO,OHIGGINS, ,2377,"Av. OHiggins 2377, Chillan, Chillán Viejo, Bío Bío, Chile",-36.6231029,-72.1274823,1,RANGE_INTERPOLATED,2020,1271601,2020/03/06 00:00:00+00,COLISION POR ALCANCE,COLISION,URBANA,CAUSAS NO DETERMINADAS,CAUSAS NO DETERMINADAS,0,0,0,0,15:35:00
-72.1309349,-36.6224809,335,16,REGION ÑUBLE,16103,CHILLAN VIEJO,OHIGGINS,ANGEL PARRA,0,"Ángel Parra & Avenida OHiggins, Chillan, Chillán Viejo, Ñuble, Chile",-36.6224809,-72.1309349,1,GEOMETRIC_CENTER,2020,1271604,2020/03/08 00:00:00+00,CHOQUE POSTERIOR/POSTERIOR,CHOQUE,URBANA,ALCOHOL EN CONDUCTOR,CONDUCCION EN ESTADO DE EBRIEDAD,0,0,0,0,05:30:00
-72.101694,-36.6164486,336,16,REGION ÑUBLE,16101,CHILLAN,COLLIN, ,866,"Av. Collin 866, Chillan, Chillán, Bío Bío, Chile",-36.6164486,-72.101694,1,ROOFTOP,2020,1272034,2020/03/18 00:00:00+00,CHOQUE LADO/LADO,CHOQUE,URBANA,IMPRUDENCIA DEL CONDUCTOR,CONDUCCION NO ATENTO CONDICIONES TRANSITO MOMENTO,0,0,0,0,10:00:00
-72.013279,-37.1212982,337,16,REGION ÑUBLE,16109,YUNGAY,ESTADIO,12 DE OCTUBRE,0,"Yungay, Ñuble, Chile",-37.1212982,-72.013279,1,APPROXIMATE,2020,1277371,2020/04/17 00:00:00+00,COLISION PERPENDICULAR,COLISION,URBANA,DESOBEDIENCIA A SEÑALIZACION,SEÑALIZACION DESOBEDECER SEÑAL CEDA EL PASO,0,1,0,0,19:30:00
-72.1120129,-36.6052581,338,16,REGION ÑUBLE,16101,CHILLAN,BRASIL,CONSTITUCION,0,"Constitución & Avenida Brasil, Chillan, Chillán, Ñuble, Chile",-36.6052581,-72.1120129,1,GEOMETRIC_CENTER,2020,1272626,2020/03/20 00:00:00+00,COLISION PERPENDICULAR,COLISION,URBANA,DESOBEDIENCIA A SEÑALIZACION,SEÑALIZACION DESOBEDECER SEÑAL PARE,0,0,2,1,21:00:00
-72.0842658,-36.6147459,339,16,REGION ÑUBLE,16101,CHILLAN,LOS PUELCHES, ,705,"Los Puelches 705, Chillan, Chillán, Bío Bío, Chile",-36.6147459,-72.0842658,1,RANGE_INTERPOLATED,2020,1273086,2020/03/24 00:00:00+00,CHOQUE FRENTE/POSTERIOR,CHOQUE,URBANA,IMPRUDENCIA DEL CONDUCTOR,CONDUCCION NO ATENTO CONDICIONES TRANSITO MOMENTO,0,0,1,0,18:15:00
-72.0864973,-36.6216317,340,16,REGION ÑUBLE,16101,CHILLAN,LOS PUELCHES,LOS ANDES,0,"Los Andes & Los Puelches, Chillan, Chillán, Ñuble, Chile",-36.6216317,-72.0864973,1,GEOMETRIC_CENTER,2020,1273706,2020/03/28 00:00:00+00,COLISION PERPENDICULAR,COLISION,URBANA,IMPRUDENCIA DEL CONDUCTOR,CONDUCCION NO ATENTO CONDICIONES TRANSITO MOMENTO,0,0,0,0,17:00:00
-72.0244927,-37.1199232,341,16,REGION ÑUBLE,16109,YUNGAY,ESMERALDA,VALPARAISO,0,"Esmeralda & Valparaiso, Yungay, Ñuble, Chile",-37.1199232,-72.0244927,1,GEOMETRIC_CENTER,2020,1273969,2020/03/25 00:00:00+00,COLISION PERPENDICULAR,COLISION,URBANA,DESOBEDIENCIA A SEÑALIZACION,SEÑALIZACION DESOBEDECER SEÑAL PARE,0,0,0,2,11:00:00
-71.9663675,-36.4318536,342,16,REGION ÑUBLE,16301,SAN CARLOS,FELIPE CUBILLOS,FREIRE,0,"Alameda San Carlos - Ramón Freire 8, San Carlos, Región del Bío Bío, Chile",-36.4318536,-71.9663675,1,ROOFTOP,2020,1274053,2020/03/17 00:00:00+00,COLISION POR ALCANCE,COLISION,URBANA,IMPRUDENCIA DEL CONDUCTOR,CONDUCCION NO ATENTO CONDICIONES TRANSITO MOMENTO,0,0,0,1,16:00:00
-72.2126106,-36.4992337,343,16,REGION ÑUBLE,16305,SAN NICOLAS,ARTURO PRAT, ,55,"C. Arturo Prat 55, San Nicolás, Bío Bío, Chile",-36.4992337,-72.2126106,1,RANGE_INTERPOLATED,2020,1274100,2020/03/17 00:00:00+00,CHOQUE POSTERIOR/POSTERIOR,CHOQUE,URBANA,IMPRUDENCIA DEL CONDUCTOR,CONDUCCION NO ATENTO CONDICIONES TRANSITO MOMENTO,0,0,0,0,15:15:00
-71.9663675,-36.4318536,344,16,REGION ÑUBLE,16301,SAN CARLOS,FELIPE CUBILLOS,FREIRE,0,"Alameda San Carlos - Ramón Freire 8, San Carlos, Región del Bío Bío, Chile",-36.4318536,-71.9663675,1,ROOFTOP,2020,1274101,2020/03/17 00:00:00+00,COLISION POR ALCANCE,COLISION,URBANA,IMPRUDENCIA DEL CONDUCTOR,CONDUCCION NO ATENTO CONDICIONES TRANSITO MOMENTO,0,0,0,1,16:00:00
-71.9740192,-36.4151638,345,16,REGION ÑUBLE,16301,SAN CARLOS,TOMAS YAVAR,EL MANZANO,0,"Teniente Tomás Yávar & El Manzano, San Carlos, Ñuble, Chile",-36.4151638,-71.9740192,1,GEOMETRIC_CENTER,2020,1274295,2020/03/21 00:00:00+00,COLISION LATERAL,COLISION,URBANA,DESOBEDIENCIA A SEÑALIZACION,SEÑALIZACION DESOBEDECER SEÑAL PARE,0,0,0,0,14:40:00
-71.9689423,-36.4259693,346,16,REGION ÑUBLE,16301,SAN CARLOS,LUIS ACEVEDO,BALMACEDA,0,"San Carlos, Ñuble, Chile",-36.4259693,-71.9689423,1,APPROXIMATE,2020,1274324,2020/03/30 00:00:00+00,COLISION LATERAL,COLISION,URBANA,IMPRUDENCIA DEL CONDUCTOR,CONDUCCION NO ATENTO CONDICIONES TRANSITO MOMENTO,0,0,0,0,16:30:00
-72.1269222,-36.6125739,347,16,REGION ÑUBLE,16101,CHILLAN,LOS CORREGIDORES,RUIZ DE GAMBOA,0,"Avenida Mariscal Ruiz de Gamboa & Los Corregidores, Chillan, Chillán, Ñuble, Chile",-36.6125739,-72.1269222,1,GEOMETRIC_CENTER,2020,1274370,2020/03/18 00:00:00+00,COLISION LATERAL,COLISION,URBANA,DESOBEDIENCIA A SEÑALIZACION,SEÑALIZACION DESOBEDECER SEÑAL PARE,0,0,0,0,18:05:00
-72.1011165,-36.6118807,348,16,REGION ÑUBLE,16101,CHILLAN,ISABEL RIQUELME,ARTURO PRAT,0,"Isabel Riquelme & Arturo Prat, Chillan, Chillán, Ñuble, Chile",-36.6118807,-72.1011165,1,GEOMETRIC_CENTER,2020,1274374,2020/03/17 00:00:00+00,COLISION POR ALCANCE,COLISION,URBANA,CAUSAS NO DETERMINADAS,CAUSAS NO DETERMINADAS,0,0,0,0,12:00:00
-72.1040279,-36.601772,349,16,REGION ÑUBLE,16101,CHILLAN,CARRERA,GAMERO,0,"Carrera & Gamero, Chillan, Chillán, Ñuble, Chile",-36.601772,-72.1040279,1,GEOMETRIC_CENTER,2020,1274561,2020/03/20 00:00:00+00,COLISION LATERAL,COLISION,URBANA,IMPRUDENCIA DEL CONDUCTOR,CONDUCCION NO ATENTO CONDICIONES TRANSITO MOMENTO,0,0,0,1,10:30:00
-72.098428,-36.6142326,350,16,REGION ÑUBLE,16101,CHILLAN,COCHARCAS,INDEPENDENCIA,0,"Cocharcas & Independencia, Chillan, Chillán, Ñuble, Chile",-36.6142326,-72.098428,1,GEOMETRIC_CENTER,2020,1274562,2020/03/21 00:00:00+00,CHOQUE FRONTAL,CHOQUE,URBANA,PERDIDA CONTROL VEHICULO,PERDIDA CONTROL VEHICULO,0,0,0,0,09:40:00
-72.1057304,-36.6107515,351,16,REGION ÑUBLE,16101,CHILLAN,ARTURO PRAT,18 DE SEPTIEMBRE,0,"Dieciocho de Septiembre & Arturo Prat, Chillan, Chillán, Ñuble, Chile",-36.6107515,-72.1057304,1,GEOMETRIC_CENTER,2020,1274565,2020/03/28 00:00:00+00,COLISION LATERAL,COLISION,URBANA,IMPRUDENCIA DEL CONDUCTOR,CONDUCCION NO ATENTO CONDICIONES TRANSITO MOMENTO,0,0,0,1,18:45:00