X,Y,FID,COD_REG,REGION,CUT,COMUNA,CALLE_UNO,CALLE_DOS,NUMERO,DIR_GEOCOD,LAT,LNG,VAL_COM,TIPO,Año,Idaccident,Fecha,Tipo_Accid,Tipo__CONA,Zona,Causa__CON,Causa,Fallecidos,Graves,Menos_Grav,Leves,Hora
-72.114119,-36.610076,352,16,REGION ÑUBLE,16101,CHILLAN,COCHARCA,BRASIL,0,"Cocharcas & Avenida Brasil, Chillan, Chillán, Ñuble, Chile",-36.610076,-72.114119,1,GEOMETRIC_CENTER,2020,1274567,2020/03/28 00:00:00+00,CHOQUE POSTERIOR/LADO,CHOQUE,URBANA,IMPRUDENCIA DEL CONDUCTOR,CONDUCCION NO ATENTO CONDICIONES TRANSITO MOMENTO,0,0,0,0,21:40:00
-72.7073351,-36.4843661,353,16,REGION ÑUBLE,16203,COELEMU,SAMUEL BAMBACH, ,219,"Samuel Bambach 219, Coelemu, Bío Bío, Chile",-36.4843661,-72.7073351,1,RANGE_INTERPOLATED,2020,1275089,2020/03/25 00:00:00+00,COLISION,COLISION,URBANA,IMPRUDENCIA DEL CONDUCTOR,CONDUCIR VEHICULO EN RETROCESO,0,0,0,0,13:43:00
-72.0699116,-36.5913866,354,16,REGION ÑUBLE,16101,CHILLAN,ANDRES BELLO,BARCELONA,0,"Avenida Andrés Bello & Barcelona, Chillan, Chillán, Ñuble, Chile",-36.5913866,-72.0699116,1,GEOMETRIC_CENTER,2020,1275091,2020/03/28 00:00:00+00,COLISION POR ALCANCE,COLISION,URBANA,ALCOHOL EN CONDUCTOR,CONDUCCION EN ESTADO DE EBRIEDAD,0,0,0,1,21:10:00
-72.0994422,-36.6163124,355,16,REGION ÑUBLE,16101,CHILLAN,COLLIN,INDEPENDENCIA,0,"Independencia & Avenida Collin, Chillan, Chillán, Ñuble, Chile",-36.6163124,-72.0994422,1,GEOMETRIC_CENTER,2020,1275330,2020/04/07 00:00:00+00,COLISION PERPENDICULAR,COLISION,URBANA,DESOBEDIENCIA A SEÑALIZACION,SEÑALIZACION DESOBEDECER LUZ ROJA DE SEMAFORO,0,0,0,0,08:45:00
-72.094246,-36.6068595,356,16,REGION ÑUBLE,16101,CHILLAN,BULNES,YERBAS BUENAS,0,"Yerbas Buenas & Bulnes, Chillan, Chillán, Ñuble, Chile",-36.6068595,-72.094246,1,GEOMETRIC_CENTER,2020,1275630,2020/04/09 00:00:00+00,COLISION PERPENDICULAR,COLISION,URBANA,DESOBEDIENCIA A SEÑALIZACION,SEÑALIZACION DESOBEDECER SEÑAL PARE,0,1,0,0,07:30:00
-72.1025923,-36.6158046,357,16,REGION ÑUBLE,16101,CHILLAN,ISABEL RIQUELME,COLLIN,0,"Isabel Riquelme & Avenida Collin, Chillan, Chillán, Ñuble, Chile",-36.6158046,-72.1025923,1,GEOMETRIC_CENTER,2020,1276355,2020/04/14 00:00:00+00,COLISION LATERAL,COLISION,URBANA,IMPRUDENCIA DEL CONDUCTOR,CONDUCCION NO ATENTO CONDICIONES TRANSITO MOMENTO,0,0,0,1,18:50:00
-71.8341797,-36.6281927,358,16,REGION ÑUBLE,16302,COIHUECO,SECTOR LA ESCOBA, ,1,"Coihueco, Ñuble, Chile",-36.6281927,-71.8341797,1,APPROXIMATE,2020,1276849,2020/04/05 00:00:00+00,COLISION FRONTAL,COLISION,RURAL,IMPRUDENCIA DEL CONDUCTOR,CONDUCCION NO ATENTO CONDICIONES TRANSITO MOMENTO,0,0,0,0,17:10:00
-71.8315584,-36.6310862,359,16,REGION ÑUBLE,16302,COIHUECO,SARGENTO ALDEA,LUIS HERMOSILLA,0,"Luis Hermosilla & Sargento Aldea, Coihueco, Ñuble, Chile",-36.6310862,-71.8315584,1,GEOMETRIC_CENTER,2020,1276867,2020/04/11 00:00:00+00,COLISION PERPENDICULAR,COLISION,URBANA,DESOBEDIENCIA A SEÑALIZACION,SEÑALIZACION DESOBEDECER SEÑAL PARE,0,0,0,0,13:35:00
-72.0774352,-36.6202522,360,16,REGION ÑUBLE,16101,CHILLAN,NUEVA ORIENTE,CORDILLERA,0,"Cordillera & Av. Nueva Ote., Chillan, Chillán, Ñuble, Chile",-36.6202522,-72.0774352,1,GEOMETRIC_CENTER,2020,1277044,2020/04/17 00:00:00+00,COLISION POR ALCANCE,COLISION,URBANA,IMPRUDENCIA DEL CONDUCTOR,CONDUCCION NO ATENTO CONDICIONES TRANSITO MOMENTO,0,0,0,0,22:00:00
-72.0366225,-36.8005859,361,16,REGION ÑUBLE,16108,SAN IGNACIO,MANUEL RODRIGUEZ, ,228,"Manuel Rodríguez 228, San Ignacio, Bío Bío, Chile",-36.8005859,-72.0366225,1,RANGE_INTERPOLATED,2020,1277059,2020/01/19 00:00:00+00,CHOQUE FRONTAL,CHOQUE,URBANA,OTRAS CAUSAS,OTRAS CAUSAS,0,0,0,0,06:45:00
-71.9566022,-36.4180974,362,16,REGION ÑUBLE,16301,SAN CARLOS,TOMAS YAVAR,MAIPU,0,"Maipú & Teniente Tomás Yávar, San Carlos, Ñuble, Chile",-36.4180974,-71.9566022,1,GEOMETRIC_CENTER,2020,1277214,2020/04/18 00:00:00+00,COLISION LATERAL,COLISION,URBANA,IMPRUDENCIA DEL CONDUCTOR,CONDUCCION NO ATENTO CONDICIONES TRANSITO MOMENTO,0,0,0,0,10:15:00
-71.9689423,-36.4259693,363,16,REGION ÑUBLE,16301,SAN CARLOS,MATTA,SGTO ALDEA,0,"San Carlos, Ñuble, Chile",-36.4259693,-71.9689423,1,APPROXIMATE,2020,1277216,2020/04/19 00:00:00+00,COLISION FRONTAL,COLISION,URBANA,ALCOHOL EN CONDUCTOR,CONDUCCION EN ESTADO DE EBRIEDAD,0,0,0,1,18:30:00
-71.9456504,-36.4264011,364,16,REGION ÑUBLE,16301,SAN CARLOS,VICUÑA MACKENNA, ,1200,"Benjamin Vicuña Mackenna 1200, San Carlos, Bío Bío, Chile",-36.4264011,-71.9456504,1,RANGE_INTERPOLATED,2020,1277632,2020/04/21 00:00:00+00,CHOQUE FRONTAL,CHOQUE,URBANA,ALCOHOL EN CONDUCTOR,CONDUCCION BAJO LA INFLUENCIA DEL ALCOHOL,0,0,0,0,21:40:00
-71.9749355,-36.4238475,365,16,REGION ÑUBLE,16301,SAN CARLOS,MATTA,LAGO RANCO,0,"Matta 0697, Gorbea, San Carlos, IX Región, Chile",-36.4238475,-71.9749355,1,ROOFTOP,2020,1277633,2020/04/24 00:00:00+00,CHOQUE FRENTE/POSTERIOR,CHOQUE,URBANA,IMPRUDENCIA DEL CONDUCTOR,CONDUCCION NO ATENTO CONDICIONES TRANSITO MOMENTO,0,0,0,0,12:30:00
-72.0948617,-36.624186,366,16,REGION ÑUBLE,16101,CHILLAN,ALONSO DE ERCILLA,LAS HERAS,0,"Alonso de Ercilla & Las Heras, Chillan, Chillán, Ñuble, Chile",-36.624186,-72.0948617,1,GEOMETRIC_CENTER,2020,1277844,2020/04/23 00:00:00+00,ATROPELLO,ATROPELLO,URBANA,IMPRUDENCIA DEL PEATON,IMPRUDENCIA DEL PEATON,0,0,1,1,18:40:00
-71.9620224,-36.4344135,367,16,REGION ÑUBLE,16301,SAN CARLOS,RIQUELME,LUIS CRUZ MARTINEZ,0,"Subteniente Luis Cruz Martínez & Ernesto Riquelme, San Carlos, Ñuble, Chile",-36.4344135,-71.9620224,1,GEOMETRIC_CENTER,2020,1278473,2020/04/25 00:00:00+00,COLISION LATERAL,COLISION,URBANA,DESOBEDIENCIA A SEÑALIZACION,SEÑALIZACION DESOBEDECER SEÑAL CEDA EL PASO,0,0,0,0,08:42:00
-71.963749,-36.4324457,368,16,REGION ÑUBLE,16301,SAN CARLOS,FREIRE,ARTURO PRAT,0,"Sector Alameda San Carlos Ñuble - Av. Arturo Prat Chacón 273, San Carlos, Bío Bío, Chile",-36.4324457,-71.963749,1,ROOFTOP,2020,1278482,2020/04/27 00:00:00+00,COLISION LATERAL,COLISION,URBANA,DESOBEDIENCIA A SEÑALIZACION,SEÑALIZACION DESOBEDECER SEÑAL PARE,0,0,0,1,13:15:00
-72.1035088,-36.6155775,369,16,REGION ÑUBLE,16101,CHILLAN,COLLIN,HUAMBALI,0,"Huambalí & Avenida Collin, Chillan, Chillán, Ñuble, Chile",-36.6155775,-72.1035088,1,GEOMETRIC_CENTER,2020,1278772,2020/04/30 00:00:00+00,CHOQUE FRONTAL,CHOQUE,URBANA,IMPRUDENCIA DEL CONDUCTOR,CARGA SOBRESALE ESTRUCTURA VEHICULO,0,0,0,0,14:15:00
-72.5431932,-36.28247,370,16,REGION ÑUBLE,16201,QUIRIHUE,SAN MARTIN,ORTIZ DE ROZAS,0,"Ortiz de Rozas & San Martín, Quirihue, Ñuble, Chile",-36.28247,-72.5431932,1,GEOMETRIC_CENTER,2020,1278797,2020/04/30 00:00:00+00,COLISION,COLISION,URBANA,DESOBEDIENCIA A SEÑALIZACION,SEÑALIZACION DESOBEDECER SEÑAL PARE,0,0,0,0,15:30:00
-72.0776221,-36.6208516,371,16,REGION ÑUBLE,16101,CHILLAN,NUEVA ORIENTE,EL VOLCAN,0,"El Volcán & Avenida Nueva Oriente, Chillan, Chillán, Ñuble, Chile",-36.6208516,-72.0776221,1,GEOMETRIC_CENTER,2020,1279124,2020/05/03 00:00:00+00,COLISION PERPENDICULAR,COLISION,URBANA,ALCOHOL EN CONDUCTOR,CONDUCCION EN ESTADO DE EBRIEDAD,0,0,0,1,21:25:00
-72.0980743,-36.6126336,372,16,REGION ÑUBLE,16101,CHILLAN,INDEPENDENCIA,ARTURO PRAT,0,"Arturo Prat & Independencia, Chillan, Chillán, Ñuble, Chile",-36.6126336,-72.0980743,1,GEOMETRIC_CENTER,2020,1279239,2020/05/04 00:00:00+00,COLISION LATERAL,COLISION,URBANA,DESOBEDIENCIA A SEÑALIZACION,SEÑALIZACION DESOBEDECER SEÑAL PARE,0,0,0,1,11:30:00
-71.9636063,-36.4331476,373,16,REGION ÑUBLE,16301,SAN CARLOS,JOAQUIN DEL PINO,ROBLE,0,"Av. Arturo Prat Chacón #279, Biobío, San Carlos, Ñuble, Chile",-36.4331476,-71.9636063,1,ROOFTOP,2020,1279704,2020/05/06 00:00:00+00,COLISION LATERAL,COLISION,URBANA,DESOBEDIENCIA A SEÑALIZACION,SEÑALIZACION DESOBEDECER SEÑAL CEDA EL PASO,0,0,0,2,14:00:00
-72.0955957,-36.6159649,374,16,REGION ÑUBLE,16101,CHILLAN,ARGENTINA, ,1103,"Argentina 1103, Chillan, Chillán, Región del Bío Bío, Chile",-36.6159649,-72.0955957,1,ROOFTOP,2020,1279414,2020/05/01 00:00:00+00,CHOQUE FRONTAL,CHOQUE,URBANA,ALCOHOL EN CONDUCTOR,CONDUCCION EN ESTADO DE EBRIEDAD,0,0,0,0,01:15:00
-71.9689423,-36.4259693,375,16,REGION ÑUBLE,16301,SAN CARLOS,LAS AMERICAS, ,37,"San Carlos, Ñuble, Chile",-36.4259693,-71.9689423,1,APPROXIMATE,2020,1279463,2020/05/01 00:00:00+00,CHOQUE FRONTAL,CHOQUE,URBANA,ALCOHOL EN CONDUCTOR,CONDUCCION EN ESTADO DE EBRIEDAD,0,0,0,0,02:15:00
-71.9593325,-36.4164147,376,16,REGION ÑUBLE,16301,SAN CARLOS,ITIHUE,GRAL VENEGAS,0,"General José Vicente Venegas & Itihue, San Carlos, Ñuble, Chile",-36.4164147,-71.9593325,1,GEOMETRIC_CENTER,2020,1279464,2020/05/04 00:00:00+00,COLISION LATERAL,COLISION,URBANA,IMPRUDENCIA DEL CONDUCTOR,CONDUCCION NO ATENTO CONDICIONES TRANSITO MOMENTO,0,0,0,0,15:30:00
-72.4629935,-36.7410528,377,16,REGION ÑUBLE,16107,QUILLON,JOSE JOAQUIN PRIETO,COLO COLO,0,"Quillón, Ñuble, Chile",-36.7410528,-72.4629935,1,APPROXIMATE,2020,1279489,2020/05/03 00:00:00+00,IMPACTO CON ANIMAL,OTRO TIPO,URBANA,DEFICIENCIAS VIALES,ANIMALES SUELTOS VIA PUBLICA,0,0,0,0,18:30:00
-72.0720318,-36.6148821,378,16,REGION ÑUBLE,16101,CHILLAN,CENTRAL PANIFICADORES,CERRO ARACAR,0,"Cerro Aracar & Central Panificadores, Chillán, Ñuble, Chile",-36.6148821,-72.0720318,1,GEOMETRIC_CENTER,2020,1280104,2020/05/08 00:00:00+00,COLISION LATERAL,COLISION,URBANA,DESOBEDIENCIA A SEÑALIZACION,SEÑALIZACION DESOBEDECER SEÑAL CEDA EL PASO,0,0,0,1,17:30:00
-72.0891629,-36.6105214,379,16,REGION ÑUBLE,16101,CHILLAN,LOS PRESIDENTES, ,556,"Los Presidentes 556, Chillan, Chillán, Bío Bío, Chile",-36.6105214,-72.0891629,1,ROOFTOP,2020,1280106,2020/05/09 00:00:00+00,CHOQUE LATERAL,CHOQUE,URBANA,IMPRUDENCIA DEL CONDUCTOR,CONDUCCION NO ATENTO CONDICIONES TRANSITO MOMENTO,0,0,0,0,01:10:00
-72.0922317,-36.6060118,380,16,REGION ÑUBLE,16101,CHILLAN,VEGA DE SALDIAS,ARGENTINA,0,"Vega de Saldías & Argentina, Chillan, Chillán, Ñuble, Chile",-36.6060118,-72.0922317,1,GEOMETRIC_CENTER,2020,1280110,2020/05/10 00:00:00+00,COLISION LATERAL,COLISION,URBANA,IMPRUDENCIA DEL CONDUCTOR,NO RESPETAR DERECHO PREFERENTE DE PASO A VEHICULO,0,0,0,0,15:40:00
-72.2871476,-36.7441962,381,16,REGION ÑUBLE,16102,BULNES,ANTONIO VARAS, ,205,"Antonio Varas, Bulnes, Ñuble, Chile",-36.7441962,-72.2871476,1,GEOMETRIC_CENTER,2020,1280224,2020/05/09 00:00:00+00,CHOQUE,CHOQUE,URBANA,IMPRUDENCIA DEL CONDUCTOR,CONDUCCION NO ATENTO CONDICIONES TRANSITO MOMENTO,0,0,0,0,13:45:00
-72.0890508,-36.6321483,382,16,REGION ÑUBLE,16101,CHILLAN,SAN IGNACIO,CENTRAL,0,"Calle Central & San Ignacio, Chillan, Chillán, Ñuble, Chile",-36.6321483,-72.0890508,1,GEOMETRIC_CENTER,2020,1280441,2020/05/12 00:00:00+00,CHOQUE LADO/LADO,CHOQUE,URBANA,IMPRUDENCIA DEL CONDUCTOR,CONDUCCION NO ATENTO CONDICIONES TRANSITO MOMENTO,0,0,0,0,18:15:00
-72.1246148,-36.6283117,383,16,REGION ÑUBLE,16103,CHILLAN VIEJO,BAQUEDANO,CONDE DE MAULE,0,"Conde del Maule & Baquedano, Chillan, Chillán Viejo, Ñuble, Chile",-36.6283117,-72.1246148,1,GEOMETRIC_CENTER,2020,1280639,2020/05/08 00:00:00+00,COLISION PERPENDICULAR,COLISION,URBANA,ALCOHOL EN CONDUCTOR,CONDUCCION EN ESTADO DE EBRIEDAD,0,0,0,0,18:00:00
-71.963749,-36.4324457,384,16,REGION ÑUBLE,16301,SAN CARLOS,FREIRE,ARTURO PRAT,0,"Sector Alameda San Carlos Ñuble - Av. Arturo Prat Chacón 273, San Carlos, Bío Bío, Chile",-36.4324457,-71.963749,1,ROOFTOP,2020,1280664,2020/05/10 00:00:00+00,COLISION POR ALCANCE,COLISION,URBANA,IMPRUDENCIA DEL CONDUCTOR,CONDUCCION NO ATENTO CONDICIONES TRANSITO MOMENTO,0,0,0,0,12:55:00
-71.963749,-36.4324457,385,16,REGION ÑUBLE,16301,SAN CARLOS,CHACABUCO,PRAT SUR,0,"Sector Alameda San Carlos Ñuble - Av. Arturo Prat Chacón 273, San Carlos, Bío Bío, Chile",-36.4324457,-71.963749,1,ROOFTOP,2020,1280851,2020/05/13 00:00:00+00,COLISION LATERAL,COLISION,URBANA,DESOBEDIENCIA A SEÑALIZACION,SEÑALIZACION DESOBEDECER SEÑAL CEDA EL PASO,0,0,0,2,13:35:00
-72.7055397,-36.4901875,386,16,REGION ÑUBLE,16203,COELEMU,DELANO,MANUEL ANTONIO MATTA,0,"Manuel Antonio Matta 370, Coelemu Región de Ñuble - Manuel Antonio Matta 370, Coelemu, Región del Bío Bío, Chile",-36.4901875,-72.7055397,1,ROOFTOP,2020,1280903,2020/05/12 00:00:00+00,ATROPELLO,ATROPELLO,URBANA,IMPRUDENCIA DEL PEATON,PEATON CRUZA CALZADA FORMA SORPRESIVA O DESCUIDADA,1,0,0,0,11:30:00
-72.5449313,-36.2826468,387,16,REGION ÑUBLE,16201,QUIRIHUE,JOSE JOAQUIN PEREZ,PRAT,0,"Ruta 126 & José Joaquín Pérez, Quirihue, Ñuble, Chile",-36.2826468,-72.5449313,1,GEOMETRIC_CENTER,2020,1280904,2020/05/04 00:00:00+00,COLISION LATERAL,COLISION,URBANA,DESOBEDIENCIA A SEÑALIZACION,SEÑALIZACION DESOBEDECER LUZ ROJA DE SEMAFORO,0,0,0,0,20:10:00
-72.018413,-37.118646,388,16,REGION ÑUBLE,16109,YUNGAY,ARTURO PRAT,TACNA,0,"arturo prat 319, Yungay, Bío Bío, Chile",-37.118646,-72.018413,1,ROOFTOP,2020,1281220,2020/05/15 00:00:00+00,ATROPELLO,ATROPELLO,URBANA,IMPRUDENCIA DEL CONDUCTOR,CONDUCCION NO ATENTO CONDICIONES TRANSITO MOMENTO,0,1,0,0,09:30:00
-72.1103432,-36.6097009,389,16,REGION ÑUBLE,16101,CHILLAN,OHIGGINS,ARTURO PRAT,0,"Arturo Prat & Avenida OHiggins, Chillan, Chillán, Ñuble, Chile",-36.6097009,-72.1103432,1,GEOMETRIC_CENTER,2020,1281607,2020/05/12 00:00:00+00,CHOQUE FRENTE/POSTERIOR,CHOQUE,URBANA,IMPRUDENCIA DEL CONDUCTOR,CONDUCCION SIN MANTENER DISTANCIA RAZONABLE NI PRUDENTE,0,0,0,0,22:30:00
-72.1061151,-36.5984238,390,16,REGION ÑUBLE,16101,CHILLAN,OHIGGINS,ECUADOR,0,"Av. OHiggins & Av. Ecuador, Chillan, Chillán, Ñuble, Chile",-36.5984238,-72.1061151,1,GEOMETRIC_CENTER,2020,1281623,2020/05/13 00:00:00+00,COLISION PERPENDICULAR,COLISION,URBANA,DESOBEDIENCIA A SEÑALIZACION,SEÑALIZACION DESOBEDECER LUZ ROJA DE SEMAFORO,0,0,0,0,10:35:00
-72.1055743,-36.6013871,391,16,REGION ÑUBLE,16101,CHILLAN,GAMERO,CLAUDIO ARRAU,0,"Claudio Arrau & Gamero, Chillan, Chillán, Ñuble, Chile",-36.6013871,-72.1055743,1,GEOMETRIC_CENTER,2020,1281640,2020/05/15 00:00:00+00,COLISION LATERAL,COLISION,URBANA,IMPRUDENCIA DEL CONDUCTOR,CONDUCCION NO ATENTO CONDICIONES TRANSITO MOMENTO,0,0,0,0,18:15:00
-72.0788379,-36.616841,392,16,REGION ÑUBLE,16101,CHILLAN,CERRO CARACOL, ,1252,"Cerro Caracol 1252, Chillan, Chillán, Región del Bío Bío, Chile",-36.616841,-72.0788379,1,ROOFTOP,2020,1281643,2020/05/18 00:00:00+00,CHOQUE LADO/LADO,CHOQUE,URBANA,IMPRUDENCIA DEL CONDUCTOR,CONDUCCION NO ATENTO CONDICIONES TRANSITO MOMENTO,0,0,0,0,11:50:00
-72.0995687,-36.9759884,393,16,REGION ÑUBLE,16105,PEMUCO,PEDRO DE VALDIVIA, ,480,"Pemuco, Ñuble, Chile",-36.9759884,-72.0995687,1,APPROXIMATE,2020,1282011,2020/05/22 00:00:00+00,ATROPELLO,ATROPELLO,URBANA,IMPRUDENCIA DEL PEATON,PEATON CRUZA CALZADA FORMA SORPRESIVA O DESCUIDADA,0,0,1,0,15:00:00
-72.1103432,-36.6097009,394,16,REGION ÑUBLE,16101,CHILLAN,OHIGGINS,ARTURO PRAT,0,"Arturo Prat & Avenida OHiggins, Chillan, Chillán, Ñuble, Chile",-36.6097009,-72.1103432,1,GEOMETRIC_CENTER,2020,1282295,2020/05/14 00:00:00+00,COLISION PERPENDICULAR,COLISION,URBANA,IMPRUDENCIA DEL CONDUCTOR,CONDUCCION NO ATENTO CONDICIONES TRANSITO MOMENTO,0,0,0,3,07:20:00
-72.0783101,-36.6171987,395,16,REGION ÑUBLE,16101,CHILLAN,CERRO NEGRO, ,814,"Cerro Negro 814, Chillan, Chillán, Bío Bío, Chile",-36.6171987,-72.0783101,1,RANGE_INTERPOLATED,2020,1282299,2020/05/22 00:00:00+00,CHOQUE POSTERIOR,CHOQUE,URBANA,IMPRUDENCIA DEL CONDUCTOR,CONDUCIR VEHICULO EN RETROCESO,0,0,0,0,23:05:00
-72.0994894,-36.6312497,396,16,REGION ÑUBLE,16101,CHILLAN,LOS NARDOS,LAS MARGARITAS,0,"Las Margaritas & Los Nardos, Chillan, Chillán, Ñuble, Chile",-36.6312497,-72.0994894,1,GEOMETRIC_CENTER,2020,1282301,2020/05/22 00:00:00+00,COLISION PERPENDICULAR,COLISION,URBANA,IMPRUDENCIA DEL CONDUCTOR,CONDUCCION NO ATENTO CONDICIONES TRANSITO MOMENTO,0,1,0,0,20:40:00
-72.0822088,-36.6171157,397,16,REGION ÑUBLE,16101,CHILLAN,RELONCAVI,PILMAIQUEN,0,"Reloncaví & Pilmaiquén, Chillan, Chillán, Ñuble, Chile",-36.6171157,-72.0822088,1,GEOMETRIC_CENTER,2020,1282303,2020/05/24 00:00:00+00,COLISION POR ALCANCE,COLISION,URBANA,IMPRUDENCIA DEL CONDUCTOR,CONDUCCION NO ATENTO CONDICIONES TRANSITO MOMENTO,0,0,0,0,17:30:00
-72.1002348,-36.6094971,398,16,REGION ÑUBLE,16101,CHILLAN,ISABEL RIQUELME,EL ROBLE,0,"El Roble & Isabel Riquelme, Chillan, Chillán, Ñuble, Chile",-36.6094971,-72.1002348,1,GEOMETRIC_CENTER,2020,1282321,2020/05/22 00:00:00+00,ATROPELLO,ATROPELLO,URBANA,IMPRUDENCIA DEL CONDUCTOR,CONDUCCION NO ATENTO CONDICIONES TRANSITO MOMENTO,0,0,0,1,10:25:00
-72.0964018,-36.6036406,399,16,REGION ÑUBLE,16101,CHILLAN,GAMERO,SGTO ALDEA,0,"Gamero & Sargento Aldea, Chillan, Chillán, Ñuble, Chile",-36.6036406,-72.0964018,1,GEOMETRIC_CENTER,2020,1282466,2020/05/19 00:00:00+00,COLISION PERPENDICULAR,COLISION,URBANA,DESOBEDIENCIA A SEÑALIZACION,SEÑALIZACION DESOBEDECER SEÑAL PARE,0,0,0,1,15:15:00
-71.9456504,-36.4264011,400,16,REGION ÑUBLE,16301,SAN CARLOS,VICUÑA MACKENNA, ,1200,"Benjamin Vicuña Mackenna 1200, San Carlos, Bío Bío, Chile",-36.4264011,-71.9456504,1,RANGE_INTERPOLATED,2020,1282582,2020/05/21 00:00:00+00,COLISION POR ALCANCE,COLISION,URBANA,IMPRUDENCIA DEL CONDUCTOR,CONDUCCION NO ATENTO CONDICIONES TRANSITO MOMENTO,0,0,0,0,15:20:00
-72.1025923,-36.6158046,401,16,REGION ÑUBLE,16101,CHILLAN,COLLIN,ISABEL RIQUELME,0,"Isabel Riquelme & Avenida Collin, Chillan, Chillán, Ñuble, Chile",-36.6158046,-72.1025923,1,GEOMETRIC_CENTER,2020,1282647,2020/05/26 00:00:00+00,COLISION LATERAL,COLISION,URBANA,IMPRUDENCIA DEL CONDUCTOR,CONDUCCION NO ATENTO CONDICIONES TRANSITO MOMENTO,0,0,0,1,11:30:00
-72.1072028,-36.6010766,402,16,REGION ÑUBLE,16101,CHILLAN,GAMERO,OHIGGINS,0,"Gamero & Avenida OHiggins, Chillan, Chillán, Ñuble, Chile",-36.6010766,-72.1072028,1,GEOMETRIC_CENTER,2020,1282654,2020/05/27 00:00:00+00,COLISION LATERAL,COLISION,URBANA,IMPRUDENCIA DEL CONDUCTOR,CONDUCCION NO ATENTO CONDICIONES TRANSITO MOMENTO,0,1,0,0,15:15:00
-72.108564,-36.6137678,403,16,REGION ÑUBLE,16101,CHILLAN,CARRERA, ,1164,"Carrera 1164, Chillan, Chillán, Región del Bío Bío, Chile",-36.6137678,-72.108564,1,ROOFTOP,2020,1282659,2020/05/20 00:00:00+00,CHOQUE FRONTAL,CHOQUE,URBANA,DROGAS Y/O FATIGA EN CONDUCTOR,"CONDICIONES FISICAS DEFICIENTES (CANSANCIO, SUEÑO)",0,1,0,0,16:30:00
-72.1418254,-36.607988,404,16,REGION ÑUBLE,16101,CHILLAN,OSORNO,ZAÑARTU,0,"Zañartu & Osorno, Chillan, Chillán, Ñuble, Chile",-36.607988,-72.1418254,1,GEOMETRIC_CENTER,2020,1283349,2020/05/30 00:00:00+00,CHOQUE LADO/POSTERIOR,CHOQUE,URBANA,OTRAS CAUSAS,HECHO DELICTUAL,0,0,0,0,17:20:00
-72.5430624,-36.2799613,405,16,REGION ÑUBLE,16201,QUIRIHUE,COCHRANE,PRAT,0,"Ruta 126 & Cochrane, Quirihue, Ñuble, Chile",-36.2799613,-72.5430624,1,GEOMETRIC_CENTER,2020,1283514,2020/05/28 00:00:00+00,COLISION,COLISION,URBANA,IMPRUDENCIA DEL CONDUCTOR,NO RESPETAR DERECHO PREFERENTE DE PASO A VEHICULO,0,2,0,1,08:55:00
-72.1296003,-36.6155665,406,16,REGION ÑUBLE,16101,CHILLAN,RUIZ DE GAMBOA,REAL AUDIENCIA,0,"Av. Real Audiencia & Av. Mariscal Ruiz de Gamboa, Chillan, Chillán, Ñuble, Chile",-36.6155665,-72.1296003,1,GEOMETRIC_CENTER,2020,1283638,2020/05/30 00:00:00+00,CHOQUE FRONTAL,CHOQUE,URBANA,ALCOHOL EN CONDUCTOR,CONDUCCION EN ESTADO DE EBRIEDAD,0,0,0,1,22:40:00
-72.1258404,-36.6332905,407,16,REGION ÑUBLE,16103,CHILLAN VIEJO,BAQUEDANO,PAULA JARAQUEMADA,0,"Baquedano & Calle Paula Jaraquemada, Chillan, Chillán Viejo, Ñuble, Chile",-36.6332905,-72.1258404,1,GEOMETRIC_CENTER,2020,1283731,2020/05/10 00:00:00+00,COLISION POR ALCANCE,COLISION,URBANA,ALCOHOL EN CONDUCTOR,CONDUCCION EN ESTADO DE EBRIEDAD,0,1,0,1,19:30:00
-72.1410156,-36.622781,408,16,REGION ÑUBLE,16103,CHILLAN VIEJO,OHIGGINS,H RODRIGUEZ,0,"H Rodríguez & Avenida OHiggins, Chillan, Chillán Viejo, Ñuble, Chile",-36.622781,-72.1410156,1,GEOMETRIC_CENTER,2020,1283737,2020/05/16 00:00:00+00,OTRO TIPO,OTRO TIPO,URBANA,ALCOHOL EN CONDUCTOR,CONDUCCION BAJO LA INFLUENCIA DEL ALCOHOL,0,0,0,2,21:05:00
-72.1508579,-36.6236733,409,16,REGION ÑUBLE,16103,CHILLAN VIEJO,OHIGGINS, ,3862,"Av. OHiggins 3862, Chillan Viejo, Chillán Viejo, Bío Bío, Chile",-36.6236733,-72.1508579,1,RANGE_INTERPOLATED,2020,1283743,2020/05/28 00:00:00+00,VOLCADURA,VOLCADURA,URBANA,PERDIDA CONTROL VEHICULO,PERDIDA CONTROL VEHICULO,0,0,0,1,10:15:00