X,Y,FID,COD_REG,REGION,CUT,COMUNA,CALLE_UNO,CALLE_DOS,NUMERO,DIR_GEOCOD,LAT,LNG,VAL_COM,TIPO,Año,Idaccident,Fecha,Tipo_Accid,Tipo__CONA,Zona,Causa__CON,Causa,Fallecidos,Graves,Menos_Grav,Leves,Hora
-72.3021513,-36.7386415,410,16,REGION ÑUBLE,16102,BULNES,CARLOS CONDELL, ,31,"Carlos Condell 31, Bulnes, Bío Bío, Chile",-36.7386415,-72.3021513,1,RANGE_INTERPOLATED,2020,1283821,2020/06/04 00:00:00+00,COLISION,COLISION,URBANA,OTRAS CAUSAS,OTRAS CAUSAS,0,0,0,0,14:09:00
-71.9581746,-36.4240082,411,16,REGION ÑUBLE,16301,SAN CARLOS,OHIGGINS,ECUADOR,0,"Benjamin Vicuña Mackenna 436, San Carlos, Región del Bío Bío, Chile",-36.4240082,-71.9581746,1,ROOFTOP,2020,1283940,2020/05/01 00:00:00+00,COLISION POR ALCANCE,COLISION,URBANA,IMPRUDENCIA DEL CONDUCTOR,CONDUCCION NO ATENTO CONDICIONES TRANSITO MOMENTO,0,0,0,0,17:10:00
-71.948296,-36.4163724,412,16,REGION ÑUBLE,16301,SAN CARLOS,CAMINO LA VIRGEN, ,1,"Cam. La Virgen, San Carlos, Ñuble, Chile",-36.4163724,-71.948296,1,GEOMETRIC_CENTER,2020,1283951,2020/06/02 00:00:00+00,COLISION LATERAL,COLISION,URBANA,IMPRUDENCIA DEL CONDUCTOR,CONDUCCION NO ATENTO CONDICIONES TRANSITO MOMENTO,0,0,0,1,20:10:00
-71.9636063,-36.4331476,413,16,REGION ÑUBLE,16301,SAN CARLOS,CARRERA,JOAQUIN DEL PINO,0,"Av. Arturo Prat Chacón #279, Biobío, San Carlos, Ñuble, Chile",-36.4331476,-71.9636063,1,ROOFTOP,2020,1283954,2020/06/03 00:00:00+00,COLISION LATERAL,COLISION,URBANA,DESOBEDIENCIA A SEÑALIZACION,SEÑALIZACION DESOBEDECER SEÑAL PARE,0,1,0,5,17:00:00
-72.0097042,-37.1128694,414,16,REGION ÑUBLE,16109,YUNGAY,BAQUEDANO, ,43,"Baquedano, Yungay, Ñuble, Chile",-37.1128694,-72.0097042,1,GEOMETRIC_CENTER,2020,1284198,2020/06/06 00:00:00+00,COLISION POR ALCANCE,COLISION,URBANA,IMPRUDENCIA DEL CONDUCTOR,CONDUCCION NO ATENTO CONDICIONES TRANSITO MOMENTO,0,0,0,2,16:55:00
-72.1066352,-36.61323,415,16,REGION ÑUBLE,16101,CHILLAN,PUREN,18 DE SEPTIEMBRE,0,"Dieciocho de Septiembre & Purén, Chillan, Chillán, Ñuble, Chile",-36.61323,-72.1066352,1,GEOMETRIC_CENTER,2020,1284222,2020/06/05 00:00:00+00,COLISION LATERAL,COLISION,URBANA,DESOBEDIENCIA A SEÑALIZACION,SEÑALIZACION DESOBEDECER SEÑAL PARE,0,0,0,1,10:45:00
-72.091409,-36.5989713,416,16,REGION ÑUBLE,16101,CHILLAN,REPUBLICA,VICTOR LAINEZ,0,"Calle Republica & Víctor Laines, Chillan, Chillán, Ñuble, Chile",-36.5989713,-72.091409,1,GEOMETRIC_CENTER,2020,1284224,2020/06/05 00:00:00+00,COLISION PERPENDICULAR,COLISION,URBANA,IMPRUDENCIA DEL CONDUCTOR,CONDUCCION NO ATENTO CONDICIONES TRANSITO MOMENTO,0,0,0,0,09:40:00
-72.0744394,-36.6143739,417,16,REGION ÑUBLE,16101,CHILLAN,CENTRAL PANIFICADORES,TORRES DEL PAINE,0,"Calle Cerro Torres del Paine & Central Panificadores, Chillan, Chillán, Ñuble, Chile",-36.6143739,-72.0744394,1,GEOMETRIC_CENTER,2020,1284229,2020/06/07 00:00:00+00,CHOQUE LADO/LADO,CHOQUE,URBANA,CAUSAS NO DETERMINADAS,CAUSAS NO DETERMINADAS,0,0,0,0,18:45:00
-72.0945677,-36.6121576,418,16,REGION ÑUBLE,16101,CHILLAN,ARGENTINA,MAPON,0,"Maipón & Argentina, Chillan, Chillán, Ñuble, Chile",-36.6121576,-72.0945677,1,GEOMETRIC_CENTER,2020,1284385,2020/06/04 00:00:00+00,COLISION LATERAL,COLISION,URBANA,CAUSAS NO DETERMINADAS,CAUSAS NO DETERMINADAS,0,0,0,0,18:40:00
-72.0848659,-36.6159727,419,16,REGION ÑUBLE,16101,CHILLAN,INGLATERRA,LOS PUELCHES,0,"Inglaterra & Los Puelches, Chillan, Chillán, Ñuble, Chile",-36.6159727,-72.0848659,1,GEOMETRIC_CENTER,2020,1284388,2020/06/08 00:00:00+00,COLISION POR ALCANCE,COLISION,URBANA,IMPRUDENCIA DEL CONDUCTOR,CONDUCCION NO ATENTO CONDICIONES TRANSITO MOMENTO,0,0,0,1,12:30:00
-72.0891734,-36.6206948,420,16,REGION ÑUBLE,16101,CHILLAN,PILCOMAYO,OBRIEN,0,"Pilcomayo & Obrien, Chillan, Chillán, Ñuble, Chile",-36.6206948,-72.0891734,1,GEOMETRIC_CENTER,2020,1284398,2020/06/05 00:00:00+00,COLISION LATERAL,COLISION,URBANA,IMPRUDENCIA DEL CONDUCTOR,"ADELANTAMIENTO EN CRUCE, CURVA, CUESTA, PUENTE",1,0,0,0,16:45:00
-72.0759639,-36.6191538,421,16,REGION ÑUBLE,16101,CHILLAN,TORRES DEL PAINE, ,986,"C. Cerro Torres del Paine 986, Chillan, Chillán, Bío Bío, Chile",-36.6191538,-72.0759639,1,RANGE_INTERPOLATED,2020,1284593,2020/06/08 00:00:00+00,COLISION LATERAL,COLISION,URBANA,IMPRUDENCIA DEL CONDUCTOR,CONDUCCION NO ATENTO CONDICIONES TRANSITO MOMENTO,0,0,0,3,18:20:00
-71.6353417,-36.630711,422,16,REGION ÑUBLE,16302,COIHUECO,LOS QUEÑES,VEGA LARGA,0,"Puente Los Queñes - Sector, Coihueco, Región del Bío Bío, Chile",-36.630711,-71.6353417,1,GEOMETRIC_CENTER,2020,1284631,2020/06/02 00:00:00+00,COLISION FRONTAL,COLISION,RURAL,IMPRUDENCIA DEL CONDUCTOR,CONDUCCION SIN MANTENER DISTANCIA RAZONABLE NI PRUDENTE,0,0,0,1,12:10:00
-72.4629935,-36.7410528,423,16,REGION ÑUBLE,16107,QUILLON,EL CULBEN, ,1,"Quillón, Ñuble, Chile",-36.7410528,-72.4629935,1,APPROXIMATE,2020,1284893,2020/06/10 00:00:00+00,VOLCADURA,VOLCADURA,URBANA,PERDIDA CONTROL VEHICULO,PERDIDA CONTROL VEHICULO,0,0,0,1,20:55:00
-72.2981833,-36.7432971,424,16,REGION ÑUBLE,16102,BULNES,CARLOS PALACIOS,MANUEL BULNES,0,"Carlos Palacios & Manuel Bulnes, Bulnes, Ñuble, Chile",-36.7432971,-72.2981833,1,GEOMETRIC_CENTER,2020,1285100,2020/06/10 00:00:00+00,COLISION,COLISION,URBANA,IMPRUDENCIA DEL CONDUCTOR,CONDUCCION NO ATENTO CONDICIONES TRANSITO MOMENTO,0,0,0,0,20:55:00
-72.1041934,-36.6253681,425,16,REGION ÑUBLE,16101,CHILLAN,LOS BOLDOS, ,849,"Los Boldos 849, Chillan, Chillán, Región del Bío Bío, Chile",-36.6253681,-72.1041934,1,ROOFTOP,2020,1285392,2020/06/11 00:00:00+00,CHOQUE LADO/LADO,CHOQUE,URBANA,IMPRUDENCIA DEL CONDUCTOR,CONDUCCION NO ATENTO CONDICIONES TRANSITO MOMENTO,0,0,0,0,20:30:00
-72.1060344,-36.6263681,426,16,REGION ÑUBLE,16101,CHILLAN,HUAMBALI, ,855,"Huambalí 855, Chillan, Chillán, Bío Bío, Chile",-36.6263681,-72.1060344,1,RANGE_INTERPOLATED,2020,1285416,2020/06/12 00:00:00+00,COLISION POR ALCANCE,COLISION,URBANA,IMPRUDENCIA DEL CONDUCTOR,CONDUCCION NO ATENTO CONDICIONES TRANSITO MOMENTO,0,0,0,0,17:00:00
-72.0979181,-36.6237432,427,16,REGION ÑUBLE,16101,CHILLAN,ALONSO DE ERCILLA,BARROS ARANA,0,"Barros Arana & Alonso de Ercilla, Chillan, Chillán, Ñuble, Chile",-36.6237432,-72.0979181,1,GEOMETRIC_CENTER,2020,1285473,2020/06/12 00:00:00+00,COLISION POR ALCANCE,COLISION,URBANA,IMPRUDENCIA DEL CONDUCTOR,CONDUCCION NO ATENTO CONDICIONES TRANSITO MOMENTO,0,0,0,0,18:45:00
-72.0964018,-36.6036406,428,16,REGION ÑUBLE,16101,CHILLAN,GAMERO,SGTO ALDEA,0,"Gamero & Sargento Aldea, Chillan, Chillán, Ñuble, Chile",-36.6036406,-72.0964018,1,GEOMETRIC_CENTER,2020,1285494,2020/06/16 00:00:00+00,COLISION POR ALCANCE,COLISION,URBANA,IMPRUDENCIA DEL CONDUCTOR,CONDUCCION NO ATENTO CONDICIONES TRANSITO MOMENTO,0,0,0,1,07:58:00
-72.1128895,-36.6302836,429,16,REGION ÑUBLE,16103,CHILLAN VIEJO,REINO DE CHILE, ,656,"Reino de Chile 656, Chillan, Chillán, Bío Bío, Chile",-36.6302836,-72.1128895,1,ROOFTOP,2020,1285751,2020/06/03 00:00:00+00,COLISION FRONTAL,COLISION,URBANA,ALCOHOL EN CONDUCTOR,CONDUCCION BAJO LA INFLUENCIA DEL ALCOHOL,0,0,0,1,07:30:00
-71.9518602,-36.4280193,430,16,REGION ÑUBLE,16301,SAN CARLOS,MATTA,PUELMA,0,"Manuel Antonio Matta Goyenechea & Francisco Puelma Castillo, San Carlos, Ñuble, Chile",-36.4280193,-71.9518602,1,GEOMETRIC_CENTER,2020,1285627,2020/06/17 00:00:00+00,COLISION LATERAL,COLISION,URBANA,DESOBEDIENCIA A SEÑALIZACION,SEÑALIZACION DESOBEDECER SEÑAL PARE,0,0,0,1,09:05:00
-72.1117293,-36.6135757,431,16,REGION ÑUBLE,16101,CHILLAN,COLLIN,OHIGGINS,0,"Av. OHiggins & Av. Collin, Chillan, Chillán, Ñuble, Chile",-36.6135757,-72.1117293,1,GEOMETRIC_CENTER,2020,1285637,2020/06/14 00:00:00+00,COLISION POR ALCANCE,COLISION,URBANA,IMPRUDENCIA DEL CONDUCTOR,CONDUCCION SIN MANTENER DISTANCIA RAZONABLE NI PRUDENTE,0,0,0,0,20:45:00
-72.0861297,-36.6203662,432,16,REGION ÑUBLE,16101,CHILLAN,ESMERALDA,LOS PUELCHES,0,"Los Puelches & Esmeralda, Chillan, Chillán, Ñuble, Chile",-36.6203662,-72.0861297,1,GEOMETRIC_CENTER,2020,1285816,2020/06/17 00:00:00+00,ATROPELLO,ATROPELLO,URBANA,IMPRUDENCIA DEL CONDUCTOR,NO RESPETAR DERECHO PREFERENTE DE PASO A PEATON,0,0,0,1,13:15:00
-72.1077232,-36.6116301,433,16,REGION ÑUBLE,16101,CHILLAN,COCHARCAS,CARRERA,0,"Cocharcas & Carrera, Chillan, Chillán, Ñuble, Chile",-36.6116301,-72.1077232,1,GEOMETRIC_CENTER,2020,1286188,2020/06/22 00:00:00+00,ATROPELLO,ATROPELLO,URBANA,IMPRUDENCIA DEL CONDUCTOR,NO RESPETAR DERECHO PREFERENTE DE PASO A PEATON,0,0,1,0,12:00:00
-72.0712098,-36.6256552,434,16,REGION ÑUBLE,16101,CHILLAN,CIRCUNVALACION,ALONSO DE ERCILLA,0,"Av Alonso de Ercilla & Av. Circunvalacion, Chillan, Chillán, Ñuble, Chile",-36.6256552,-72.0712098,1,GEOMETRIC_CENTER,2020,1286327,2020/06/23 00:00:00+00,CHOQUE POSTERIOR/LADO,CHOQUE,URBANA,IMPRUDENCIA DEL CONDUCTOR,CONDUCCION NO ATENTO CONDICIONES TRANSITO MOMENTO,0,0,0,0,08:00:00
-72.0765903,-36.617485,435,16,REGION ÑUBLE,16101,CHILLAN,NUEVA ORIENTE,CERRO ROBLE,0,"Cerro Roble & Avenida Nueva Oriente, Chillan, Chillán, Ñuble, Chile",-36.617485,-72.0765903,1,GEOMETRIC_CENTER,2020,1286339,2020/06/20 00:00:00+00,COLISION POR ALCANCE,COLISION,URBANA,IMPRUDENCIA DEL CONDUCTOR,CONDUCCION NO ATENTO CONDICIONES TRANSITO MOMENTO,0,0,0,0,19:25:00
-71.9711716,-36.4173138,436,16,REGION ÑUBLE,16301,SAN CARLOS,EL PEUMO, ,632,"El Peumo 632, San Carlos, Bío Bío, Chile",-36.4173138,-71.9711716,1,RANGE_INTERPOLATED,2020,1286421,2020/06/20 00:00:00+00,ATROPELLO,ATROPELLO,URBANA,IMPRUDENCIA DEL CONDUCTOR,CONDUCCION NO ATENTO CONDICIONES TRANSITO MOMENTO,0,0,0,1,21:00:00
-72.0995687,-36.9759884,437,16,REGION ÑUBLE,16105,PEMUCO,ALAMEDA, ,23,"Pemuco, Ñuble, Chile",-36.9759884,-72.0995687,1,APPROXIMATE,2020,1286952,2020/06/27 00:00:00+00,CHOQUE FRENTE/LADO,CHOQUE,URBANA,CAUSAS NO DETERMINADAS,CAUSAS NO DETERMINADAS,0,0,0,0,20:40:00
-72.2926938,-36.7452433,438,16,REGION ÑUBLE,16102,BULNES,PEDRO LAGOS,BERNARDO OHIGGINS,0,"Bulnes, Región del Bío Bío, Chile",-36.7452433,-72.2926938,1,GEOMETRIC_CENTER,2020,1286469,2020/06/16 00:00:00+00,CHOQUE,CHOQUE,URBANA,OTRAS CAUSAS,OTRAS CAUSAS,0,0,0,0,09:25:00
-72.0872641,-36.5903456,439,16,REGION ÑUBLE,16101,CHILLAN,PAUL HARRIS,FLORES MILLAN,0,"Avenida Paul Harris & Flores Millán, Chillan, Chillán, Ñuble, Chile",-36.5903456,-72.0872641,1,GEOMETRIC_CENTER,2020,1286564,2020/06/20 00:00:00+00,CHOQUE FRENTE/LADO,CHOQUE,URBANA,IMPRUDENCIA DEL CONDUCTOR,CONDUCCION NO ATENTO CONDICIONES TRANSITO MOMENTO,0,0,0,0,18:45:00
-72.0971647,-36.6102239,440,16,REGION ÑUBLE,16101,CHILLAN,EL ROBLE,INDEPENDENCIA,0,"El Roble & Independencia, Chillan, Chillán, Ñuble, Chile",-36.6102239,-72.0971647,1,GEOMETRIC_CENTER,2020,1286567,2020/06/20 00:00:00+00,CHOQUE POSTERIOR/LADO,CHOQUE,URBANA,IMPRUDENCIA DEL CONDUCTOR,CONDUCCION NO ATENTO CONDICIONES TRANSITO MOMENTO,0,0,0,0,17:30:00
-71.9624007,-36.4259508,441,16,REGION ÑUBLE,16301,SAN CARLOS,GRAL VENEGAS,MATTA,0,"Manuel Antonio Matta Goyenechea & General José Vicente Venegas, San Carlos, Ñuble, Chile",-36.4259508,-71.9624007,1,GEOMETRIC_CENTER,2020,1286837,2020/06/25 00:00:00+00,COLISION LATERAL,COLISION,URBANA,IMPRUDENCIA DEL CONDUCTOR,CONDUCCION NO ATENTO CONDICIONES TRANSITO MOMENTO,0,0,0,1,13:00:00
-72.0744394,-36.6143739,442,16,REGION ÑUBLE,16101,CHILLAN,CENTRAL PANIFICADORES,TORRES DEL PAINE,0,"Calle Cerro Torres del Paine & Central Panificadores, Chillan, Chillán, Ñuble, Chile",-36.6143739,-72.0744394,1,GEOMETRIC_CENTER,2020,1286941,2020/06/26 00:00:00+00,COLISION LATERAL,COLISION,URBANA,IMPRUDENCIA DEL CONDUCTOR,CONDUCCION NO ATENTO CONDICIONES TRANSITO MOMENTO,0,0,0,1,21:40:00
-72.0917568,-36.6247168,443,16,REGION ÑUBLE,16101,CHILLAN,ALONSO DE ERCILLA,SAN PEDRO DE ATACAMA,0,"San Pedro de Atacama & Alonso de Ercilla, Chillan, Chillán, Ñuble, Chile",-36.6247168,-72.0917568,1,GEOMETRIC_CENTER,2020,1286943,2020/06/26 00:00:00+00,COLISION POR ALCANCE,COLISION,URBANA,IMPRUDENCIA DEL CONDUCTOR,CONDUCCION NO ATENTO CONDICIONES TRANSITO MOMENTO,0,0,0,0,18:20:00
-72.097627,-36.6231905,444,16,REGION ÑUBLE,16101,CHILLAN,BARROS ARANA, ,576,"Barros Arana 576, Chillan, Chillán, Región del Bío Bío, Chile",-36.6231905,-72.097627,1,ROOFTOP,2020,1286944,2020/06/26 00:00:00+00,CHOQUE POSTERIOR/LADO,CHOQUE,URBANA,IMPRUDENCIA DEL CONDUCTOR,CONDUCCION NO ATENTO CONDICIONES TRANSITO MOMENTO,0,0,0,1,21:40:00
-72.7049705,-36.4886259,445,16,REGION ÑUBLE,16203,COELEMU,MANUEL ANTONIO MATTA, ,499,"Manuel Antonio Matta 499, Coelemu, Bío Bío, Chile",-36.4886259,-72.7049705,1,RANGE_INTERPOLATED,2020,1287262,2020/06/24 00:00:00+00,CHOQUE,CHOQUE,URBANA,CAUSAS NO DETERMINADAS,CAUSAS NO DETERMINADAS,0,0,0,0,12:00:00
-72.7035711,-36.4890807,446,16,REGION ÑUBLE,16203,COELEMU,ANIBAL PINTO,PEDRO LEON GALLO,0,"Calle Anibal Pinto & Pedro León Gallo, Coelemu, Ñuble, Chile",-36.4890807,-72.7035711,1,GEOMETRIC_CENTER,2020,1287270,2020/06/24 00:00:00+00,COLISION POR ALCANCE,COLISION,URBANA,CAUSAS NO DETERMINADAS,CAUSAS NO DETERMINADAS,0,0,0,0,19:40:00
-72.0740692,-36.6067527,447,16,REGION ÑUBLE,16101,CHILLAN,LAS TERMAS,SAN BERNARDO,0,"San Bernardo & Las Termas, Chillan, Chillán, Ñuble, Chile",-36.6067527,-72.0740692,1,GEOMETRIC_CENTER,2020,1287292,2020/06/25 00:00:00+00,COLISION PERPENDICULAR,COLISION,URBANA,DESOBEDIENCIA A SEÑALIZACION,SEÑALIZACION DESOBEDECER SEÑAL PARE,0,0,0,2,07:45:00
-72.1005343,-36.614731,448,16,REGION ÑUBLE,16101,CHILLAN,PUREN,SGTO ALDEA,0,"Sargento Aldea & Purén, Chillan, Chillán, Ñuble, Chile",-36.614731,-72.1005343,1,GEOMETRIC_CENTER,2020,1287423,2020/06/30 00:00:00+00,COLISION LATERAL,COLISION,URBANA,DESOBEDIENCIA A SEÑALIZACION,SEÑALIZACION DESOBEDECER SEÑAL PARE,0,0,0,2,12:50:00
-72.0945677,-36.6121576,449,16,REGION ÑUBLE,16101,CHILLAN,ARGENTINA,MAIPON,0,"Maipón & Argentina, Chillan, Chillán, Ñuble, Chile",-36.6121576,-72.0945677,1,GEOMETRIC_CENTER,2020,1287424,2020/06/30 00:00:00+00,CHOQUE LADO/LADO,CHOQUE,URBANA,CAUSAS NO DETERMINADAS,CAUSAS NO DETERMINADAS,0,0,0,0,19:40:00
-71.9656602,-36.4163616,450,16,REGION ÑUBLE,16301,SAN CARLOS,BRASIL,TOMAS YAVAR,0,"Teniente Tomás Yávar, San Carlos, Región del Bío Bío, Chile",-36.4163616,-71.9656602,1,GEOMETRIC_CENTER,2020,1287448,2020/06/25 00:00:00+00,COLISION LATERAL,COLISION,URBANA,DESOBEDIENCIA A SEÑALIZACION,SEÑALIZACION DESOBEDECER SEÑAL PARE,0,0,0,1,18:30:00
-71.5497682,-36.5573444,451,16,REGION ÑUBLE,16304,SAN FABIAN,21 DE MAYO,INDEPENDENCIA,0,"Independencia & 21 de Mayo, San Fabián, Ñuble, Chile",-36.5573444,-71.5497682,1,GEOMETRIC_CENTER,2020,1287456,2020/06/26 00:00:00+00,COLISION LATERAL,COLISION,URBANA,DESOBEDIENCIA A SEÑALIZACION,SEÑALIZACION DESOBEDECER SEÑAL CEDA EL PASO,0,0,0,0,18:00:00
-71.9624007,-36.4259508,452,16,REGION ÑUBLE,16301,SAN CARLOS,GRAL VENEGAS,MATTA,0,"Manuel Antonio Matta Goyenechea & General José Vicente Venegas, San Carlos, Ñuble, Chile",-36.4259508,-71.9624007,1,GEOMETRIC_CENTER,2020,1287499,2020/06/28 00:00:00+00,COLISION LATERAL,COLISION,URBANA,DESOBEDIENCIA A SEÑALIZACION,SEÑALIZACION DESOBEDECER SEÑAL CEDA EL PASO,0,0,0,2,20:05:00
-72.4629935,-36.7410528,453,16,REGION ÑUBLE,16107,QUILLON,IGNACIO CARRERA PINTO,OHIGGINS,0,"Quillón, Ñuble, Chile",-36.7410528,-72.4629935,1,APPROXIMATE,2020,1287687,2020/06/27 00:00:00+00,ATROPELLO,ATROPELLO,URBANA,IMPRUDENCIA DEL CONDUCTOR,CONDUCCION NO ATENTO CONDICIONES TRANSITO MOMENTO,0,0,0,1,19:45:00
-72.0827261,-36.6246734,454,16,REGION ÑUBLE,16101,CHILLAN,VOLCAN LONGAVI, ,1595,"Longaví 1595, Chillan, Chillán, Región del Bío Bío, Chile",-36.6246734,-72.0827261,1,ROOFTOP,2020,1287737,2020/07/01 00:00:00+00,CHOQUE LADO/LADO,CHOQUE,URBANA,CAUSAS NO DETERMINADAS,CAUSAS NO DETERMINADAS,0,0,0,0,12:15:00
-72.0806986,-36.6234662,455,16,REGION ÑUBLE,16101,CHILLAN,LICANCABUR, ,1036,"Volcán Licancabur 1036, Chillan, Chillán, Bío Bío, Chile",-36.6234662,-72.0806986,1,RANGE_INTERPOLATED,2020,1287739,2020/07/01 00:00:00+00,CHOQUE LATERAL,CHOQUE,URBANA,ALCOHOL EN CONDUCTOR,CONDUCCION EN ESTADO DE EBRIEDAD,0,0,0,0,16:15:00
-72.0929601,-36.6174088,456,16,REGION ÑUBLE,16101,CHILLAN,CRISTOBAL COLON,CRUCERO,0,"Crucero & Cristóbal Colón, Chillan, Chillán, Ñuble, Chile",-36.6174088,-72.0929601,1,GEOMETRIC_CENTER,2020,1288552,2020/07/03 00:00:00+00,COLISION POR ALCANCE,COLISION,URBANA,IMPRUDENCIA DEL CONDUCTOR,CONDUCCION NO ATENTO CONDICIONES TRANSITO MOMENTO,0,0,1,0,07:00:00
-72.0849683,-36.6164684,457,16,REGION ÑUBLE,16101,CHILLAN,LOS PUELCHES,RELONCAVI,0,"Reloncaví & Los Puelches, Chillan, Chillán, Ñuble, Chile",-36.6164684,-72.0849683,1,GEOMETRIC_CENTER,2020,1288645,2020/07/07 00:00:00+00,COLISION POR ALCANCE,COLISION,URBANA,IMPRUDENCIA DEL CONDUCTOR,CONDUCCION NO ATENTO CONDICIONES TRANSITO MOMENTO,0,0,0,0,18:10:00
-72.1049803,-36.6127509,458,16,REGION ÑUBLE,16101,CHILLAN,ARAUCO, ,1030,"Arauco 1030, Chillan, Chillán, Región del Bío Bío, Chile",-36.6127509,-72.1049803,1,ROOFTOP,2020,1288649,2020/07/07 00:00:00+00,CHOQUE FRENTE/POSTERIOR,CHOQUE,URBANA,IMPRUDENCIA DEL CONDUCTOR,CONDUCCION NO ATENTO CONDICIONES TRANSITO MOMENTO,0,0,0,0,13:20:00
-71.9646954,-36.4280762,459,16,REGION ÑUBLE,16301,SAN CARLOS,OSSA,FREIRE,0,"Ramón Freire & Sinforiano Ossa, San Carlos, Ñuble, Chile",-36.4280762,-71.9646954,1,GEOMETRIC_CENTER,2020,1288946,2020/07/04 00:00:00+00,COLISION POR ALCANCE,COLISION,URBANA,IMPRUDENCIA DEL CONDUCTOR,CONDUCCION NO ATENTO CONDICIONES TRANSITO MOMENTO,0,0,0,1,17:30:00
-71.9585132,-36.4190485,460,16,REGION ÑUBLE,16301,SAN CARLOS,CHACABUCO,ÑUBLE,0,"Chacabuco & Ñuble, San Carlos, Ñuble, Chile",-36.4190485,-71.9585132,1,GEOMETRIC_CENTER,2020,1288957,2020/07/07 00:00:00+00,ATROPELLO,ATROPELLO,URBANA,IMPRUDENCIA DEL CONDUCTOR,CONDUCCION NO ATENTO CONDICIONES TRANSITO MOMENTO,0,0,0,1,17:40:00
-72.0626077,-36.2362668,461,16,REGION ÑUBLE,16303,ÑIQUEN,CAMINO VECINAL,SAN BENITO,0,"Niquen, Ñiquén, Ñuble, Chile",-36.2362668,-72.0626077,1,APPROXIMATE,2020,1288965,2020/07/08 00:00:00+00,COLISION LATERAL,COLISION,URBANA,IMPRUDENCIA DEL CONDUCTOR,CONDUCCION NO ATENTO CONDICIONES TRANSITO MOMENTO,0,0,0,0,10:00:00
-72.0277678,-36.8972429,462,16,REGION ÑUBLE,16104,EL CARMEN,MANUEL RODRIGUEZ, ,515,"El Carmen, Región del Bío Bío, Chile",-36.8972429,-72.0277678,1,GEOMETRIC_CENTER,2020,1289127,2020/07/10 00:00:00+00,COLISION POR ALCANCE,COLISION,URBANA,IMPRUDENCIA DEL CONDUCTOR,NO RESPETAR DERECHO PREFERENTE DE PASO A VEHICULO,0,0,0,0,11:30:00
-71.8326326,-36.6283011,463,16,REGION ÑUBLE,16302,COIHUECO,ARTURO PRAT,BALMACEDA,0,"Calle Balmaceda & Arturo Prat, Coihueco, Ñuble, Chile",-36.6283011,-71.8326326,1,GEOMETRIC_CENTER,2020,1289135,2020/06/19 00:00:00+00,COLISION PERPENDICULAR,COLISION,URBANA,IMPRUDENCIA DEL CONDUCTOR,CONDUCCION NO ATENTO CONDICIONES TRANSITO MOMENTO,0,0,0,0,12:15:00
-72.4691694,-36.7389946,464,16,REGION ÑUBLE,16107,QUILLON,CAMILO HENRIQUEZ,GALVARINO,0,"Camilo Henriquez & Galvarino, Quillón, Ñuble, Chile",-36.7389946,-72.4691694,1,GEOMETRIC_CENTER,2020,1289455,2020/07/07 00:00:00+00,CHOQUE,CHOQUE,URBANA,PERDIDA CONTROL VEHICULO,PERDIDA CONTROL VEHICULO,0,0,1,0,08:45:00
-72.3030948,-36.7410559,465,16,REGION ÑUBLE,16102,BULNES,EL ARAYAN, ,439,"Bulnes, Ñuble, Chile",-36.7410559,-72.3030948,1,APPROXIMATE,2020,1289654,2020/07/16 00:00:00+00,CHOQUE,CHOQUE,URBANA,OTRAS CAUSAS,OTRAS CAUSAS,0,0,0,0,18:00:00
-72.0995687,-36.9759884,466,16,REGION ÑUBLE,16105,PEMUCO,ANDES, ,31,"Pemuco, Ñuble, Chile",-36.9759884,-72.0995687,1,APPROXIMATE,2020,1289749,2020/07/12 00:00:00+00,CHOQUE FRENTE/POSTERIOR,CHOQUE,URBANA,ALCOHOL EN CONDUCTOR,CONDUCCION EN ESTADO DE EBRIEDAD,0,0,0,0,23:40:00
-71.9553611,-36.4247425,467,16,REGION ÑUBLE,16301,SAN CARLOS,VICUÑA MACKENNA,CARRERA,0,"Benjamin Vicuña Mackenna, San Carlos, Ñuble, Chile",-36.4247425,-71.9553611,1,GEOMETRIC_CENTER,2020,1289780,2020/07/17 00:00:00+00,ATROPELLO,ATROPELLO,URBANA,IMPRUDENCIA DEL PEATON,PEATON CRUZA CALZADA FORMA SORPRESIVA O DESCUIDADA,0,0,0,1,19:00:00