X,Y,FID,COD_REG,REGION,CUT,COMUNA,CALLE_UNO,CALLE_DOS,NUMERO,DIR_GEOCOD,LAT,LNG,VAL_COM,TIPO,Año,Idaccident,Fecha,Tipo_Accid,Tipo__CONA,Zona,Causa__CON,Causa,Fallecidos,Graves,Menos_Grav,Leves,Hora
-72.7023933,-36.4882663,468,16,REGION ÑUBLE,16203,COELEMU,PALAZUELOS,PEDRO LEON GALLO,0,"J. A. Palazuelos 358, Coelemu, Región del Bío Bío, Chile",-36.4882663,-72.7023933,1,ROOFTOP,2020,1289851,2020/07/14 00:00:00+00,ATROPELLO,ATROPELLO,URBANA,CAUSAS NO DETERMINADAS,CAUSAS NO DETERMINADAS,0,0,0,1,14:15:00
-72.1072028,-36.6010766,469,16,REGION ÑUBLE,16101,CHILLAN,GAMERO,OHIGGINS,0,"Gamero & Avenida OHiggins, Chillan, Chillán, Ñuble, Chile",-36.6010766,-72.1072028,1,GEOMETRIC_CENTER,2020,1290148,2020/07/01 00:00:00+00,COLISION PERPENDICULAR,COLISION,URBANA,DESOBEDIENCIA A SEÑALIZACION,SEÑALIZACION DESOBEDECER LUZ ROJA DE SEMAFORO,0,1,0,1,09:30:00
-72.1003975,-36.6054615,470,16,REGION ÑUBLE,16101,CHILLAN,BULNES,5 DE ABRIL,0,"5 de Abril & Bulnes, Chillan, Chillán, Ñuble, Chile",-36.6054615,-72.1003975,1,GEOMETRIC_CENTER,2020,1290425,2020/07/21 00:00:00+00,COLISION LATERAL,COLISION,URBANA,IMPRUDENCIA DEL CONDUCTOR,CONDUCCION NO ATENTO CONDICIONES TRANSITO MOMENTO,0,0,0,0,15:00:00
-72.1094468,-36.6153808,471,16,REGION ÑUBLE,16101,CHILLAN,SCHLEYER, ,150,"Schleyer 150, Chillan, Chillán, Bío Bío, Chile",-36.6153808,-72.1094468,1,ROOFTOP,2020,1290587,2020/07/11 00:00:00+00,CHOQUE FRONTAL,CHOQUE,URBANA,CAUSAS NO DETERMINADAS,CAUSAS NO DETERMINADAS,0,0,0,0,05:15:00
-72.1133715,-36.6148148,472,16,REGION ÑUBLE,16101,CHILLAN,OHIGGINS,SCHLEYER,0,"Schleyer & Avenida OHiggins, Chillan, Chillán, Ñuble, Chile",-36.6148148,-72.1133715,1,GEOMETRIC_CENTER,2020,1290589,2020/07/22 00:00:00+00,COLISION PERPENDICULAR,COLISION,URBANA,IMPRUDENCIA DEL CONDUCTOR,NO RESPETAR DERECHO PREFERENTE DE PASO A VEHICULO,0,1,0,0,08:40:00
-72.093188,-36.6085271,473,16,REGION ÑUBLE,16101,CHILLAN,ARGENTINA,LIBERTAD,0,"Argentina & Libertad, Chillan, Chillán, Ñuble, Chile",-36.6085271,-72.093188,1,GEOMETRIC_CENTER,2020,1290739,2020/07/23 00:00:00+00,COLISION LATERAL,COLISION,URBANA,CAUSAS NO DETERMINADAS,CAUSAS NO DETERMINADAS,0,0,0,0,16:30:00
-72.093188,-36.6085271,474,16,REGION ÑUBLE,16101,CHILLAN,ARGENTINA,LIBERTAD,0,"Argentina & Libertad, Chillan, Chillán, Ñuble, Chile",-36.6085271,-72.093188,1,GEOMETRIC_CENTER,2020,1290742,2020/07/23 00:00:00+00,COLISION POR ALCANCE,COLISION,URBANA,IMPRUDENCIA DEL CONDUCTOR,CONDUCCION NO ATENTO CONDICIONES TRANSITO MOMENTO,0,0,0,0,18:30:00
-72.7983629,-36.1315364,475,16,REGION ÑUBLE,16202,COBQUECURA,REHUE, ,200,"Rehue, Cobquecura, Ñuble, Chile",-36.1315364,-72.7983629,1,GEOMETRIC_CENTER,2020,1291280,2020/07/24 00:00:00+00,CHOQUE,CHOQUE,RURAL,FALLAS MECANICAS,FALLAS MECANICAS FRENOS,0,0,0,2,18:25:00
-72.1005343,-36.614731,476,16,REGION ÑUBLE,16101,CHILLAN,SARGENTO ALDEA,PUREN,0,"Sargento Aldea & Purén, Chillan, Chillán, Ñuble, Chile",-36.614731,-72.1005343,1,GEOMETRIC_CENTER,2020,1291293,2020/07/25 00:00:00+00,COLISION PERPENDICULAR,COLISION,URBANA,DESOBEDIENCIA A SEÑALIZACION,SEÑALIZACION DESOBEDECER SEÑAL PARE,0,0,0,1,13:05:00
-72.1081632,-36.6128655,477,16,REGION ÑUBLE,16101,CHILLAN,PUREN,CARRERA,0,"Carrera & Purén, Chillan, Chillán, Ñuble, Chile",-36.6128655,-72.1081632,1,GEOMETRIC_CENTER,2020,1291296,2020/07/26 00:00:00+00,COLISION PERPENDICULAR,COLISION,URBANA,DESOBEDIENCIA A SEÑALIZACION,SEÑALIZACION DESOBEDECER SEÑAL PARE,0,0,0,2,11:35:00
-71.8341961,-36.6281758,478,16,REGION ÑUBLE,16302,COIHUECO,SECTOR EL EMBALSE, ,1,"Coihueco, Ñuble, Chile",-36.6281758,-71.8341961,1,APPROXIMATE,2020,1290408,2020/07/02 00:00:00+00,VOLCADURA,VOLCADURA,RURAL,PERDIDA CONTROL VEHICULO,PERDIDA CONTROL VEHICULO,0,1,0,1,16:00:00
-71.9689423,-36.4259693,479,16,REGION ÑUBLE,16301,SAN CARLOS,CALETERA PONIENTE, ,3785,"San Carlos, Ñuble, Chile",-36.4259693,-71.9689423,1,APPROXIMATE,2020,1291692,2020/07/23 00:00:00+00,ATROPELLO,ATROPELLO,URBANA,IMPRUDENCIA DEL PEATON,IMPRUDENCIA DEL PEATON,0,0,0,1,21:35:00
-71.9534387,-36.4336576,480,16,REGION ÑUBLE,16301,SAN CARLOS,BAENA, ,150,"Baena, San Carlos, Ñuble, Chile",-36.4336576,-71.9534387,1,GEOMETRIC_CENTER,2020,1291693,2020/07/25 00:00:00+00,ATROPELLO,ATROPELLO,URBANA,IMPRUDENCIA DEL CONDUCTOR,CONDUCCION NO ATENTO CONDICIONES TRANSITO MOMENTO,0,0,0,1,09:45:00
-72.4738004,-36.7428981,481,16,REGION ÑUBLE,16107,QUILLON,CAYUMANQUI, ,357,"Cayumanqui 357, Quillón, Bío Bío, Chile",-36.7428981,-72.4738004,1,RANGE_INTERPOLATED,2020,1291821,2020/07/19 00:00:00+00,COLISION,COLISION,URBANA,OTRAS CAUSAS,OTRAS CAUSAS,0,0,0,0,13:00:00
-72.0991894,-36.6110854,482,16,REGION ÑUBLE,16101,CHILLAN,SARGENTO ALDEA,MAIPON,0,"Maipón & Sargento Aldea, Chillan, Chillán, Ñuble, Chile",-36.6110854,-72.0991894,1,GEOMETRIC_CENTER,2020,1291988,2020/07/29 00:00:00+00,CHOQUE LADO/FRENTE,CHOQUE,URBANA,IMPRUDENCIA DEL CONDUCTOR,CONDUCCION NO ATENTO CONDICIONES TRANSITO MOMENTO,0,0,0,0,11:45:00
-72.1248789,-36.6232545,483,16,REGION ÑUBLE,16103,CHILLAN VIEJO,BARBOZA,SOTOMAYOR,0,"E Barboza & Sotomayor, Chillan, Chillán Viejo, Ñuble, Chile",-36.6232545,-72.1248789,1,GEOMETRIC_CENTER,2020,1292622,2020/07/15 00:00:00+00,COLISION PERPENDICULAR,COLISION,URBANA,CAUSAS NO DETERMINADAS,CAUSAS NO DETERMINADAS,0,0,0,0,20:10:00
-72.1309759,-36.6224665,484,16,REGION ÑUBLE,16103,CHILLAN VIEJO,CAMINO SUR ACCEDO PEAJE, ,1,"Chillan Viejo, Chillán Viejo, Ñuble, Chile",-36.6224665,-72.1309759,1,APPROXIMATE,2020,1292624,2020/07/15 00:00:00+00,COLISION POR ALCANCE,COLISION,URBANA,IMPRUDENCIA DEL CONDUCTOR,CONDUCCION NO ATENTO CONDICIONES TRANSITO MOMENTO,0,0,0,0,16:15:00
-71.8326326,-36.6283011,485,16,REGION ÑUBLE,16302,COIHUECO,BALMACEDA,ARTURO PRAT,0,"Calle Balmaceda & Arturo Prat, Coihueco, Ñuble, Chile",-36.6283011,-71.8326326,1,GEOMETRIC_CENTER,2020,1292627,2020/07/16 00:00:00+00,COLISION POR ALCANCE,COLISION,URBANA,ALCOHOL EN CONDUCTOR,CONDUCCION EN ESTADO DE EBRIEDAD,0,0,0,0,19:15:00
-71.8940937,-36.7,486,16,REGION ÑUBLE,16106,PINTO,PENDIENTE LOS CARACOLES, ,1,"Pinto, Ñuble, Chile",-36.7,-71.8940937,1,APPROXIMATE,2020,1292637,2020/07/25 00:00:00+00,COLISION FRONTAL,COLISION,RURAL,CAUSAS NO DETERMINADAS,CAUSAS NO DETERMINADAS,0,0,0,1,17:00:00
-72.121622,-36.605936,487,16,REGION ÑUBLE,16101,CHILLAN,ANTARTICA CHILENA,RUIZ DE GAMBOA,0,"Avenida Mariscal Ruiz de Gamboa & Antártica Chilena, Chillan, Chillán, Ñuble, Chile",-36.605936,-72.121622,1,GEOMETRIC_CENTER,2020,1292673,2020/07/30 00:00:00+00,COLISION POR ALCANCE,COLISION,URBANA,IMPRUDENCIA DEL CONDUCTOR,CONDUCCION NO ATENTO CONDICIONES TRANSITO MOMENTO,0,0,0,1,18:30:00
-72.0968651,-36.6048569,488,16,REGION ÑUBLE,16101,CHILLAN,VEGA DE SALDIAS,SGTO ALDEA,0,"Sargento Aldea & Vega de Saldías, Chillan, Chillán, Ñuble, Chile",-36.6048569,-72.0968651,1,GEOMETRIC_CENTER,2020,1292684,2020/08/01 00:00:00+00,COLISION PERPENDICULAR,COLISION,URBANA,DESOBEDIENCIA A SEÑALIZACION,SEÑALIZACION DESOBEDECER SEÑAL CEDA EL PASO,0,0,0,0,17:10:00
-72.0870422,-36.6134165,489,16,REGION ÑUBLE,16101,CHILLAN,PASAJE CATORCE, ,46,"Pje. Catorce 46, Chillan, Chillán, Bío Bío, Chile",-36.6134165,-72.0870422,1,RANGE_INTERPOLATED,2020,1292818,2020/08/03 00:00:00+00,CHOQUE FRENTE/POSTERIOR,CHOQUE,URBANA,OTRAS CAUSAS,OTRAS CAUSAS,0,0,0,0,14:00:00
-72.1072442,-36.6103913,490,16,REGION ÑUBLE,16101,CHILLAN,ARTURO PRAT,CARRERA,0,"Carrera & Arturo Prat, Chillan, Chillán, Ñuble, Chile",-36.6103913,-72.1072442,1,GEOMETRIC_CENTER,2020,1292820,2020/08/01 00:00:00+00,COLISION PERPENDICULAR,COLISION,URBANA,IMPRUDENCIA DEL CONDUCTOR,CONDUCCION NO ATENTO CONDICIONES TRANSITO MOMENTO,0,0,0,0,09:30:00
-72.0711628,-36.6264672,491,16,REGION ÑUBLE,16101,CHILLAN,SALTO LOS PELLINES,CIRCUNVALACION,0,"Salto de Los Pellines & Avenida Circunvalacion, Chillan, Chillán, Ñuble, Chile",-36.6264672,-72.0711628,1,GEOMETRIC_CENTER,2020,1292821,2020/08/05 00:00:00+00,ATROPELLO,ATROPELLO,URBANA,IMPRUDENCIA DEL CONDUCTOR,NO RESPETAR DERECHO PREFERENTE DE PASO A PEATON,0,0,0,1,19:20:00
-72.0995951,-36.6265801,492,16,REGION ÑUBLE,16101,CHILLAN,RIO VIEJO,BARROS ARANA,0,"Río Viejo & Barros Arana, Chillan, Chillán, Ñuble, Chile",-36.6265801,-72.0995951,1,GEOMETRIC_CENTER,2020,1292822,2020/08/03 00:00:00+00,COLISION PERPENDICULAR,COLISION,URBANA,DESOBEDIENCIA A SEÑALIZACION,SEÑALIZACION DESOBEDECER SEÑAL CEDA EL PASO,0,0,0,0,11:40:00
-72.0848659,-36.6159727,493,16,REGION ÑUBLE,16101,CHILLAN,LOS PUELCHES,INGLATERRA,0,"Inglaterra & Los Puelches, Chillan, Chillán, Ñuble, Chile",-36.6159727,-72.0848659,1,GEOMETRIC_CENTER,2020,1293081,2020/08/07 00:00:00+00,COLISION PERPENDICULAR,COLISION,URBANA,IMPRUDENCIA DEL CONDUCTOR,CONDUCCION NO ATENTO CONDICIONES TRANSITO MOMENTO,0,0,0,1,17:20:00
-72.53929,-36.2786028,494,16,REGION ÑUBLE,16201,QUIRIHUE,JUAN ANTONIO GONZALEZ,INDEPENDENCIA,0,"Independencia & Juan Antonio González, Quirihue, Ñuble, Chile",-36.2786028,-72.53929,1,GEOMETRIC_CENTER,2020,1293709,2020/08/05 00:00:00+00,COLISION LATERAL,COLISION,URBANA,IMPRUDENCIA DEL CONDUCTOR,CONDUCCION NO ATENTO CONDICIONES TRANSITO MOMENTO,0,0,0,1,13:15:00
-72.0264765,-36.8972888,495,16,REGION ÑUBLE,16104,EL CARMEN,GRAL BAQUEDANO,INDEPENDENCIA,0,"General baquedano 385, El Carmen, Región del Bío Bío, Chile",-36.8972888,-72.0264765,1,ROOFTOP,2020,1293901,2020/08/01 00:00:00+00,COLISION PERPENDICULAR,COLISION,URBANA,IMPRUDENCIA DEL CONDUCTOR,CONDUCCION CONTRA SENTIDO DEL TRANSITO,0,0,0,0,09:40:00
-72.0960903,-36.6117852,496,16,REGION ÑUBLE,16101,CHILLAN,MAIPON,YERBAS BUENAS,0,"Maipón & Yerbas Buenas, Chillan, Chillán, Ñuble, Chile",-36.6117852,-72.0960903,1,GEOMETRIC_CENTER,2020,1294077,2020/08/12 00:00:00+00,COLISION PERPENDICULAR,COLISION,URBANA,IMPRUDENCIA DEL CONDUCTOR,CONDUCCION NO ATENTO CONDICIONES TRANSITO MOMENTO,0,0,0,2,18:00:00
-72.0964696,-36.6130457,497,16,REGION ÑUBLE,16101,CHILLAN,YERBAS BUENAS,ARTURO PRAT,0,"Yerbas Buenas & Arturo Prat, Chillan, Chillán, Ñuble, Chile",-36.6130457,-72.0964696,1,GEOMETRIC_CENTER,2020,1294090,2020/08/13 00:00:00+00,COLISION PERPENDICULAR,COLISION,URBANA,IMPRUDENCIA DEL CONDUCTOR,CONDUCCION NO ATENTO CONDICIONES TRANSITO MOMENTO,0,0,0,0,12:00:00
-72.0963503,-36.6170445,498,16,REGION ÑUBLE,16101,CHILLAN,COLLIN,ARGENTINA,0,"Argentina & Avenida Collin, Chillan, Chillán, Ñuble, Chile",-36.6170445,-72.0963503,1,GEOMETRIC_CENTER,2020,1294092,2020/08/13 00:00:00+00,CHOQUE LATERAL,CHOQUE,URBANA,IMPRUDENCIA DEL CONDUCTOR,CONDUCCION NO ATENTO CONDICIONES TRANSITO MOMENTO,0,0,0,0,09:30:00
-72.1087165,-36.6057941,499,16,REGION ÑUBLE,16101,CHILLAN,OHIGGINS, ,585,"Av. OHiggins 585, Chillan, Chillán, Región del Bío Bío, Chile",-36.6057941,-72.1087165,1,ROOFTOP,2020,1294439,2020/08/15 00:00:00+00,CHOQUE FRONTAL,CHOQUE,URBANA,VELOCIDAD IMPRUDENTE,VELOCIDAD NO RAZONABLE NI PRUDENTE,1,0,0,0,20:00:00
-71.9643409,-36.4169643,500,16,REGION ÑUBLE,16301,SAN CARLOS,TOMAS YAVAR,CAMINO TRAPICHE,0,"Camino El Trapiche & Teniente Tomás Yávar, San Carlos, Ñuble, Chile",-36.4169643,-71.9643409,1,GEOMETRIC_CENTER,2020,1295132,2020/08/16 00:00:00+00,CHOQUE FRONTAL,CHOQUE,URBANA,ALCOHOL EN CONDUCTOR,CONDUCCION EN ESTADO DE EBRIEDAD,0,1,0,0,00:20:00
-72.1037649,-36.6099804,501,16,REGION ÑUBLE,16101,CHILLAN,MAIPON,ARAUCO,0,"Maipón & Arauco, Chillan, Chillán, Ñuble, Chile",-36.6099804,-72.1037649,1,GEOMETRIC_CENTER,2020,1295775,2020/08/16 00:00:00+00,COLISION PERPENDICULAR,COLISION,URBANA,DESOBEDIENCIA A SEÑALIZACION,SEÑALIZACION DESOBEDECER LUZ ROJA DE SEMAFORO,0,0,0,1,14:10:00
-72.0956447,-36.610623,502,16,REGION ÑUBLE,16101,CHILLAN,YERBAS BUENAS,ROBLE,0,"El Roble & Yerbas Buenas, Chillan, Chillán, Ñuble, Chile",-36.610623,-72.0956447,1,GEOMETRIC_CENTER,2020,1295844,2020/08/19 00:00:00+00,COLISION PERPENDICULAR,COLISION,URBANA,DESOBEDIENCIA A SEÑALIZACION,SEÑALIZACION DESOBEDECER SEÑAL PARE,0,0,0,1,10:25:00
-72.1146357,-36.597349,503,16,REGION ÑUBLE,16101,CHILLAN,RUIZ DE GAMBOA,FERNANDO DE ARAGON,0,"Avenida Ruiz de Gamboa & Fernando de Aragón, Chillan, Chillán, Ñuble, Chile",-36.597349,-72.1146357,1,GEOMETRIC_CENTER,2020,1295859,2020/08/19 00:00:00+00,ATROPELLO,ATROPELLO,URBANA,IMPRUDENCIA DEL PEATON,PEATON CRUZA CALZADA FORMA SORPRESIVA O DESCUIDADA,0,0,0,1,18:00:00
-72.1320196,-36.638336,504,16,REGION ÑUBLE,16103,CHILLAN VIEJO,BAQUEDANO, ,1590,"Baquedano 1590, Chillan, Chillán Viejo, Bío Bío, Chile",-36.638336,-72.1320196,1,ROOFTOP,2020,1295960,2020/08/06 00:00:00+00,COLISION LATERAL,COLISION,URBANA,IMPRUDENCIA DEL CONDUCTOR,CONDUCCION NO ATENTO CONDICIONES TRANSITO MOMENTO,0,1,0,0,16:30:00
-72.1134716,-36.626008,505,16,REGION ÑUBLE,16101,CHILLAN,LOS GRANEROS,LOS COPIHUE,0,"3780000 Chillán, Biobío, Chillán, Ñuble, Chile",-36.626008,-72.1134716,1,GEOMETRIC_CENTER,2020,1295981,2020/08/21 00:00:00+00,COLISION PERPENDICULAR,COLISION,URBANA,DESOBEDIENCIA A SEÑALIZACION,SEÑALIZACION DESOBEDECER SEÑAL PARE,0,0,0,1,14:00:00
-72.0843201,-36.6253116,506,16,REGION ÑUBLE,16101,CHILLAN,ALONSO DE ERCILLA, ,3032,"Alonso de Ercilla 3032, Chillan, Chillán, Bío Bío, Chile",-36.6253116,-72.0843201,1,RANGE_INTERPOLATED,2020,1296108,2020/08/22 00:00:00+00,COLISION POR ALCANCE,COLISION,URBANA,FALLAS MECANICAS,FALLAS MECANICAS FRENOS,0,0,0,0,17:00:00
-72.0985114,-36.6246238,507,16,REGION ÑUBLE,16101,CHILLAN,BARROS ARANA,CAUPOLICAN,0,"Caupolicán & Barros Arana, Chillan, Chillán, Ñuble, Chile",-36.6246238,-72.0985114,1,GEOMETRIC_CENTER,2020,1296109,2020/08/23 00:00:00+00,COLISION PERPENDICULAR,COLISION,URBANA,OTRAS CAUSAS,HECHO DELICTUAL,0,0,0,0,18:50:00
-72.0861297,-36.6203662,508,16,REGION ÑUBLE,16101,CHILLAN,LOS PUELCHES,ESMERALDA,0,"Los Puelches & Esmeralda, Chillan, Chillán, Ñuble, Chile",-36.6203662,-72.0861297,1,GEOMETRIC_CENTER,2020,1296122,2020/08/24 00:00:00+00,COLISION PERPENDICULAR,COLISION,URBANA,DESOBEDIENCIA A SEÑALIZACION,SEÑALIZACION DESOBEDECER LUZ ROJA DE SEMAFORO,0,0,1,5,13:30:00
-72.1160623,-36.6164613,509,16,REGION ÑUBLE,16101,CHILLAN,SANTA BLANCA,OHIGGINS,0,"Sta. Blanca & Av. OHiggins, Chillan, Chillán, Ñuble, Chile",-36.6164613,-72.1160623,1,GEOMETRIC_CENTER,2020,1296162,2020/08/24 00:00:00+00,COLISION PERPENDICULAR,COLISION,URBANA,DESOBEDIENCIA A SEÑALIZACION,SEÑALIZACION DESOBEDECER LUZ ROJA DE SEMAFORO,0,0,0,0,19:25:00
-72.014796,-37.1200536,510,16,REGION ÑUBLE,16109,YUNGAY,TARAPACA, ,336,"Tarapacá, Yungay, Ñuble, Chile",-37.1200536,-72.014796,1,GEOMETRIC_CENTER,2020,1296197,2020/08/11 00:00:00+00,COLISION LATERAL,COLISION,URBANA,IMPRUDENCIA DEL CONDUCTOR,CONDUCCION NO ATENTO CONDICIONES TRANSITO MOMENTO,0,0,0,0,11:00:00
-72.1127616,-36.6130679,511,16,REGION ÑUBLE,16101,CHILLAN,COLLIN, ,117,"Av. Collin 117, Chillan, Chillán, Bío Bío, Chile",-36.6130679,-72.1127616,1,RANGE_INTERPOLATED,2020,1296329,2020/08/15 00:00:00+00,COLISION LATERAL,COLISION,URBANA,IMPRUDENCIA DEL CONDUCTOR,CONDUCCION NO ATENTO CONDICIONES TRANSITO MOMENTO,0,1,0,0,21:50:00
-71.9592134,-36.4251649,512,16,REGION ÑUBLE,16301,SAN CARLOS,BALMACEDA,PUELMA,0,"José Manuel Balmaceda Fernández 394, San Carlos, Bío Bío, Chile",-36.4251649,-71.9592134,1,ROOFTOP,2020,1296332,2020/08/21 00:00:00+00,COLISION LATERAL,COLISION,URBANA,DESOBEDIENCIA A SEÑALIZACION,SEÑALIZACION DESOBEDECER SEÑAL CEDA EL PASO,0,0,0,2,14:00:00
-71.958347,-36.4280239,513,16,REGION ÑUBLE,16301,SAN CARLOS,SERRANO,BILBAO,0,"Francisco Bilbao & Ignacio Serrano Montaner, San Carlos, Ñuble, Chile",-36.4280239,-71.958347,1,GEOMETRIC_CENTER,2020,1296356,2020/08/25 00:00:00+00,COLISION FRONTAL,COLISION,URBANA,IMPRUDENCIA DEL CONDUCTOR,CONDUCCION NO ATENTO CONDICIONES TRANSITO MOMENTO,0,0,0,0,20:05:00
-71.9636063,-36.4331476,514,16,REGION ÑUBLE,16301,SAN CARLOS,OHIGGINS,JOAQUIN DEL PINO,0,"Av. Arturo Prat Chacón #279, Biobío, San Carlos, Ñuble, Chile",-36.4331476,-71.9636063,1,ROOFTOP,2020,1296357,2020/08/26 00:00:00+00,VOLCADURA,VOLCADURA,URBANA,IMPRUDENCIA DEL CONDUCTOR,CONDUCCION NO ATENTO CONDICIONES TRANSITO MOMENTO,0,1,0,0,19:57:00
-72.0962446,-36.6240316,515,16,REGION ÑUBLE,16101,CHILLAN,ALONSO DE ERCILLA,PATRICIO LYNCH,0,"Patricio Lynch & Alonso de Ercilla, Chillan, Chillán, Ñuble, Chile",-36.6240316,-72.0962446,1,GEOMETRIC_CENTER,2020,1296519,2020/08/29 00:00:00+00,COLISION LATERAL,COLISION,URBANA,IMPRUDENCIA DEL CONDUCTOR,CONDUCCION NO ATENTO CONDICIONES TRANSITO MOMENTO,0,0,1,0,18:10:00
-72.0691524,-36.5904481,516,16,REGION ÑUBLE,16101,CHILLAN,VICENTE MENDEZ,ANDRES BELLO,0,"Av. Andrés Bello & Av. Vicente Méndez, Chillan, Chillán, Ñuble, Chile",-36.5904481,-72.0691524,1,GEOMETRIC_CENTER,2020,1296644,2020/08/28 00:00:00+00,CHOQUE POSTERIOR/LADO,CHOQUE,URBANA,IMPRUDENCIA DEL CONDUCTOR,CONDUCCION NO ATENTO CONDICIONES TRANSITO MOMENTO,0,0,0,0,17:40:00
-72.0883509,-36.622489,517,16,REGION ÑUBLE,16101,CHILLAN,PARINACOTA, ,1264,"Parinacota 1264, Chillan, Chillán, Bío Bío, Chile",-36.622489,-72.0883509,1,RANGE_INTERPOLATED,2020,1296647,2020/08/30 00:00:00+00,ATROPELLO,ATROPELLO,URBANA,IMPRUDENCIA DEL PEATON,PEATON CRUZA CALZADA FORMA SORPRESIVA O DESCUIDADA,0,0,0,1,17:40:00
-72.1182816,-36.591357,518,16,REGION ÑUBLE,16101,CHILLAN,CHACAREROS,ROQUE,0,"Pasaje Los Chacareros & Roque Esteban, Chillán, Ñuble, Chile",-36.591357,-72.1182816,1,GEOMETRIC_CENTER,2020,1297053,2020/08/30 00:00:00+00,COLISION LATERAL,COLISION,URBANA,PERDIDA CONTROL VEHICULO,PERDIDA CONTROL VEHICULO,0,0,0,1,18:00:00
-72.0848679,-36.6122147,519,16,REGION ÑUBLE,16101,CHILLAN,PASAJE QUINCE,PICUNCHES,0,"Los Picunches & Pasaje Quince, Chillan, Chillán, Ñuble, Chile",-36.6122147,-72.0848679,1,GEOMETRIC_CENTER,2020,1297054,2020/08/31 00:00:00+00,CHOQUE LADO/LADO,CHOQUE,URBANA,CAUSAS NO DETERMINADAS,CAUSAS NO DETERMINADAS,0,0,0,0,16:15:00
-72.054903,-36.5774441,520,16,REGION ÑUBLE,16101,CHILLAN,COLONIA BERNARDO OHIGGINS, ,1541,"Colonia Bernardo OHiggins, Chillán, Ñuble, Chile",-36.5774441,-72.054903,1,GEOMETRIC_CENTER,2020,1297055,2020/08/28 00:00:00+00,COLISION POR ALCANCE,COLISION,URBANA,IMPRUDENCIA DEL CONDUCTOR,CONDUCCION NO ATENTO CONDICIONES TRANSITO MOMENTO,0,0,0,1,14:30:00
-72.2981833,-36.7432971,521,16,REGION ÑUBLE,16102,BULNES,CARLOS PALACIOS,MANUEL BULNES,0,"Carlos Palacios & Manuel Bulnes, Bulnes, Ñuble, Chile",-36.7432971,-72.2981833,1,GEOMETRIC_CENTER,2020,1297106,2020/08/27 00:00:00+00,VOLCADURA,VOLCADURA,URBANA,PERDIDA CONTROL VEHICULO,PERDIDA CONTROL VEHICULO,0,1,0,0,11:05:00
-72.4741099,-36.7428746,522,16,REGION ÑUBLE,16107,QUILLON,ARTURO PRAT,CAYUMANQUI,0,"Arturo Prat & Cayumanqui, Quillón, Ñuble, Chile",-36.7428746,-72.4741099,1,GEOMETRIC_CENTER,2020,1297107,2020/08/27 00:00:00+00,CHOQUE,CHOQUE,URBANA,IMPRUDENCIA DEL CONDUCTOR,CONDUCCION NO ATENTO CONDICIONES TRANSITO MOMENTO,0,0,0,0,17:45:00
-71.9485445,-36.4260901,523,16,REGION ÑUBLE,16301,SAN CARLOS,VICUÑA MACKENNA,VIOLETA PARRA,0,"Benjamin Vicuña Mackenna & Violeta Parra, San Carlos, Ñuble, Chile",-36.4260901,-71.9485445,1,GEOMETRIC_CENTER,2020,1297125,2020/08/31 00:00:00+00,COLISION LATERAL,COLISION,URBANA,IMPRUDENCIA DEL CONDUCTOR,CONDUCCION NO ATENTO CONDICIONES TRANSITO MOMENTO,0,0,0,0,15:00:00
-72.1302587,-36.6200057,524,16,REGION ÑUBLE,16103,CHILLAN VIEJO,ANGEL PARRA,MARCHANT,0,"Marchant & Ángel Parra, Chillan, Chillán Viejo, Ñuble, Chile",-36.6200057,-72.1302587,1,GEOMETRIC_CENTER,2020,1297152,2020/08/29 00:00:00+00,COLISION PERPENDICULAR,COLISION,URBANA,ALCOHOL EN CONDUCTOR,CONDUCCION EN ESTADO DE EBRIEDAD,0,0,0,1,20:30:00
-72.092412,-36.6019342,525,16,REGION ÑUBLE,16101,CHILLAN,ECUADOR,YERBAS BUENAS,0,"Yerbas Buenas & Avenida Ecuador, Chillan, Chillán, Ñuble, Chile",-36.6019342,-72.092412,1,GEOMETRIC_CENTER,2020,1297304,2020/09/01 00:00:00+00,VOLCADURA,VOLCADURA,URBANA,PERDIDA CONTROL VEHICULO,PERDIDA CONTROL VEHICULO,0,0,0,1,12:10:00
-72.0264765,-36.8972888,526,16,REGION ÑUBLE,16104,EL CARMEN,GRAL BAQUEDANO,DIECIOCHO DE SEPTIEMBRE,0,"General baquedano 385, El Carmen, Región del Bío Bío, Chile",-36.8972888,-72.0264765,1,ROOFTOP,2020,1297443,2020/08/22 00:00:00+00,COLISION LATERAL,COLISION,URBANA,IMPRUDENCIA DEL CONDUCTOR,CONDUCCION NO ATENTO CONDICIONES TRANSITO MOMENTO,0,0,0,0,16:00:00