X,Y,FID,COD_REG,REGION,CUT,COMUNA,CALLE_UNO,CALLE_DOS,NUMERO,DIR_GEOCOD,LAT,LNG,VAL_COM,TIPO,Año,Idaccident,Fecha,Tipo_Accid,Tipo__CONA,Zona,Causa__CON,Causa,Fallecidos,Graves,Menos_Grav,Leves,Hora
-72.1052608,-36.6095381,586,16,REGION ÑUBLE,16101,CHILLAN,MAIPON,18 DE SEPTIEMBRE,0,"Maipón & Dieciocho de Septiembre, Chillan, Chillán, Ñuble, Chile",-36.6095381,-72.1052608,1,GEOMETRIC_CENTER,2020,1306482,2020/10/19 00:00:00+00,CHOQUE FRONTAL,CHOQUE,URBANA,CAUSAS NO DETERMINADAS,CAUSAS NO DETERMINADAS,0,0,0,1,11:18:00
-72.0869885,-36.6163413,587,16,REGION ÑUBLE,16101,CHILLAN,INGLATERRA,OBRIEN,0,"Inglaterra & Obrien, Chillan, Chillán, Ñuble, Chile",-36.6163413,-72.0869885,1,GEOMETRIC_CENTER,2020,1306715,2020/10/23 00:00:00+00,COLISION PERPENDICULAR,COLISION,URBANA,DESOBEDIENCIA A SEÑALIZACION,SEÑALIZACION DESOBEDECER SEÑAL PARE,0,0,0,0,20:40:00
-72.0962457,-36.617307,588,16,REGION ÑUBLE,16101,CHILLAN,ARGENTINA,VARIANTE COLLIN,0,"Argentina & Variante Collin, Chillan, Chillán, Ñuble, Chile",-36.617307,-72.0962457,1,GEOMETRIC_CENTER,2020,1307550,2020/10/22 00:00:00+00,COLISION PERPENDICULAR,COLISION,URBANA,IMPRUDENCIA DEL CONDUCTOR,CONDUCCION NO ATENTO CONDICIONES TRANSITO MOMENTO,0,0,0,0,20:30:00
-72.094246,-36.6068595,589,16,REGION ÑUBLE,16101,CHILLAN,BULNES,YERBAS BUENAS,0,"Yerbas Buenas & Bulnes, Chillan, Chillán, Ñuble, Chile",-36.6068595,-72.094246,1,GEOMETRIC_CENTER,2020,1307557,2020/10/23 00:00:00+00,COLISION PERPENDICULAR,COLISION,URBANA,DESOBEDIENCIA A SEÑALIZACION,SEÑALIZACION DESOBEDECER SEÑAL CEDA EL PASO,0,0,0,0,20:00:00
-72.0753251,-36.6282293,590,16,REGION ÑUBLE,16101,CHILLAN,LAS VIOLETAS,LOS ANGELES,0,"Las Violetas & Los Angeles, Chillan, Chillán, Ñuble, Chile",-36.6282293,-72.0753251,1,GEOMETRIC_CENTER,2020,1307580,2020/10/24 00:00:00+00,CHOQUE FRENTE/POSTERIOR,CHOQUE,URBANA,IMPRUDENCIA DEL CONDUCTOR,CONDUCCION NO ATENTO CONDICIONES TRANSITO MOMENTO,0,0,0,0,16:30:00
-72.1202011,-36.6192675,591,16,REGION ÑUBLE,16101,CHILLAN,CALLE UNO,OHIGGINS,0,"C. Uno & Av. OHiggins, Chillan, Chillán, Ñuble, Chile",-36.6192675,-72.1202011,1,GEOMETRIC_CENTER,2020,1307594,2020/10/25 00:00:00+00,COLISION PERPENDICULAR,COLISION,URBANA,DESOBEDIENCIA A SEÑALIZACION,SEÑALIZACION DESOBEDECER LUZ ROJA DE SEMAFORO,0,0,0,0,21:25:00
-72.1047929,-36.6082975,592,16,REGION ÑUBLE,16101,CHILLAN,18 DE SEPTIEMBRE,EL ROBLE,0,"El Roble & Dieciocho de Septiembre, Chillan, Chillán, Ñuble, Chile",-36.6082975,-72.1047929,1,GEOMETRIC_CENTER,2020,1307610,2020/10/26 00:00:00+00,COLISION PERPENDICULAR,COLISION,URBANA,DESOBEDIENCIA A SEÑALIZACION,SEÑALIZACION DESOBEDECER LUZ ROJA DE SEMAFORO,0,0,0,1,08:20:00
-72.1023351,-36.6062618,593,16,REGION ÑUBLE,16101,CHILLAN,LA CASTILLA,OHIGGINS,0,"Chillán, Ñuble, Chile",-36.6062618,-72.1023351,1,APPROXIMATE,2020,1307798,2020/10/29 00:00:00+00,COLISION PERPENDICULAR,COLISION,URBANA,CAUSAS NO DETERMINADAS,CAUSAS NO DETERMINADAS,0,0,0,0,04:17:00
-72.4626489,-36.7471044,594,16,REGION ÑUBLE,16107,QUILLON,GABRIELA MISTRAL,JUAN PAULINO FLORES,0,"Juan Paulino Flores 1133, Quillón, Bío Bío, Chile",-36.7471044,-72.4626489,1,ROOFTOP,2020,1307834,2020/10/24 00:00:00+00,COLISION,COLISION,URBANA,IMPRUDENCIA DEL CONDUCTOR,CONDUCCION NO ATENTO CONDICIONES TRANSITO MOMENTO,0,0,0,0,19:00:00
-72.0980743,-36.6126336,595,16,REGION ÑUBLE,16101,CHILLAN,INDEPENDENCIA,ARTURO PRAT,0,"Arturo Prat & Independencia, Chillan, Chillán, Ñuble, Chile",-36.6126336,-72.0980743,1,GEOMETRIC_CENTER,2020,1307848,2020/10/28 00:00:00+00,COLISION LATERAL,COLISION,URBANA,DESOBEDIENCIA A SEÑALIZACION,SEÑALIZACION DESOBEDECER SEÑAL PARE,0,0,0,2,19:27:00
-72.1123934,-36.6138243,596,16,REGION ÑUBLE,16101,CHILLAN,OHIGGINS, ,1210,"Av. OHiggins 1210, Chillan, Chillán, Región del Bío Bío, Chile",-36.6138243,-72.1123934,1,ROOFTOP,2020,1307850,2020/10/29 00:00:00+00,COLISION PERPENDICULAR,COLISION,URBANA,IMPRUDENCIA DEL CONDUCTOR,CONDUCCION NO ATENTO CONDICIONES TRANSITO MOMENTO,0,0,0,0,17:20:00
-72.0287392,-36.8985892,597,16,REGION ÑUBLE,16104,EL CARMEN,SAN MARTIN,CONCEJAL MARIO RIFFO,0,"Riffo, El Carmen, Ñuble, Chile",-36.8985892,-72.0287392,1,GEOMETRIC_CENTER,2020,1307899,2020/10/23 00:00:00+00,CHOQUE FRONTAL,CHOQUE,URBANA,ALCOHOL EN CONDUCTOR,CONDUCCION EN ESTADO DE EBRIEDAD,0,0,0,0,21:40:00
-72.1087517,-36.6144102,598,16,REGION ÑUBLE,16101,CHILLAN,COLLIN,CARRERA,0,"Carrera & Avenida Collin, Chillan, Chillán, Ñuble, Chile",-36.6144102,-72.1087517,1,GEOMETRIC_CENTER,2020,1307943,2020/10/30 00:00:00+00,COLISION PERPENDICULAR,COLISION,URBANA,IMPRUDENCIA DEL CONDUCTOR,CONDUCCION NO ATENTO CONDICIONES TRANSITO MOMENTO,0,0,0,1,07:45:00
-71.9560099,-36.4364022,599,16,REGION ÑUBLE,16301,SAN CARLOS,NORA PEREIRA, ,1164,"Nora Pereira Riseti, San Carlos, Ñuble, Chile",-36.4364022,-71.9560099,1,GEOMETRIC_CENTER,2020,1307965,2020/10/24 00:00:00+00,COLISION POR ALCANCE,COLISION,RURAL,IMPRUDENCIA DEL CONDUCTOR,CONDUCCION NO ATENTO CONDICIONES TRANSITO MOMENTO,0,0,0,0,18:10:00
-72.1089994,-36.6066582,600,16,REGION ÑUBLE,16101,CHILLAN,OHIGGINS, ,649,"Av. OHiggins 649, Chillan, Chillán, Región del Bío Bío, Chile",-36.6066582,-72.1089994,1,ROOFTOP,2020,1308343,2020/10/29 00:00:00+00,COLISION LATERAL,COLISION,URBANA,IMPRUDENCIA DEL CONDUCTOR,CONDUCCION NO ATENTO CONDICIONES TRANSITO MOMENTO,0,0,0,1,11:30:00
-72.1014751,-36.599551,601,16,REGION ÑUBLE,16101,CHILLAN,ECUADOR,FRANCIA,0,"Francia & Avenida Ecuador, Chillan, Chillán, Ñuble, Chile",-36.599551,-72.1014751,1,GEOMETRIC_CENTER,2020,1308348,2020/10/29 00:00:00+00,CHOQUE LADO/POSTERIOR,CHOQUE,URBANA,IMPRUDENCIA DEL CONDUCTOR,CONDUCCION NO ATENTO CONDICIONES TRANSITO MOMENTO,0,0,0,1,18:20:00
-72.1051127,-36.6136087,602,16,REGION ÑUBLE,16101,CHILLAN,PUREN,ARAUCO,0,"Arauco & Purén, Chillan, Chillán, Ñuble, Chile",-36.6136087,-72.1051127,1,GEOMETRIC_CENTER,2020,1308352,2020/10/30 00:00:00+00,COLISION PERPENDICULAR,COLISION,URBANA,DESOBEDIENCIA A SEÑALIZACION,SEÑALIZACION DESOBEDECER SEÑAL PARE,0,0,0,2,08:20:00
-72.0965666,-36.9770354,603,16,REGION ÑUBLE,16105,PEMUCO,MIRAFLORES, ,350,"Miraflores, Pemuco, Ñuble, Chile",-36.9770354,-72.0965666,1,GEOMETRIC_CENTER,2020,1308436,2020/10/24 00:00:00+00,COLISION PERPENDICULAR,COLISION,URBANA,IMPRUDENCIA DEL CONDUCTOR,NO RESPETAR DERECHO PREFERENTE DE PASO A VEHICULO,0,0,0,0,16:40:00
-71.9440885,-36.4269354,604,16,REGION ÑUBLE,16301,SAN CARLOS,VICUÑA MACKENNA, ,1324,"Benjamin Vicuña Mackenna 1324, San Carlos, Bío Bío, Chile",-36.4269354,-71.9440885,1,RANGE_INTERPOLATED,2020,1308438,2020/10/30 00:00:00+00,COLISION POR ALCANCE,COLISION,URBANA,IMPRUDENCIA DEL CONDUCTOR,CONDUCCION NO ATENTO CONDICIONES TRANSITO MOMENTO,0,0,0,2,16:15:00
-72.3470197,-36.9111393,605,16,REGION ÑUBLE,16105,PEMUCO,PEDRO DE VALDIVIA,MANUEL RODRIGUEZ,0,"San Pedro, Pemuco, Ñuble, Chile",-36.9111393,-72.3470197,1,GEOMETRIC_CENTER,2020,1308439,2020/10/27 00:00:00+00,OTRO TIPO,OTRO TIPO,URBANA,PERDIDA CONTROL VEHICULO,PERDIDA CONTROL VEHICULO,0,0,0,1,08:50:00
-72.2966625,-36.7411851,606,16,REGION ÑUBLE,16102,BULNES,MANUEL BULNES,CARLOS CONDELL,0,"Carlos Condell & Manuel Bulnes, Bulnes, Ñuble, Chile",-36.7411851,-72.2966625,1,GEOMETRIC_CENTER,2020,1308580,2020/10/30 00:00:00+00,COLISION,COLISION,URBANA,IMPRUDENCIA DEL CONDUCTOR,CONDUCCION NO ATENTO CONDICIONES TRANSITO MOMENTO,0,0,0,1,18:30:00
-72.121622,-36.605936,607,16,REGION ÑUBLE,16101,CHILLAN,ANTARTICA CHILENA,RUIZ DE GAMBOA,0,"Avenida Mariscal Ruiz de Gamboa & Antártica Chilena, Chillan, Chillán, Ñuble, Chile",-36.605936,-72.121622,1,GEOMETRIC_CENTER,2020,1308640,2020/11/02 00:00:00+00,COLISION LATERAL,COLISION,URBANA,IMPRUDENCIA DEL CONDUCTOR,CONDUCCION NO ATENTO CONDICIONES TRANSITO MOMENTO,0,0,0,0,12:50:00
-72.1298224,-36.5949483,608,16,REGION ÑUBLE,16101,CHILLAN,PANAMERICANA SUR,NAHUELTORO,0,"Panamericana Sur, Chillan, Chillán, Ñuble, Chile",-36.5949483,-72.1298224,1,GEOMETRIC_CENTER,2020,1308983,2020/11/02 00:00:00+00,COLISION POR ALCANCE,COLISION,URBANA,IMPRUDENCIA DEL CONDUCTOR,CONDUCCION NO ATENTO CONDICIONES TRANSITO MOMENTO,0,0,0,0,17:15:00
-72.1138682,-36.6297798,609,16,REGION ÑUBLE,16103,CHILLAN VIEJO,CONDE DE LA CONQUISTA,REINO DE CHILE,0,"Reino de Chile & Conde de La Conquista, Chillan, Chillán Viejo, Ñuble, Chile",-36.6297798,-72.1138682,1,GEOMETRIC_CENTER,2020,1309174,2020/10/09 00:00:00+00,VOLCADURA,VOLCADURA,URBANA,ALCOHOL EN CONDUCTOR,CONDUCCION EN ESTADO DE EBRIEDAD,0,0,0,0,03:10:00
-72.1228177,-36.6213038,610,16,REGION ÑUBLE,16103,CHILLAN VIEJO,OHIGGINS,BAQUEDANO,0,"Baquedano & Avenida OHiggins, Chillan, Chillán Viejo, Ñuble, Chile",-36.6213038,-72.1228177,1,GEOMETRIC_CENTER,2020,1309182,2020/10/12 00:00:00+00,COLISION PERPENDICULAR,COLISION,URBANA,IMPRUDENCIA DEL CONDUCTOR,CONDUCCION NO ATENTO CONDICIONES TRANSITO MOMENTO,0,0,0,0,19:40:00
-72.1094789,-36.6072142,611,16,REGION ÑUBLE,16101,CHILLAN,EL ROBLE,OHIGGINS,0,"El Roble & Avenida OHiggins, Chillan, Chillán, Ñuble, Chile",-36.6072142,-72.1094789,1,GEOMETRIC_CENTER,2020,1309251,2020/11/04 00:00:00+00,COLISION LATERAL,COLISION,URBANA,IMPRUDENCIA DEL CONDUCTOR,CONDUCCION NO ATENTO CONDICIONES TRANSITO MOMENTO,0,0,0,0,14:00:00
-72.085668,-36.5936055,612,16,REGION ÑUBLE,16101,CHILLAN,VICENTE MENDEZ,COLONIA BERNARDO OHIGGINS,0,"Av. Vicente Méndez, Chillan, Chillán, Ñuble, Chile",-36.5936055,-72.085668,1,GEOMETRIC_CENTER,2020,1309585,2020/11/04 00:00:00+00,COLISION POR ALCANCE,COLISION,URBANA,IMPRUDENCIA DEL CONDUCTOR,CONDUCCION NO ATENTO CONDICIONES TRANSITO MOMENTO,0,0,0,0,15:15:00
-72.0721444,-36.6288607,613,16,REGION ÑUBLE,16101,CHILLAN,CIRCUNVALACION,LAS VIOLETAS,0,"Las Violetas & Avenida Circunvalacion, Chillan, Chillán, Ñuble, Chile",-36.6288607,-72.0721444,1,GEOMETRIC_CENTER,2020,1309588,2020/11/04 00:00:00+00,CHOQUE LADO/LADO,CHOQUE,URBANA,IMPRUDENCIA DEL CONDUCTOR,CONDUCCION NO ATENTO CONDICIONES TRANSITO MOMENTO,0,0,0,1,21:30:00
-72.703512,-36.4819368,614,16,REGION ÑUBLE,16203,COELEMU,CASTELLON,HUMERES,0,"Castellón & Humeres, Coelemu, Ñuble, Chile",-36.4819368,-72.703512,1,GEOMETRIC_CENTER,2020,1309647,2020/11/04 00:00:00+00,CHOQUE,CHOQUE,URBANA,DROGAS Y/O FATIGA EN CONDUCTOR,"CONDICIONES FISICAS DEFICIENTES (CANSANCIO, SUEÑO)",0,0,0,0,00:25:00
-72.0980743,-36.6126336,615,16,REGION ÑUBLE,16101,CHILLAN,INDEPENDENCIA,ARTURO PRAT,0,"Arturo Prat & Independencia, Chillan, Chillán, Ñuble, Chile",-36.6126336,-72.0980743,1,GEOMETRIC_CENTER,2020,1310132,2020/11/06 00:00:00+00,COLISION PERPENDICULAR,COLISION,URBANA,DESOBEDIENCIA A SEÑALIZACION,SEÑALIZACION DESOBEDECER SEÑAL PARE,0,0,0,1,15:15:00
-72.0699116,-36.5913866,616,16,REGION ÑUBLE,16101,CHILLAN,BARCELONA,ANDRES BELLO,0,"Avenida Andrés Bello & Barcelona, Chillan, Chillán, Ñuble, Chile",-36.5913866,-72.0699116,1,GEOMETRIC_CENTER,2020,1310161,2020/11/06 00:00:00+00,COLISION PERPENDICULAR,COLISION,URBANA,IMPRUDENCIA DEL CONDUCTOR,CONDUCCION NO ATENTO CONDICIONES TRANSITO MOMENTO,0,0,0,1,15:15:00
-72.0975367,-36.9750111,617,16,REGION ÑUBLE,16105,PEMUCO,ARTURO PRAT, ,472,"Arturo Prat, Pemuco, Ñuble, Chile",-36.9750111,-72.0975367,1,GEOMETRIC_CENTER,2020,1310734,2020/11/11 00:00:00+00,CHOQUE FRENTE/LADO,CHOQUE,URBANA,IMPRUDENCIA DEL CONDUCTOR,CONDUCCION NO ATENTO CONDICIONES TRANSITO MOMENTO,0,0,0,0,10:00:00
-72.0988311,-36.6057252,618,16,REGION ÑUBLE,16101,CHILLAN,BULNES,ISABEL RIQUELME,0,"Isabel Riquelme & Bulnes, Chillan, Chillán, Ñuble, Chile",-36.6057252,-72.0988311,1,GEOMETRIC_CENTER,2020,1310820,2020/11/10 00:00:00+00,COLISION POR ALCANCE,COLISION,URBANA,IMPRUDENCIA DEL CONDUCTOR,CONDUCCION SIN MANTENER DISTANCIA RAZONABLE NI PRUDENTE,0,0,0,0,13:00:00
-71.9622085,-36.4235568,619,16,REGION ÑUBLE,16301,SAN CARLOS,VICUÑA MACKENNA, ,157,"Benjamin Vicuña Mackenna 157, San Carlos, Bío Bío, Chile",-36.4235568,-71.9622085,1,RANGE_INTERPOLATED,2020,1310867,2020/11/06 00:00:00+00,COLISION LATERAL,COLISION,URBANA,IMPRUDENCIA DEL CONDUCTOR,CONDUCCION NO ATENTO CONDICIONES TRANSITO MOMENTO,0,0,0,0,12:00:00
-72.2981833,-36.7432971,620,16,REGION ÑUBLE,16102,BULNES,FEDERICO ERRAZURIZ,CARLOS PALACIOS,0,"Carlos Palacios, Bulnes, Ñuble, Chile",-36.7432971,-72.2981833,1,GEOMETRIC_CENTER,2020,1310916,2020/11/02 00:00:00+00,CHOQUE,CHOQUE,URBANA,IMPRUDENCIA DEL CONDUCTOR,CONDUCCION NO ATENTO CONDICIONES TRANSITO MOMENTO,0,0,0,0,07:20:00
-72.2994194,-36.7404301,621,16,REGION ÑUBLE,16102,BULNES,SANTA MARIA, ,640,"Sta. María 640, Bulnes, Bío Bío, Chile",-36.7404301,-72.2994194,1,RANGE_INTERPOLATED,2020,1310923,2020/11/06 00:00:00+00,CHOQUE,CHOQUE,URBANA,OTRAS CAUSAS,OTRAS CAUSAS,0,0,0,0,20:40:00
-72.13114,-36.6075899,622,16,REGION ÑUBLE,16101,CHILLAN,ANTARTICA CHILENA, ,801,"Antártica Chilena 801, Chillan, Chillán, Región del Bío Bío, Chile",-36.6075899,-72.13114,1,ROOFTOP,2020,1311337,2020/11/13 00:00:00+00,IMPACTO CON ANIMAL,OTRO TIPO,URBANA,PERDIDA CONTROL VEHICULO,PERDIDA CONTROL VEHICULO,0,0,0,0,15:45:00
-72.1077109,-36.6266153,623,16,REGION ÑUBLE,16101,CHILLAN,LOS ALERCES,MADRID,0,"Madrid & Los Alerces, Chillan, Chillán, Ñuble, Chile",-36.6266153,-72.1077109,1,GEOMETRIC_CENTER,2020,1311638,2020/11/13 00:00:00+00,CHOQUE FRENTE/LADO,CHOQUE,URBANA,IMPRUDENCIA DEL CONDUCTOR,CONDUCCION NO ATENTO CONDICIONES TRANSITO MOMENTO,0,0,0,0,22:10:00
-72.0978495,-36.6301974,624,16,REGION ÑUBLE,16101,CHILLAN,NUEVA SUR, ,1165,"Nueva Sur 1165, Chillan, Chillán, Bío Bío, Chile",-36.6301974,-72.0978495,1,RANGE_INTERPOLATED,2020,1311866,2020/11/17 00:00:00+00,CHOQUE POSTERIOR/LADO,CHOQUE,URBANA,ALCOHOL EN CONDUCTOR,CONDUCCION EN ESTADO DE EBRIEDAD,0,0,0,0,23:30:00
-72.0311422,-37.1222941,625,16,REGION ÑUBLE,16109,YUNGAY,ANGAMOS,DIAGONAL ESMERALDA,0,"Diagonal Esmeralda & Angamos, Yungay, Ñuble, Chile",-37.1222941,-72.0311422,1,GEOMETRIC_CENTER,2020,1311875,2020/11/12 00:00:00+00,VOLCADURA,VOLCADURA,URBANA,PERDIDA CONTROL VEHICULO,PERDIDA CONTROL VEHICULO,0,0,0,1,22:40:00
-72.093801,-36.6056447,626,16,REGION ÑUBLE,16101,CHILLAN,VEGA DE SALDIAS,YERBAS BUENAS,0,"Yerbas Buenas & Vega de Saldías, Chillan, Chillán, Ñuble, Chile",-36.6056447,-72.093801,1,GEOMETRIC_CENTER,2020,1311983,2020/11/18 00:00:00+00,COLISION LATERAL,COLISION,URBANA,IMPRUDENCIA DEL CONDUCTOR,CONDUCCION NO ATENTO CONDICIONES TRANSITO MOMENTO,0,0,0,0,12:30:00
-72.1215196,-36.6152919,627,16,REGION ÑUBLE,16101,CHILLAN,LOS CORREGIDORES,CABILDO,0,"Cabildo & Los Corregidores, Chillan, Chillán, Ñuble, Chile",-36.6152919,-72.1215196,1,GEOMETRIC_CENTER,2020,1312575,2020/11/21 00:00:00+00,CHOQUE LADO/LADO,CHOQUE,URBANA,CAUSAS NO DETERMINADAS,CAUSAS NO DETERMINADAS,0,0,0,0,20:40:00
-72.0769396,-36.6192934,628,16,REGION ÑUBLE,16101,CHILLAN,NUEVA ORIENTE, ,1035,"Av. Nueva Ote. 1035, Chillan, Chillán, Región del Bío Bío, Chile",-36.6192934,-72.0769396,1,ROOFTOP,2020,1312578,2020/11/22 00:00:00+00,COLISION LATERAL,COLISION,URBANA,ALCOHOL EN CONDUCTOR,CONDUCCION EN ESTADO DE EBRIEDAD,0,0,0,1,20:15:00
-72.1091886,-36.5977081,629,16,REGION ÑUBLE,16101,CHILLAN,BRASIL,ECUADOR,0,"Av. Ecuador & Av. Brasil, Chillan, Chillán, Ñuble, Chile",-36.5977081,-72.1091886,1,GEOMETRIC_CENTER,2020,1313130,2020/11/24 00:00:00+00,CHOQUE POSTERIOR/FRENTE,CHOQUE,URBANA,IMPRUDENCIA DEL CONDUCTOR,CONDUCCION NO ATENTO CONDICIONES TRANSITO MOMENTO,0,0,0,0,19:30:00
-72.093564,-36.6091176,630,16,REGION ÑUBLE,16101,CHILLAN,ARGENTINA, ,558,"Argentina 558, Chillan, Chillán, Región del Bío Bío, Chile",-36.6091176,-72.093564,1,ROOFTOP,2020,1313133,2020/11/24 00:00:00+00,CHOQUE POSTERIOR/LADO,CHOQUE,URBANA,IMPRUDENCIA DEL CONDUCTOR,CONDUCCION NO ATENTO CONDICIONES TRANSITO MOMENTO,0,0,0,3,07:50:00
-72.1245866,-36.6138706,631,16,REGION ÑUBLE,16101,CHILLAN,LA COLONIA,LOS CORREGIDORES,0,"La Colonia & Los Corregidores, Chillan, Chillán, Ñuble, Chile",-36.6138706,-72.1245866,1,GEOMETRIC_CENTER,2020,1313283,2020/11/25 00:00:00+00,COLISION LATERAL,COLISION,URBANA,DESOBEDIENCIA A SEÑALIZACION,SEÑALIZACION DESOBEDECER SEÑAL PARE,0,0,0,1,11:40:00
-71.9725596,-36.4241747,632,16,REGION ÑUBLE,16301,SAN CARLOS,MATTA, ,465,"Manuel Antonio Matta Goyenechea 465, San Carlos, Bío Bío, Chile",-36.4241747,-71.9725596,1,RANGE_INTERPOLATED,2020,1313534,2020/11/17 00:00:00+00,VOLCADURA,VOLCADURA,URBANA,DEFICIENCIAS VIALES,ANIMALES SUELTOS VIA PUBLICA,0,0,0,1,21:40:00
-72.0303453,-36.8973464,633,16,REGION ÑUBLE,16104,EL CARMEN,SAN MARTIN, ,697,"El Carmen, Ñuble, Chile",-36.8973464,-72.0303453,1,APPROXIMATE,2020,1314545,2020/11/27 00:00:00+00,CHOQUE FRENTE/FRENTE,CHOQUE,URBANA,ALCOHOL EN CONDUCTOR,CONDUCCION EN ESTADO DE EBRIEDAD,0,0,0,1,02:55:00
-72.7055524,-36.4869378,634,16,REGION ÑUBLE,16203,COELEMU,CASTELLON,PALAZUELOS,0,"Castellon, Palazuelos, Coelemu, Región del Bío Bío, Chile",-36.4869378,-72.7055524,1,GEOMETRIC_CENTER,2020,1314580,2020/11/15 00:00:00+00,CHOQUE,CHOQUE,URBANA,OTRAS CAUSAS,OTRAS CAUSAS,0,0,0,0,12:00:00
-72.5459835,-36.2823575,635,16,REGION ÑUBLE,16201,QUIRIHUE,JOSE JOAQUIN PEREZ, ,550,"José Joaquín Pérez 550, Quirihue, Región del Bío Bío, Chile",-36.2823575,-72.5459835,1,ROOFTOP,2020,1314781,2020/11/28 00:00:00+00,CHOQUE POSTERIOR,CHOQUE,URBANA,OTRAS CAUSAS,OTRAS CAUSAS,0,0,0,0,11:50:00
-71.8432751,-36.6535747,636,16,REGION ÑUBLE,16302,COIHUECO,EL CABRITO, ,1,"El Cabrito, Coihueco, Ñuble, Chile",-36.6535747,-71.8432751,1,GEOMETRIC_CENTER,2020,1314867,2020/11/09 00:00:00+00,CHOQUE FRENTE/FRENTE,CHOQUE,RURAL,PERDIDA CONTROL VEHICULO,PERDIDA CONTROL VEHICULO,0,0,0,1,07:20:00
-71.8278533,-36.6287768,637,16,REGION ÑUBLE,16302,COIHUECO,ARTURO PRAT,18 DE SEPTIEMBRE,0,"Arturo Prat & 18 de Septiembre, Coihueco, Ñuble, Chile",-36.6287768,-71.8278533,1,GEOMETRIC_CENTER,2020,1314870,2020/11/09 00:00:00+00,COLISION PERPENDICULAR,COLISION,URBANA,DESOBEDIENCIA A SEÑALIZACION,SEÑALIZACION DESOBEDECER SEÑAL PARE,0,0,0,2,11:00:00
-72.1410395,-36.6227281,638,16,REGION ÑUBLE,16103,CHILLAN VIEJO,OHIGGINS, ,3250,"Av. OHiggins 3250, Chillan, Chillán Viejo, Bío Bío, Chile",-36.6227281,-72.1410395,1,ROOFTOP,2020,1314873,2020/11/10 00:00:00+00,COLISION POR ALCANCE,COLISION,URBANA,IMPRUDENCIA DEL CONDUCTOR,CONDUCCION NO ATENTO CONDICIONES TRANSITO MOMENTO,0,0,0,0,11:30:00
-72.0746922,-36.6130261,639,16,REGION ÑUBLE,16101,CHILLAN,CERRO MURRINUMO, ,541,"Cerro Murrinumo 541, Chillan, Chillán, Bío Bío, Chile",-36.6130261,-72.0746922,1,RANGE_INTERPOLATED,2020,1315101,2020/11/27 00:00:00+00,CHOQUE FRONTAL,CHOQUE,URBANA,IMPRUDENCIA DEL CONDUCTOR,CONDUCCION NO ATENTO CONDICIONES TRANSITO MOMENTO,0,0,0,0,03:15:00
-72.084895,-36.6335645,640,16,REGION ÑUBLE,16101,CHILLAN,CAMINO NUEVO,CRISOLITA,0,"Cam. Nuevo & Pje. Crisolita, Chillan, Chillán, Ñuble, Chile",-36.6335645,-72.084895,1,GEOMETRIC_CENTER,2020,1315106,2020/11/26 00:00:00+00,COLISION LATERAL,COLISION,URBANA,IMPRUDENCIA DEL CONDUCTOR,"ADELANTAMIENTO EN CRUCE, CURVA, CUESTA, PUENTE",0,1,0,0,00:00:00
-72.0931038,-36.6277655,641,16,REGION ÑUBLE,16101,CHILLAN,LAUTARO,ANIBAL PINTO,0,"Aníbal Pinto & Lautaro, Chillan, Chillán, Ñuble, Chile",-36.6277655,-72.0931038,1,GEOMETRIC_CENTER,2020,1315138,2020/11/28 00:00:00+00,COLISION PERPENDICULAR,COLISION,URBANA,DESOBEDIENCIA A SEÑALIZACION,SEÑALIZACION DESOBEDECER SEÑAL PARE,0,0,1,1,14:30:00
-71.9518602,-36.4280193,642,16,REGION ÑUBLE,16301,SAN CARLOS,PUELMA,MATTA,0,"Manuel Antonio Matta Goyenechea & Francisco Puelma Castillo, San Carlos, Ñuble, Chile",-36.4280193,-71.9518602,1,GEOMETRIC_CENTER,2020,1315513,2020/11/25 00:00:00+00,COLISION LATERAL,COLISION,RURAL,DESOBEDIENCIA A SEÑALIZACION,SEÑALIZACION DESOBEDECER SEÑAL CEDA EL PASO,0,0,0,4,15:40:00
-71.9555804,-36.4246988,643,16,REGION ÑUBLE,16301,SAN CARLOS,VICUÑA MACKENNA,BRASIL,0,"Brasil & Benjamin Vicuña Mackenna, San Carlos, Ñuble, Chile",-36.4246988,-71.9555804,1,GEOMETRIC_CENTER,2020,1315515,2020/11/26 00:00:00+00,COLISION POR ALCANCE,COLISION,URBANA,IMPRUDENCIA DEL CONDUCTOR,CONDUCCION NO ATENTO CONDICIONES TRANSITO MOMENTO,0,0,0,0,11:20:00