X,Y,FID,COD_REG,REGION,CUT,COMUNA,CALLE_UNO,CALLE_DOS,NUMERO,DIR_GEOCOD,LAT,LNG,VAL_COM,TIPO,Año,Idaccident,Fecha,Tipo_Accid,Tipo__CONA,Zona,Causa__CON,Causa,Fallecidos,Graves,Menos_Grav,Leves,Hora
-71.9730051,-36.4171453,644,16,REGION ÑUBLE,16301,SAN CARLOS,EL PEUMO,EL DURAZNO,0,"El Peumo & El Durazno, San Carlos, Ñuble, Chile",-36.4171453,-71.9730051,1,GEOMETRIC_CENTER,2020,1315519,2020/11/27 00:00:00+00,COLISION LATERAL,COLISION,URBANA,PERDIDA CONTROL VEHICULO,PERDIDA CONTROL VEHICULO,0,0,0,4,20:10:00
-72.0980743,-36.6126336,645,16,REGION ÑUBLE,16101,CHILLAN,ARTURO PRAT,INDEPENDENCIA,0,"Arturo Prat & Independencia, Chillan, Chillán, Ñuble, Chile",-36.6126336,-72.0980743,1,GEOMETRIC_CENTER,2020,1316158,2020/12/04 00:00:00+00,COLISION PERPENDICULAR,COLISION,URBANA,DESOBEDIENCIA A SEÑALIZACION,SEÑALIZACION DESOBEDECER SEÑAL PARE,0,0,0,0,11:30:00
-72.0626077,-36.2362668,646,16,REGION ÑUBLE,16303,ÑIQUEN,LOS LIRIOS, ,10,"Niquen, Ñiquén, Ñuble, Chile",-36.2362668,-72.0626077,1,APPROXIMATE,2020,1323650,2020/12/20 00:00:00+00,CHOQUE FRONTAL,CHOQUE,URBANA,ALCOHOL EN CONDUCTOR,CONDUCCION EN ESTADO DE EBRIEDAD,0,0,0,0,00:20:00
-71.9749355,-36.4238475,647,16,REGION ÑUBLE,16301,SAN CARLOS,MATTA,NUEVO SENDERO,0,"Matta 0697, Gorbea, San Carlos, IX Región, Chile",-36.4238475,-71.9749355,1,ROOFTOP,2020,1316525,2020/12/05 00:00:00+00,COLISION LATERAL,COLISION,URBANA,IMPRUDENCIA DEL CONDUCTOR,CONDUCCION NO ATENTO CONDICIONES TRANSITO MOMENTO,0,1,0,0,20:25:00
-72.0995737,-36.975914,648,16,REGION ÑUBLE,16105,PEMUCO,PADRE JORGE HERRERA,SAN MARTIN,0,"Jorge Herrera & San Martin, Pemuco, Ñuble, Chile",-36.975914,-72.0995737,1,GEOMETRIC_CENTER,2020,1316549,2020/12/01 00:00:00+00,CHOQUE FRENTE/LADO,CHOQUE,URBANA,IMPRUDENCIA DEL CONDUCTOR,CONDUCCION NO ATENTO CONDICIONES TRANSITO MOMENTO,0,0,0,0,17:50:00
-72.1290939,-36.6145405,649,16,REGION ÑUBLE,16101,CHILLAN,LOS CORREGIDORES,M RUIZ DE GAMBOA,0,"Av. Mariscal Ruiz de Gamboa 1848, Chillan, Chillán, Bío Bío, Chile",-36.6145405,-72.1290939,1,ROOFTOP,2020,1316594,2020/12/04 00:00:00+00,COLISION PERPENDICULAR,COLISION,URBANA,DESOBEDIENCIA A SEÑALIZACION,SEÑALIZACION DESOBEDECER SEÑAL PARE,0,0,0,0,22:00:00
-72.0991363,-36.5768661,650,16,REGION ÑUBLE,16101,CHILLAN,PANAMERICANA NORTE,BY- PASS,0,"Panamericana Norte km. 3, 5, Chillan, Chillán, Ñuble, Chile",-36.5768661,-72.0991363,1,GEOMETRIC_CENTER,2020,1316599,2020/12/04 00:00:00+00,CHOQUE FRONTAL,CHOQUE,URBANA,IMPRUDENCIA DEL CONDUCTOR,CONDUCCION NO ATENTO CONDICIONES TRANSITO MOMENTO,0,0,0,0,04:45:00
-72.1298224,-36.5949483,651,16,REGION ÑUBLE,16101,CHILLAN,PANAMERICANA NORTE, ,396,"Panamericana Sur, Chillan, Chillán, Ñuble, Chile",-36.5949483,-72.1298224,1,GEOMETRIC_CENTER,2020,1316602,2020/12/04 00:00:00+00,COLISION PERPENDICULAR,COLISION,URBANA,DESOBEDIENCIA A SEÑALIZACION,SEÑALIZACION DESOBEDECER SEÑAL PARE,0,0,0,0,04:45:00
-72.106206,-36.6120621,652,16,REGION ÑUBLE,16101,CHILLAN,COCHARCAS,18 DE SEPTIEMBRE,0,"Cocharcas & Dieciocho de Septiembre, Chillan, Chillán, Ñuble, Chile",-36.6120621,-72.106206,1,GEOMETRIC_CENTER,2020,1316603,2020/12/04 00:00:00+00,COLISION LATERAL,COLISION,URBANA,IMPRUDENCIA DEL CONDUCTOR,CONDUCCION CAMBIAR SORPRESIVAMENTE PISTA CIRCULACION,0,0,0,0,14:30:00
-72.1061151,-36.5984238,653,16,REGION ÑUBLE,16101,CHILLAN,OHIGGINS,ECUADOR,0,"Av. OHiggins & Av. Ecuador, Chillan, Chillán, Ñuble, Chile",-36.5984238,-72.1061151,1,GEOMETRIC_CENTER,2020,1316607,2020/12/04 00:00:00+00,COLISION POR ALCANCE,COLISION,URBANA,IMPRUDENCIA DEL CONDUCTOR,CONDUCCION NO ATENTO CONDICIONES TRANSITO MOMENTO,0,0,0,0,14:30:00
-72.5424762,-36.2788138,654,16,REGION ÑUBLE,16201,QUIRIHUE,SALVADOR ALLENDE,JORGE ALESSANDRI,0,"Quirihue, Ñuble, Chile",-36.2788138,-72.5424762,1,APPROXIMATE,2020,1277319,2020/04/13 00:00:00+00,COLISION,COLISION,URBANA,IMPRUDENCIA DEL CONDUCTOR,CONDUCCION CAMBIAR SORPRESIVAMENTE PISTA CIRCULACION,0,0,0,0,17:30:00
-72.0703182,-36.6233076,655,16,REGION ÑUBLE,16101,CHILLAN,CIRCUNVALACION,ESMERALDA,0,"Avenida Circunvalacion & Esmeralda, Chillán, Ñuble, Chile",-36.6233076,-72.0703182,1,GEOMETRIC_CENTER,2020,1317162,2020/12/08 00:00:00+00,COLISION PERPENDICULAR,COLISION,URBANA,IMPRUDENCIA DEL CONDUCTOR,CONDUCCION NO ATENTO CONDICIONES TRANSITO MOMENTO,0,0,0,0,11:00:00
-72.0253658,-36.9015217,656,16,REGION ÑUBLE,16104,EL CARMEN,MANUEL RODRIGUEZ, ,670,"Manuel Rodríguez, El Carmen, Ñuble, Chile",-36.9015217,-72.0253658,1,GEOMETRIC_CENTER,2020,1317340,2020/12/06 00:00:00+00,CHOQUE FRENTE/FRENTE,CHOQUE,URBANA,IMPRUDENCIA DEL CONDUCTOR,CONDUCCION CAMBIAR SORPRESIVAMENTE PISTA CIRCULACION,0,0,0,0,21:30:00
-72.472281,-36.7465185,657,16,REGION ÑUBLE,16107,QUILLON,JUAN PAULINO FLORES, ,562,"Juan Paulino Flores 562, Quillón, Región del Bío Bío, Chile",-36.7465185,-72.472281,1,ROOFTOP,2020,1279484,2020/05/02 00:00:00+00,CHOQUE,CHOQUE,URBANA,OTRAS CAUSAS,OTRAS CAUSAS,0,0,0,0,21:30:00
-72.0948617,-36.624186,658,16,REGION ÑUBLE,16101,CHILLAN,ALONSO DE ERCILLA,LAS HERAS,0,"Alonso de Ercilla & Las Heras, Chillan, Chillán, Ñuble, Chile",-36.624186,-72.0948617,1,GEOMETRIC_CENTER,2020,1279530,2020/05/01 00:00:00+00,ATROPELLO,ATROPELLO,URBANA,IMPRUDENCIA DEL PEATON,PEATON CRUZA CALZADA FORMA SORPRESIVA O DESCUIDADA,0,0,0,1,18:35:00
-72.1089252,-36.6060085,659,16,REGION ÑUBLE,16101,CHILLAN,OHIGGINS,CONSTITUCION,0,"Constitución & Avenida OHiggins, Chillan, Chillán, Ñuble, Chile",-36.6060085,-72.1089252,1,GEOMETRIC_CENTER,2020,1279771,2020/05/07 00:00:00+00,CHOQUE POSTERIOR/LADO,CHOQUE,URBANA,IMPRUDENCIA DEL CONDUCTOR,CONDUCCION NO ATENTO CONDICIONES TRANSITO MOMENTO,0,0,0,0,11:30:00
-72.0931679,-36.607565,660,16,REGION ÑUBLE,16101,CHILLAN,ARGENTINA, ,424,"Argentina 424, Chillan, Chillán, Bío Bío, Chile",-36.607565,-72.0931679,1,RANGE_INTERPOLATED,2020,1279774,2020/05/07 00:00:00+00,COLISION LATERAL,COLISION,URBANA,IMPRUDENCIA DEL CONDUCTOR,CONDUCCION NO ATENTO CONDICIONES TRANSITO MOMENTO,0,0,0,0,16:30:00
-72.1055897,-36.6148578,661,16,REGION ÑUBLE,16101,CHILLAN,ARAUCO,COLLIN,0,"Arauco & Avenida Collin, Chillan, Chillán, Ñuble, Chile",-36.6148578,-72.1055897,1,GEOMETRIC_CENTER,2020,1280107,2020/05/10 00:00:00+00,COLISION LATERAL,COLISION,URBANA,CAUSAS NO DETERMINADAS,CAUSAS NO DETERMINADAS,0,0,0,0,14:10:00
-72.0303453,-36.8973464,662,16,REGION ÑUBLE,16104,EL CARMEN,GRAL BAQUEDANO, ,2000,"El Carmen, Ñuble, Chile",-36.8973464,-72.0303453,1,APPROXIMATE,2020,1280158,2020/05/10 00:00:00+00,ATROPELLO,ATROPELLO,URBANA,IMPRUDENCIA DEL CONDUCTOR,CONDUCCION NO ATENTO CONDICIONES TRANSITO MOMENTO,0,2,0,0,21:30:00
-72.0948464,-36.6040374,663,16,REGION ÑUBLE,16101,CHILLAN,GAMERO,INDEPENDENCIA,0,"Gamero & Independencia, Chillan, Chillán, Ñuble, Chile",-36.6040374,-72.0948464,1,GEOMETRIC_CENTER,2020,1280228,2020/05/11 00:00:00+00,COLISION LATERAL,COLISION,URBANA,IMPRUDENCIA DEL CONDUCTOR,NO RESPETAR DERECHO PREFERENTE DE PASO A VEHICULO,0,0,0,0,17:50:00
-71.846218,-36.7049422,664,16,REGION ÑUBLE,16302,COIHUECO,SECTOR TANILVORO, ,1,"Tanilvoro, Coihueco, Ñuble, Chile",-36.7049422,-71.846218,1,APPROXIMATE,2020,1280403,2020/05/06 00:00:00+00,COLISION FRONTAL,COLISION,RURAL,CAUSAS NO DETERMINADAS,CAUSAS NO DETERMINADAS,0,0,0,0,21:30:00
-72.0948617,-36.624186,665,16,REGION ÑUBLE,16101,CHILLAN,ALONSO DE ERCILLA,LAS HERAS,0,"Alonso de Ercilla & Las Heras, Chillan, Chillán, Ñuble, Chile",-36.624186,-72.0948617,1,GEOMETRIC_CENTER,2020,1280440,2020/05/10 00:00:00+00,COLISION POR ALCANCE,COLISION,URBANA,IMPRUDENCIA DEL CONDUCTOR,CONDUCCION NO ATENTO CONDICIONES TRANSITO MOMENTO,0,0,0,0,19:40:00
-72.1051422,-36.6089086,666,16,REGION ÑUBLE,16101,CHILLAN,18 DE SEPTIEMBRE, ,750,"Dieciocho de Septiembre 750, Chillan, Chillán, Región del Bío Bío, Chile",-36.6089086,-72.1051422,1,ROOFTOP,2020,1280444,2020/05/12 00:00:00+00,CHOQUE LADO/LADO,CHOQUE,URBANA,IMPRUDENCIA DEL CONDUCTOR,CONDUCCION NO ATENTO CONDICIONES TRANSITO MOMENTO,0,0,0,0,16:30:00
-71.9581746,-36.4240082,667,16,REGION ÑUBLE,16301,SAN CARLOS,BALMACEDA, ,479,"Benjamin Vicuña Mackenna 436, San Carlos, Región del Bío Bío, Chile",-36.4240082,-71.9581746,1,ROOFTOP,2020,1280852,2020/05/14 00:00:00+00,CHOQUE FRENTE/LADO,CHOQUE,URBANA,IMPRUDENCIA DEL CONDUCTOR,CONDUCCION NO ATENTO CONDICIONES TRANSITO MOMENTO,0,0,0,0,10:30:00
-72.540195,-36.2825653,668,16,REGION ÑUBLE,16201,QUIRIHUE,ESMERALDA, ,825,"Esmeralda 825, Quirihue, Bío Bío, Chile",-36.2825653,-72.540195,1,RANGE_INTERPOLATED,2020,1280906,2020/05/07 00:00:00+00,COLISION,COLISION,URBANA,VELOCIDAD IMPRUDENTE,VELOCIDAD NO RAZONABLE NI PRUDENTE,0,0,0,0,21:45:00
-72.0196633,-37.1199487,669,16,REGION ÑUBLE,16109,YUNGAY,TACNA,ESMERALDA,0,"Esmeralda & Tacna, Yungay, Ñuble, Chile",-37.1199487,-72.0196633,1,GEOMETRIC_CENTER,2020,1284875,2020/06/11 00:00:00+00,COLISION PERPENDICULAR,COLISION,URBANA,DESOBEDIENCIA A SEÑALIZACION,SEÑALIZACION DESOBEDECER SEÑAL PARE,0,0,1,0,08:50:00
-72.1029429,-36.6056196,670,16,REGION ÑUBLE,16101,CHILLAN,LIBERTAD,COCHARCAS,0,"Libertad S/N, Chillan, Chillán, Región del Bío Bío, Chile",-36.6056196,-72.1029429,1,ROOFTOP,2020,1281616,2020/05/12 00:00:00+00,COLISION PERPENDICULAR,COLISION,URBANA,IMPRUDENCIA DEL CONDUCTOR,CONDUCCION CAMBIAR SORPRESIVAMENTE PISTA CIRCULACION,0,0,0,0,12:20:00
-71.9588312,-36.4380475,671,16,REGION ÑUBLE,16301,SAN CARLOS,NORA PEREIRA, ,375,"Nora Pereira Riseti 375, San Carlos, Bío Bío, Chile",-36.4380475,-71.9588312,1,RANGE_INTERPOLATED,2020,1281627,2020/05/16 00:00:00+00,COLISION POR ALCANCE,COLISION,URBANA,ALCOHOL EN CONDUCTOR,CONDUCCION EN ESTADO DE EBRIEDAD,0,0,0,0,10:30:00
-71.958347,-36.4280239,672,16,REGION ÑUBLE,16301,SAN CARLOS,SERRANO,BILBAO,0,"Francisco Bilbao & Ignacio Serrano Montaner, San Carlos, Ñuble, Chile",-36.4280239,-71.958347,1,GEOMETRIC_CENTER,2020,1281631,2020/05/17 00:00:00+00,COLISION FRONTAL,COLISION,URBANA,IMPRUDENCIA DEL CONDUCTOR,CONDUCCION NO ATENTO CONDICIONES TRANSITO MOMENTO,0,0,0,0,13:50:00
-72.0790317,-36.6256516,673,16,REGION ÑUBLE,16101,CHILLAN,ALONSO DE ERCILLA,NUEVA ORIENTE,0,"Av Alonso de Ercilla & Av. Nueva Ote., Chillan, Chillán, Ñuble, Chile",-36.6256516,-72.0790317,1,GEOMETRIC_CENTER,2020,1281638,2020/05/13 00:00:00+00,COLISION LATERAL,COLISION,URBANA,IMPRUDENCIA DEL CONDUCTOR,CONDUCCION NO ATENTO CONDICIONES TRANSITO MOMENTO,0,0,0,1,16:48:00
-72.3030948,-36.7410559,674,16,REGION ÑUBLE,16102,BULNES,EL CONDOR, ,3,"Bulnes, Ñuble, Chile",-36.7410559,-72.3030948,1,APPROXIMATE,2020,1281661,2020/05/21 00:00:00+00,COLISION,COLISION,RURAL,IMPRUDENCIA DEL CONDUCTOR,CONDUCCION NO ATENTO CONDICIONES TRANSITO MOMENTO,0,0,1,0,10:30:00
-71.9682384,-36.4197396,675,16,REGION ÑUBLE,16301,SAN CARLOS,LENGA,ALERCE,0,"El Alerce & La Lenga, San Carlos, Ñuble, Chile",-36.4197396,-71.9682384,1,GEOMETRIC_CENTER,2020,1281865,2020/05/10 00:00:00+00,COLISION LATERAL,COLISION,URBANA,ALCOHOL EN CONDUCTOR,CONDUCCION EN ESTADO DE EBRIEDAD,0,0,0,0,10:30:00
-72.0804581,-36.6042477,676,16,REGION ÑUBLE,16101,CHILLAN,ANDRES BELLO, ,595,"Av. Andrés Bello 595, Chillan, Chillán, Bío Bío, Chile",-36.6042477,-72.0804581,1,RANGE_INTERPOLATED,2020,1320336,2020/12/21 00:00:00+00,COLISION LATERAL,COLISION,URBANA,IMPRUDENCIA DEL CONDUCTOR,CONDUCCION CAMBIAR SORPRESIVAMENTE PISTA CIRCULACION,0,0,0,0,06:50:00
-72.0871969,-36.6152309,677,16,REGION ÑUBLE,16101,CHILLAN,OBRIEN,ESPAÑA,0,"Avenida España & Obrien, Chillan, Chillán, Ñuble, Chile",-36.6152309,-72.0871969,1,GEOMETRIC_CENTER,2020,1282297,2020/05/21 00:00:00+00,COLISION LATERAL,COLISION,URBANA,IMPRUDENCIA DEL CONDUCTOR,CONDUCCION NO ATENTO CONDICIONES TRANSITO MOMENTO,0,0,0,0,13:15:00
-72.1025963,-36.6155278,678,16,REGION ÑUBLE,16101,CHILLAN,ISABEL RIQUELME, ,1610,"Isabel Riquelme 1610, Chillan, Chillán, Bío Bío, Chile",-36.6155278,-72.1025963,1,RANGE_INTERPOLATED,2020,1282322,2020/05/22 00:00:00+00,CHOQUE POSTERIOR/LADO,CHOQUE,URBANA,IMPRUDENCIA DEL CONDUCTOR,CONDUCCION NO ATENTO CONDICIONES TRANSITO MOMENTO,0,0,0,0,16:10:00
-72.1117293,-36.6135757,679,16,REGION ÑUBLE,16101,CHILLAN,COLLIN,OHIGGINS,0,"Av. OHiggins & Av. Collin, Chillan, Chillán, Ñuble, Chile",-36.6135757,-72.1117293,1,GEOMETRIC_CENTER,2020,1282453,2020/05/21 00:00:00+00,CHOQUE FRONTAL,CHOQUE,URBANA,ALCOHOL EN CONDUCTOR,CONDUCCION EN ESTADO DE EBRIEDAD,0,0,0,0,04:30:00
-72.0975544,-36.5929968,680,16,REGION ÑUBLE,16101,CHILLAN,LOS NOTROS,PADRE HURTADO,0,"Padre Alberto Hurtado & Los Notros, Chillan, Chillán, Ñuble, Chile",-36.5929968,-72.0975544,1,GEOMETRIC_CENTER,2020,1282454,2020/05/25 00:00:00+00,CHOQUE LADO/LADO,CHOQUE,URBANA,IMPRUDENCIA DEL CONDUCTOR,CONDUCCION NO ATENTO CONDICIONES TRANSITO MOMENTO,0,0,0,0,14:20:00
-72.094246,-36.6068595,681,16,REGION ÑUBLE,16101,CHILLAN,YERBAS BUENAS,BULNES,0,"Yerbas Buenas & Bulnes, Chillan, Chillán, Ñuble, Chile",-36.6068595,-72.094246,1,GEOMETRIC_CENTER,2020,1282458,2020/05/25 00:00:00+00,COLISION PERPENDICULAR,COLISION,URBANA,DESOBEDIENCIA A SEÑALIZACION,SEÑALIZACION DESOBEDECER SEÑAL PARE,0,0,0,0,08:15:00
-72.1047929,-36.6082975,682,16,REGION ÑUBLE,16101,CHILLAN,EL ROBLE,18 DE SEPTIEMBRE,0,"El Roble & Dieciocho de Septiembre, Chillan, Chillán, Ñuble, Chile",-36.6082975,-72.1047929,1,GEOMETRIC_CENTER,2020,1282469,2020/05/20 00:00:00+00,COLISION LATERAL,COLISION,URBANA,IMPRUDENCIA DEL CONDUCTOR,CONDUCCION NO ATENTO CONDICIONES TRANSITO MOMENTO,0,0,0,0,13:30:00
-72.1011165,-36.6118807,683,16,REGION ÑUBLE,16101,CHILLAN,ARTURO PRAT,ISABEL RIQUELME,0,"Isabel Riquelme & Arturo Prat, Chillan, Chillán, Ñuble, Chile",-36.6118807,-72.1011165,1,GEOMETRIC_CENTER,2020,1282472,2020/05/19 00:00:00+00,COLISION POR ALCANCE,COLISION,URBANA,IMPRUDENCIA DEL CONDUCTOR,CONDUCCION NO ATENTO CONDICIONES TRANSITO MOMENTO,0,0,0,0,16:30:00
-72.3030948,-36.7410559,684,16,REGION ÑUBLE,16102,BULNES,ROSA, ,1,"Bulnes, Ñuble, Chile",-36.7410559,-72.3030948,1,APPROXIMATE,2020,1282807,2020/05/22 00:00:00+00,COLISION,COLISION,URBANA,IMPRUDENCIA DEL CONDUCTOR,CONDUCCION NO ATENTO CONDICIONES TRANSITO MOMENTO,0,0,0,0,17:30:00
-72.0146989,-37.1213347,685,16,REGION ÑUBLE,16109,YUNGAY,ANGAMOS, ,126,"Angamos 126, Yungay, Bío Bío, Chile",-37.1213347,-72.0146989,1,RANGE_INTERPOLATED,2020,1282832,2020/05/28 00:00:00+00,CHOQUE LADO/LADO,CHOQUE,URBANA,IMPRUDENCIA DEL CONDUCTOR,CONDUCCION NO ATENTO CONDICIONES TRANSITO MOMENTO,0,0,0,0,13:30:00
-71.9636063,-36.4331476,686,16,REGION ÑUBLE,16301,SAN CARLOS,CARRERA,JOAQUIN DEL PINO,0,"Av. Arturo Prat Chacón #279, Biobío, San Carlos, Ñuble, Chile",-36.4331476,-71.9636063,1,ROOFTOP,2020,1282903,2020/05/27 00:00:00+00,COLISION LATERAL,COLISION,URBANA,DESOBEDIENCIA A SEÑALIZACION,SEÑALIZACION DESOBEDECER SEÑAL PARE,0,0,0,0,15:30:00
-71.9514281,-36.4254247,687,16,REGION ÑUBLE,16301,SAN CARLOS,VICUÑA MACKENNA,NORA PEREIRA,0,"Benjamin Vicuña Mackenna 872, San Carlos, Región del Bío Bío, Chile",-36.4254247,-71.9514281,1,ROOFTOP,2020,1282906,2020/05/27 00:00:00+00,CHOQUE LADO/FRENTE,CHOQUE,URBANA,IMPRUDENCIA DEL CONDUCTOR,CONDUCCION NO ATENTO CONDICIONES TRANSITO MOMENTO,0,0,0,0,12:10:00
-72.0996193,-36.6096775,688,16,REGION ÑUBLE,16101,CHILLAN,EL ROBLE, ,844,"El Roble 844, Chillan, Chillán, Región del Bío Bío, Chile",-36.6096775,-72.0996193,1,ROOFTOP,2020,1283347,2020/05/29 00:00:00+00,ATROPELLO,ATROPELLO,URBANA,IMPRUDENCIA DEL PEATON,PEATON CRUZA CALZADA FORMA SORPRESIVA O DESCUIDADA,0,0,0,2,10:55:00
-72.1136594,-36.6131816,689,16,REGION ÑUBLE,16101,CHILLAN,COLLIN, ,60,"Av. Collin 60, Chillan, Chillán, Región del Bío Bío, Chile",-36.6131816,-72.1136594,1,ROOFTOP,2020,1283348,2020/05/29 00:00:00+00,COLISION LATERAL,COLISION,URBANA,IMPRUDENCIA DEL CONDUCTOR,CONDUCCION NO ATENTO CONDICIONES TRANSITO MOMENTO,0,0,0,1,12:50:00
-72.6691093,-36.4314814,690,16,REGION ÑUBLE,16207,TREGUACO,LUIS LAMAS,GONZALO URREJOLA,0,"Treguaco, Ñuble, Chile",-36.4314814,-72.6691093,1,APPROXIMATE,2020,1283511,2020/05/19 00:00:00+00,COLISION,COLISION,URBANA,DESOBEDIENCIA A SEÑALIZACION,SEÑALIZACION DESOBEDECER LUZ ROJA DE SEMAFORO,0,0,1,1,08:00:00
-72.705499,-36.4886449,691,16,REGION ÑUBLE,16203,COELEMU,ANIBAL PINTO, ,100,"C. Anibal Pinto 100, Coelemu, Bío Bío, Chile",-36.4886449,-72.705499,1,RANGE_INTERPOLATED,2020,1283516,2020/05/29 00:00:00+00,CHOQUE,CHOQUE,RURAL,ALCOHOL EN CONDUCTOR,CONDUCCION EN ESTADO DE EBRIEDAD,0,0,0,0,22:40:00
-72.1087869,-36.605149,692,16,REGION ÑUBLE,16101,CHILLAN,OHIGGINS, ,528,"Av. OHiggins 528, Chillan, Chillán, Región del Bío Bío, Chile",-36.605149,-72.1087869,1,ROOFTOP,2020,1283625,2020/06/01 00:00:00+00,CHOQUE LADO/LADO,CHOQUE,URBANA,IMPRUDENCIA DEL CONDUCTOR,CONDUCCION NO ATENTO CONDICIONES TRANSITO MOMENTO,0,0,0,0,13:30:00
-72.1000625,-36.613488,693,16,REGION ÑUBLE,16101,CHILLAN,COCHARCA,SGTO ALDEA,0,"Cocharcas & Sargento Aldea, Chillan, Chillán, Ñuble, Chile",-36.613488,-72.1000625,1,GEOMETRIC_CENTER,2020,1283626,2020/06/01 00:00:00+00,COLISION PERPENDICULAR,COLISION,URBANA,DESOBEDIENCIA A SEÑALIZACION,SEÑALIZACION DESOBEDECER SEÑAL CEDA EL PASO,0,0,0,1,19:50:00
-72.0995951,-36.6265801,694,16,REGION ÑUBLE,16101,CHILLAN,RIO VIEJO,BARROS ARANA,0,"Río Viejo & Barros Arana, Chillan, Chillán, Ñuble, Chile",-36.6265801,-72.0995951,1,GEOMETRIC_CENTER,2020,1283637,2020/05/30 00:00:00+00,COLISION PERPENDICULAR,COLISION,URBANA,DESOBEDIENCIA A SEÑALIZACION,SEÑALIZACION DESOBEDECER SEÑAL PARE,0,0,0,0,13:10:00
-71.8318133,-36.6219566,695,16,REGION ÑUBLE,16302,COIHUECO,GRACIANO BARROS, ,1,"Graciano Barron, Coihueco, Ñuble, Chile",-36.6219566,-71.8318133,1,GEOMETRIC_CENTER,2020,1283732,2020/05/15 00:00:00+00,CHOQUE FRENTE/POSTERIOR,CHOQUE,URBANA,IMPRUDENCIA DEL CONDUCTOR,CONDUCCION NO ATENTO CONDICIONES TRANSITO MOMENTO,0,0,0,0,21:30:00
-71.8285156,-36.6245238,696,16,REGION ÑUBLE,16302,COIHUECO,COMERCIO,ELEUTERIO RAMIREZ,0,"Eleuterio Ramírez 1158-1186, Coihueco, Región del Bío Bío, Chile",-36.6245238,-71.8285156,1,ROOFTOP,2020,1283745,2020/05/31 00:00:00+00,COLISION PERPENDICULAR,COLISION,URBANA,ALCOHOL EN CONDUCTOR,CONDUCCION BAJO LA INFLUENCIA DEL ALCOHOL,0,0,0,1,09:50:00
-72.472982,-36.742484,697,16,REGION ÑUBLE,16107,QUILLON,CAYUMANQUI, ,495,"Cayumanqui 495, Quillón, Región del Bío Bío, Chile",-36.742484,-72.472982,1,ROOFTOP,2020,1283753,2020/06/01 00:00:00+00,CHOQUE,CHOQUE,URBANA,PERDIDA CONTROL VEHICULO,PERDIDA CONTROL VEHICULO,0,0,0,0,14:25:00
-72.0885445,-36.6028599,698,16,REGION ÑUBLE,16101,CHILLAN,IQUIQUE,YUNGAY,0,"Yungay & Iquique, Chillan, Chillán, Ñuble, Chile",-36.6028599,-72.0885445,1,GEOMETRIC_CENTER,2020,1283760,2020/06/02 00:00:00+00,COLISION PERPENDICULAR,COLISION,URBANA,CAUSAS NO DETERMINADAS,CAUSAS NO DETERMINADAS,0,0,1,0,21:30:00
-72.0869885,-36.6163413,699,16,REGION ÑUBLE,16101,CHILLAN,OBRIEN,INGLATERRA,0,"Inglaterra & Obrien, Chillan, Chillán, Ñuble, Chile",-36.6163413,-72.0869885,1,GEOMETRIC_CENTER,2020,1283761,2020/06/03 00:00:00+00,ATROPELLO,ATROPELLO,URBANA,IMPRUDENCIA DEL CONDUCTOR,NO RESPETAR DERECHO PREFERENTE DE PASO A PEATON,0,0,0,1,16:40:00
-71.9690367,-36.4385837,700,16,REGION ÑUBLE,16301,SAN CARLOS,FREIRE,VILLA PORTAL DEL SUR,0,"San Carlos, Región del Bío Bío, Chile",-36.4385837,-71.9690367,1,GEOMETRIC_CENTER,2020,1287555,2020/06/29 00:00:00+00,COLISION POR ALCANCE,COLISION,URBANA,IMPRUDENCIA DEL CONDUCTOR,CONDUCCION NO ATENTO CONDICIONES TRANSITO MOMENTO,0,0,0,1,18:30:00
-71.9523304,-36.4187855,701,16,REGION ÑUBLE,16301,SAN CARLOS,INDEPENDENCIA,TOMAS YAVAR,0,"Teniente Tomás Yávar 688, Biobío, San Carlos, Ñuble, Chile",-36.4187855,-71.9523304,1,ROOFTOP,2020,1283937,2020/05/31 00:00:00+00,COLISION LATERAL,COLISION,URBANA,DESOBEDIENCIA A SEÑALIZACION,SEÑALIZACION DESOBEDECER SEÑAL PARE,0,0,0,2,21:00:00
-71.963132,-36.4328815,702,16,REGION ÑUBLE,16301,SAN CARLOS,CHACABUCO,ARTURO PRAT,0,"Chacabuco & Avenida Arturo Prat Chacón, San Carlos, Ñuble, Chile",-36.4328815,-71.963132,1,GEOMETRIC_CENTER,2020,1283939,2020/06/01 00:00:00+00,COLISION LATERAL,COLISION,URBANA,IMPRUDENCIA DEL CONDUCTOR,CONDUCCION NO ATENTO CONDICIONES TRANSITO MOMENTO,0,0,0,0,19:50:00