X,Y,FID,COD_REG,REGION,CUT,COMUNA,CALLE_UNO,CALLE_DOS,NUMERO,DIR_GEOCOD,LAT,LNG,VAL_COM,TIPO,Año,Idaccident,Fecha,Tipo_Accid,Tipo__CONA,Zona,Causa__CON,Causa,Fallecidos,Graves,Menos_Grav,Leves,Hora
-72.0861297,-36.6203662,703,16,REGION ÑUBLE,16101,CHILLAN,LOS PUELCHES,ESMERALDA,0,"Los Puelches & Esmeralda, Chillan, Chillán, Ñuble, Chile",-36.6203662,-72.0861297,1,GEOMETRIC_CENTER,2020,1284053,2020/06/06 00:00:00+00,COLISION LATERAL,COLISION,URBANA,IMPRUDENCIA DEL CONDUCTOR,CONDUCCION NO ATENTO CONDICIONES TRANSITO MOMENTO,0,0,0,0,19:00:00
-72.0995687,-36.9759884,704,16,REGION ÑUBLE,16105,PEMUCO,COLON,CARRERA,0,"Pemuco, Ñuble, Chile",-36.9759884,-72.0995687,1,APPROXIMATE,2020,1284877,2020/06/11 00:00:00+00,CHOQUE FRONTAL,CHOQUE,URBANA,ALCOHOL EN CONDUCTOR,CONDUCCION EN ESTADO DE EBRIEDAD,0,0,0,1,16:25:00
-71.9549923,-36.4173772,705,16,REGION ÑUBLE,16301,SAN CARLOS,INDEPENDENCIA, ,1280,"Independencia 1280, San Carlos, Bío Bío, Chile",-36.4173772,-71.9549923,1,RANGE_INTERPOLATED,2020,1284881,2020/06/06 00:00:00+00,CHOQUE FRENTE/FRENTE,CHOQUE,URBANA,IMPRUDENCIA DEL CONDUCTOR,CONDUCCION NO ATENTO CONDICIONES TRANSITO MOMENTO,0,0,0,0,16:55:00
-72.2058425,-36.7901644,706,16,REGION ÑUBLE,16102,BULNES,LAS ROSAS, ,30,"Las Rosas, San Javier, Bulnes, Ñuble, Chile",-36.7901644,-72.2058425,1,GEOMETRIC_CENTER,2020,1284887,2020/06/05 00:00:00+00,IMPACTO CON ANIMAL,OTRO TIPO,URBANA,DEFICIENCIAS VIALES,ANIMALES SUELTOS VIA PUBLICA,0,0,0,0,17:40:00
-72.0996468,-36.6162296,707,16,REGION ÑUBLE,16101,CHILLAN,COLLIN, ,973,"Av. Collin 973, Chillan, Chillán, Región del Bío Bío, Chile",-36.6162296,-72.0996468,1,ROOFTOP,2020,1285064,2020/06/11 00:00:00+00,COLISION LATERAL,COLISION,URBANA,IMPRUDENCIA DEL CONDUCTOR,NO RESPETAR DERECHO PREFERENTE DE PASO A VEHICULO,0,0,0,0,17:15:00
-72.7036084,-36.4890584,708,16,REGION ÑUBLE,16203,COELEMU,12 DE OCTUBRE, ,499,"Coelemu, Ñuble, Chile",-36.4890584,-72.7036084,1,APPROXIMATE,2020,1285342,2020/06/02 00:00:00+00,ATROPELLO,ATROPELLO,URBANA,OTRAS CAUSAS,OTRAS CAUSAS,0,0,0,1,21:25:00
-72.0758718,-36.6069372,709,16,REGION ÑUBLE,16101,CHILLAN,EL COBRE, ,1061,"El Cobre 1061, Chillan, Chillán, Región del Bío Bío, Chile",-36.6069372,-72.0758718,1,ROOFTOP,2020,1285388,2020/06/10 00:00:00+00,CHOQUE LADO/LADO,CHOQUE,URBANA,IMPRUDENCIA DEL CONDUCTOR,CONDUCCION NO ATENTO CONDICIONES TRANSITO MOMENTO,0,0,0,0,19:30:00
-72.1382936,-36.6287638,710,16,REGION ÑUBLE,16103,CHILLAN VIEJO,LUIS ARANEDA, ,976,"Luis Araneda 976, Chillan, Chillán Viejo, Bío Bío, Chile",-36.6287638,-72.1382936,1,RANGE_INTERPOLATED,2020,1285750,2020/06/03 00:00:00+00,CHOQUE POSTERIOR/POSTERIOR,CHOQUE,URBANA,IMPRUDENCIA DEL CONDUCTOR,CONDUCCION NO ATENTO CONDICIONES TRANSITO MOMENTO,0,0,0,0,14:30:00
-72.1077193,-36.619459,711,16,REGION ÑUBLE,16101,CHILLAN,LAS TORRES, ,583,"Las Torres, Chillan, Chillán, Ñuble, Chile",-36.619459,-72.1077193,1,GEOMETRIC_CENTER,2020,1285476,2020/06/12 00:00:00+00,CHOQUE FRENTE/POSTERIOR,CHOQUE,URBANA,IMPRUDENCIA DEL CONDUCTOR,CONDUCCION NO ATENTO CONDICIONES TRANSITO MOMENTO,0,0,0,0,18:45:00
-72.0979181,-36.6237432,712,16,REGION ÑUBLE,16101,CHILLAN,ALONSO DE ERCILLA,BARROS ARANA,0,"Barros Arana & Alonso de Ercilla, Chillan, Chillán, Ñuble, Chile",-36.6237432,-72.0979181,1,GEOMETRIC_CENTER,2020,1285483,2020/06/15 00:00:00+00,COLISION POR ALCANCE,COLISION,URBANA,IMPRUDENCIA DEL CONDUCTOR,CONDUCCION NO ATENTO CONDICIONES TRANSITO MOMENTO,0,0,0,0,12:50:00
-72.0956054,-36.620798,713,16,REGION ÑUBLE,16101,CHILLAN,BARROS ARANA, ,345,"Barros Arana 345, Chillan, Chillán, Región del Bío Bío, Chile",-36.620798,-72.0956054,1,ROOFTOP,2020,1285484,2020/06/15 00:00:00+00,COLISION POR ALCANCE,COLISION,URBANA,IMPRUDENCIA DEL CONDUCTOR,CONDUCCION NO ATENTO CONDICIONES TRANSITO MOMENTO,0,0,0,0,10:30:00
-72.5429119,-36.2859132,714,16,REGION ÑUBLE,16201,QUIRIHUE,CARRERA,FREIRE,0,"Freire, Quirihue, Ñuble, Chile",-36.2859132,-72.5429119,1,GEOMETRIC_CENTER,2020,1285490,2020/06/09 00:00:00+00,COLISION,COLISION,URBANA,CAUSAS NO DETERMINADAS,CAUSAS NO DETERMINADAS,0,0,1,0,17:55:00
-72.7036084,-36.4890584,715,16,REGION ÑUBLE,16203,COELEMU,LOS CEREZOS, ,35,"Coelemu, Ñuble, Chile",-36.4890584,-72.7036084,1,APPROXIMATE,2020,1285498,2020/06/14 00:00:00+00,OTRO TIPO,OTRO TIPO,URBANA,OTRAS CAUSAS,OTRAS CAUSAS,0,0,0,0,19:00:00
-72.1366834,-36.6331552,716,16,REGION ÑUBLE,16103,CHILLAN VIEJO,IGNACIO SERRANO, ,1317,"Serrano 1317, Chillan, Chillán Viejo, Bío Bío, Chile",-36.6331552,-72.1366834,1,RANGE_INTERPOLATED,2020,1285753,2020/06/05 00:00:00+00,CHOQUE FRONTAL,CHOQUE,URBANA,ALCOHOL EN CONDUCTOR,CONDUCCION EN ESTADO DE EBRIEDAD,0,0,0,1,23:45:00
-72.0865309,-36.6094724,717,16,REGION ÑUBLE,16101,CHILLAN,MARIO VERGARA, ,442,"Mario Vergara 442, Chillan, Chillán, Bío Bío, Chile",-36.6094724,-72.0865309,1,ROOFTOP,2020,1285640,2020/06/16 00:00:00+00,COLISION FRONTAL,COLISION,URBANA,ALCOHOL EN CONDUCTOR,CONDUCCION EN ESTADO DE EBRIEDAD,0,0,0,2,18:40:00
-72.1085754,-36.6047605,718,16,REGION ÑUBLE,16101,CHILLAN,OHIGGINS,LIBERTAD,0,"Avenida OHiggins & Libertad, Chillan, Chillán, Ñuble, Chile",-36.6047605,-72.1085754,1,GEOMETRIC_CENTER,2020,1285642,2020/06/17 00:00:00+00,COLISION PERPENDICULAR,COLISION,URBANA,DESOBEDIENCIA A SEÑALIZACION,SEÑALIZACION DESOBEDECER LUZ ROJA DE SEMAFORO,0,0,0,1,13:10:00
-72.0833,-36.5667,719,16,REGION ÑUBLE,16101,CHILLAN,FRANCIA,OHIGGINS,0,"Col. Bernardo Ohiggins, Chillán, Ñuble, Chile",-36.5667,-72.0833,1,APPROXIMATE,2020,1286191,2020/06/22 00:00:00+00,COLISION PERPENDICULAR,COLISION,URBANA,IMPRUDENCIA DEL CONDUCTOR,CONDUCCION NO ATENTO CONDICIONES TRANSITO MOMENTO,0,0,0,0,12:50:00
-72.0825779,-36.6252169,720,16,REGION ÑUBLE,16101,CHILLAN,MONTERRICO, ,1745,"Monterrico 1745, Chillan, Chillán, Región del Bío Bío, Chile",-36.6252169,-72.0825779,1,ROOFTOP,2020,1286338,2020/06/19 00:00:00+00,COLISION LATERAL,COLISION,URBANA,IMPRUDENCIA DEL CONDUCTOR,NO RESPETAR DERECHO PREFERENTE DE PASO A VEHICULO,0,0,0,0,10:00:00
-72.1002054,-36.9730159,721,16,REGION ÑUBLE,16105,PEMUCO,CARRERA,COLON,0,"Av. Colón, Pemuco, Ñuble, Chile",-36.9730159,-72.1002054,1,GEOMETRIC_CENTER,2020,1286951,2020/06/26 00:00:00+00,CHOQUE FRONTAL,CHOQUE,URBANA,ALCOHOL EN CONDUCTOR,CONDUCCION EN ESTADO DE EBRIEDAD,0,0,0,0,21:50:00
-71.9485445,-36.4260901,722,16,REGION ÑUBLE,16301,SAN CARLOS,VICUÑA MACKENNA,VIOLETA PARRA,0,"Benjamin Vicuña Mackenna & Violeta Parra, San Carlos, Ñuble, Chile",-36.4260901,-71.9485445,1,GEOMETRIC_CENTER,2020,1286418,2020/06/19 00:00:00+00,COLISION POR ALCANCE,COLISION,URBANA,IMPRUDENCIA DEL CONDUCTOR,CONDUCCION NO ATENTO CONDICIONES TRANSITO MOMENTO,0,0,0,0,17:00:00
-72.0890651,-36.6252445,723,16,REGION ÑUBLE,16101,CHILLAN,ALONSO DE ERCILLA, ,1758,"Alonso de Ercilla 1758, Chillan, Chillán, Región del Bío Bío, Chile",-36.6252445,-72.0890651,1,ROOFTOP,2020,1286561,2020/06/20 00:00:00+00,CHOQUE LATERAL,CHOQUE,URBANA,ALCOHOL EN CONDUCTOR,CONDUCCION EN ESTADO DE EBRIEDAD,0,1,0,0,03:24:00
-72.547374,-36.2867778,724,16,REGION ÑUBLE,16201,QUIRIHUE,FREIRE,LOS CANELOS,0,"Ruta los Conquistadores 145, Quirihue, Bío Bío, Chile",-36.2867778,-72.547374,1,ROOFTOP,2020,1287256,2020/06/18 00:00:00+00,COLISION LATERAL,COLISION,URBANA,CAUSAS NO DETERMINADAS,CAUSAS NO DETERMINADAS,0,0,1,0,17:50:00
-72.1198319,-36.6118809,725,16,REGION ÑUBLE,16101,CHILLAN,CABILDO,LA CASTILLA,0,"Cabildo & La Castilla, Chillan, Chillán, Ñuble, Chile",-36.6118809,-72.1198319,1,GEOMETRIC_CENTER,2020,1287293,2020/06/25 00:00:00+00,COLISION PERPENDICULAR,COLISION,URBANA,IMPRUDENCIA DEL CONDUCTOR,CONDUCCION NO ATENTO CONDICIONES TRANSITO MOMENTO,0,0,0,0,11:00:00
-72.093188,-36.6085271,726,16,REGION ÑUBLE,16101,CHILLAN,ARGENTINA,LIBERTAD,0,"Argentina & Libertad, Chillan, Chillán, Ñuble, Chile",-36.6085271,-72.093188,1,GEOMETRIC_CENTER,2020,1287296,2020/06/26 00:00:00+00,CHOQUE LADO/POSTERIOR,CHOQUE,URBANA,IMPRUDENCIA DEL CONDUCTOR,CONDUCCION NO ATENTO CONDICIONES TRANSITO MOMENTO,0,0,0,0,13:05:00
-72.0833366,-36.61089,727,16,REGION ÑUBLE,16101,CHILLAN,LOS PICUNCHES,PASAJE CINCO,0,"Los Picunches, Chillan, Chillán, Ñuble, Chile",-36.61089,-72.0833366,1,GEOMETRIC_CENTER,2020,1287299,2020/06/27 00:00:00+00,COLISION LATERAL,COLISION,URBANA,CAUSAS NO DETERMINADAS,CAUSAS NO DETERMINADAS,0,0,0,0,21:45:00
-72.1047929,-36.6082975,728,16,REGION ÑUBLE,16101,CHILLAN,EL ROBLE,18 DE SEPTIEMBRE,0,"El Roble & Dieciocho de Septiembre, Chillan, Chillán, Ñuble, Chile",-36.6082975,-72.1047929,1,GEOMETRIC_CENTER,2020,1287301,2020/06/27 00:00:00+00,COLISION POR ALCANCE,COLISION,URBANA,IMPRUDENCIA DEL CONDUCTOR,CONDUCCION SIN MANTENER DISTANCIA RAZONABLE NI PRUDENTE,0,0,0,0,11:50:00
-72.09165,-36.6043548,729,16,REGION ÑUBLE,16101,CHILLAN,ARGENTINA, ,170,"Argentina 170, Chillan, Chillán, Región del Bío Bío, Chile",-36.6043548,-72.09165,1,ROOFTOP,2020,1287303,2020/06/29 00:00:00+00,COLISION LATERAL,COLISION,URBANA,IMPRUDENCIA DEL CONDUCTOR,CONDUCCION NO ATENTO CONDICIONES TRANSITO MOMENTO,0,0,0,0,13:00:00
-72.1077193,-36.619459,730,16,REGION ÑUBLE,16101,CHILLAN,RIO CHANGARAL,LAS TORRES,0,"Las Torres, Chillan, Chillán, Ñuble, Chile",-36.619459,-72.1077193,1,GEOMETRIC_CENTER,2020,1287305,2020/06/29 00:00:00+00,COLISION LATERAL,COLISION,URBANA,DESOBEDIENCIA A SEÑALIZACION,SEÑALIZACION DESOBEDECER SEÑAL CEDA EL PASO,0,0,0,2,14:00:00
-72.1156122,-36.622496,731,16,REGION ÑUBLE,16101,CHILLAN,LAS CANOAS, ,76,"Las Canoas 76, Chillan, Chillán, Bío Bío, Chile",-36.622496,-72.1156122,1,ROOFTOP,2020,1287736,2020/06/30 00:00:00+00,CHOQUE FRONTAL,CHOQUE,URBANA,CAUSAS NO DETERMINADAS,CAUSAS NO DETERMINADAS,0,0,0,0,21:30:00
-72.1024185,-36.6062548,732,16,REGION ÑUBLE,16101,CHILLAN,ARAUCO, ,501,"Arauco 501, Chillan, Chillán, Bío Bío, Chile",-36.6062548,-72.1024185,1,RANGE_INTERPOLATED,2020,1287792,2020/06/30 00:00:00+00,CHOQUE FRENTE/POSTERIOR,CHOQUE,URBANA,CAUSAS NO DETERMINADAS,CAUSAS NO DETERMINADAS,0,0,0,0,16:40:00
-72.133624,-36.62702,733,16,REGION ÑUBLE,16103,CHILLAN VIEJO,MARCHANT,20 DE AGOSTO,0,"Veinte de Agosto, Chillan, Chillán Viejo, Ñuble, Chile",-36.62702,-72.133624,1,GEOMETRIC_CENTER,2020,1287994,2020/06/12 00:00:00+00,ATROPELLO,ATROPELLO,URBANA,IMPRUDENCIA DEL PEATON,PEATON PERMANECE SOBRE LA CALZADA,0,0,0,1,18:34:00
-72.0303453,-36.8973464,734,16,REGION ÑUBLE,16104,EL CARMEN,GRAL BAQUEDANO, ,1586,"El Carmen, Ñuble, Chile",-36.8973464,-72.0303453,1,APPROXIMATE,2020,1288018,2020/07/01 00:00:00+00,COLISION LATERAL,COLISION,URBANA,IMPRUDENCIA DEL CONDUCTOR,CONDUCCION NO ATENTO CONDICIONES TRANSITO MOMENTO,0,0,0,0,13:35:00
-71.9613113,-36.4274338,735,16,REGION ÑUBLE,16301,SAN CARLOS,CHACABUCO,BILBAO,0,"Francisco Bilbao & Chacabuco, San Carlos, Ñuble, Chile",-36.4274338,-71.9613113,1,GEOMETRIC_CENTER,2020,1288096,2020/06/30 00:00:00+00,COLISION LATERAL,COLISION,URBANA,IMPRUDENCIA DEL CONDUCTOR,CONDUCCION NO ATENTO CONDICIONES TRANSITO MOMENTO,0,0,0,0,15:35:00
-72.0224575,-36.8959386,736,16,REGION ÑUBLE,16104,EL CARMEN,ANDRES BELLO, ,926,"Andrés Bello, El Carmen, Ñuble, Chile",-36.8959386,-72.0224575,1,GEOMETRIC_CENTER,2020,1288246,2020/07/04 00:00:00+00,COLISION FRONTAL,COLISION,URBANA,ALCOHOL EN CONDUCTOR,CONDUCCION EN ESTADO DE EBRIEDAD,0,0,0,0,19:50:00
-72.3030948,-36.7410559,737,16,REGION ÑUBLE,16102,BULNES,FEDERICO ERRAZURIZ, ,34,"Bulnes, Ñuble, Chile",-36.7410559,-72.3030948,1,APPROXIMATE,2020,1288451,2020/07/04 00:00:00+00,ATROPELLO,ATROPELLO,URBANA,IMPRUDENCIA DEL PEATON,PEATON CRUZA CALZADA FORMA SORPRESIVA O DESCUIDADA,1,0,0,0,20:20:00
-72.1035756,-36.6005497,738,16,REGION ÑUBLE,16101,CHILLAN,CARRERA,ITATA,0,"Carrera & Itata, Chillan, Chillán, Ñuble, Chile",-36.6005497,-72.1035756,1,GEOMETRIC_CENTER,2020,1288570,2020/07/05 00:00:00+00,COLISION PERPENDICULAR,COLISION,URBANA,DESOBEDIENCIA A SEÑALIZACION,SEÑALIZACION DESOBEDECER SEÑAL PARE,0,0,0,1,20:00:00
-72.0874737,-36.6250528,739,16,REGION ÑUBLE,16101,CHILLAN,LOS PUELCHES, ,1691,"Los Puelches 1691, Chillan, Chillán, Región del Bío Bío, Chile",-36.6250528,-72.0874737,1,ROOFTOP,2020,1288644,2020/07/06 00:00:00+00,COLISION PERPENDICULAR,COLISION,URBANA,IMPRUDENCIA DEL CONDUCTOR,NO RESPETAR DERECHO PREFERENTE DE PASO A VEHICULO,0,1,0,0,16:30:00
-72.1061151,-36.5984238,740,16,REGION ÑUBLE,16101,CHILLAN,ECUADOR,OHIGGINS,0,"Av. OHiggins & Av. Ecuador, Chillan, Chillán, Ñuble, Chile",-36.5984238,-72.1061151,1,GEOMETRIC_CENTER,2020,1288842,2020/07/07 00:00:00+00,COLISION POR ALCANCE,COLISION,URBANA,IMPRUDENCIA DEL CONDUCTOR,CONDUCCION SIN MANTENER DISTANCIA RAZONABLE NI PRUDENTE,0,0,0,0,19:15:00
-72.0164432,-37.1199619,741,16,REGION ÑUBLE,16109,YUNGAY,ESMERALDA,HUAMACHUCO,0,"Esmeralda & Huamachuco, Yungay, Ñuble, Chile",-37.1199619,-72.0164432,1,GEOMETRIC_CENTER,2020,1288903,2020/07/07 00:00:00+00,COLISION LATERAL,COLISION,URBANA,OTRAS CAUSAS,OTRAS CAUSAS,0,0,0,0,17:34:00
-72.0208715,-36.8959142,742,16,REGION ÑUBLE,16104,EL CARMEN,ANDRES BELLO,INDEPENDENCIA,0,"Andrés Bello & Independencia, El Carmen, Ñuble, Chile",-36.8959142,-72.0208715,1,GEOMETRIC_CENTER,2020,1288920,2020/07/08 00:00:00+00,COLISION PERPENDICULAR,COLISION,URBANA,IMPRUDENCIA DEL CONDUCTOR,VIRAJES INDEBIDOS,0,0,0,1,12:30:00
-72.0986135,-36.623461,743,16,REGION ÑUBLE,16101,CHILLAN,ALONSO DE ERCILLA,LAS TORRES,0,"Alonso de Ercilla 983, Chillan, Chillán, Bío Bío, Chile",-36.623461,-72.0986135,1,ROOFTOP,2020,1289124,2020/07/12 00:00:00+00,COLISION PERPENDICULAR,COLISION,URBANA,IMPRUDENCIA DEL CONDUCTOR,CONDUCCION CONTRA SENTIDO DEL TRANSITO,1,0,0,1,01:15:00
-71.8395688,-36.6288908,744,16,REGION ÑUBLE,16302,COIHUECO,COMERCIO,SAN MARTIN,0,"Coihueco, Región del Bío Bío, Chile",-36.6288908,-71.8395688,1,GEOMETRIC_CENTER,2020,1289137,2020/06/20 00:00:00+00,COLISION LATERAL,COLISION,URBANA,ALCOHOL EN CONDUCTOR,CONDUCCION EN ESTADO DE EBRIEDAD,0,0,0,1,21:00:00
-71.8283012,-36.6235447,745,16,REGION ÑUBLE,16302,COIHUECO,ELEUTERIO RAMIREZ, ,1103,"Eleuterio Ramírez 1103, Coihueco, Bío Bío, Chile",-36.6235447,-71.8283012,1,RANGE_INTERPOLATED,2020,1289149,2020/06/21 00:00:00+00,CHOQUE LATERAL,CHOQUE,URBANA,ALCOHOL EN CONDUCTOR,CONDUCCION EN ESTADO DE EBRIEDAD,0,0,0,0,19:00:00
-72.1363338,-36.625394,746,16,REGION ÑUBLE,16103,CHILLAN VIEJO,LUIS ARANEDA,ANTONIO VARAS,0,"Luis Araneda & Antonio Varas, Chillan, Chillán Viejo, Ñuble, Chile",-36.625394,-72.1363338,1,GEOMETRIC_CENTER,2020,1289152,2020/06/24 00:00:00+00,COLISION PERPENDICULAR,COLISION,URBANA,DESOBEDIENCIA A SEÑALIZACION,SEÑALIZACION DESOBEDECER SEÑAL CEDA EL PASO,0,0,0,1,18:15:00
-71.8326326,-36.6283011,747,16,REGION ÑUBLE,16302,COIHUECO,BALMACEDA,ARTURO PRAT,0,"Calle Balmaceda & Arturo Prat, Coihueco, Ñuble, Chile",-36.6283011,-71.8326326,1,GEOMETRIC_CENTER,2020,1289156,2020/06/26 00:00:00+00,COLISION POR ALCANCE,COLISION,URBANA,IMPRUDENCIA DEL CONDUCTOR,CONDUCCION NO ATENTO CONDICIONES TRANSITO MOMENTO,0,0,0,0,18:20:00
-72.1174529,-36.6274985,748,16,REGION ÑUBLE,16103,CHILLAN VIEJO,LAS CANOAS, ,456,"Las Canoas 456, Chillan, Chillán, Bío Bío, Chile",-36.6274985,-72.1174529,1,ROOFTOP,2020,1289453,2020/06/27 00:00:00+00,CHOQUE POSTERIOR/POSTERIOR,CHOQUE,URBANA,PERDIDA CONTROL VEHICULO,PERDIDA CONTROL VEHICULO,0,0,0,2,08:50:00
-72.1342805,-36.6182463,749,16,REGION ÑUBLE,16103,CHILLAN VIEJO,LUIS ARANEDA,BERNARDO OHIGGINS,0,"Luis Araneda 81, Chillan, Chillán Viejo, Bío Bío, Chile",-36.6182463,-72.1342805,1,ROOFTOP,2020,1289454,2020/06/30 00:00:00+00,COLISION PERPENDICULAR,COLISION,URBANA,IMPRUDENCIA DEL CONDUCTOR,CONDUCCION NO ATENTO CONDICIONES TRANSITO MOMENTO,0,1,0,0,18:50:00
-72.2963834,-36.7399397,750,16,REGION ÑUBLE,16102,BULNES,BALMACEDA, ,320,"José Miguel Balmaceda 320, Bulnes, Bío Bío, Chile",-36.7399397,-72.2963834,1,RANGE_INTERPOLATED,2020,1289456,2020/07/09 00:00:00+00,COLISION,COLISION,URBANA,IMPRUDENCIA DEL CONDUCTOR,CONDUCCION NO ATENTO CONDICIONES TRANSITO MOMENTO,0,0,0,0,08:00:00
-72.0325677,-36.7987473,751,16,REGION ÑUBLE,16108,SAN IGNACIO,REEMBERTO VALDES, ,350,"Av. Remberto Valdez, San Ignacio, Ñuble, Chile",-36.7987473,-72.0325677,1,GEOMETRIC_CENTER,2020,1289457,2020/07/11 00:00:00+00,CHOQUE,CHOQUE,URBANA,IMPRUDENCIA DEL CONDUCTOR,CONDUCCION NO ATENTO CONDICIONES TRANSITO MOMENTO,0,0,0,0,17:15:00
-72.0979243,-36.6032665,752,16,REGION ÑUBLE,16101,CHILLAN,ISABEL RIQUELME,GAMERO,0,"Isabel Riquelme & Gamero, Chillan, Chillán, Ñuble, Chile",-36.6032665,-72.0979243,1,GEOMETRIC_CENTER,2020,1289477,2020/07/13 00:00:00+00,COLISION PERPENDICULAR,COLISION,URBANA,DESOBEDIENCIA A SEÑALIZACION,SEÑALIZACION DESOBEDECER SEÑAL CEDA EL PASO,0,0,0,3,20:00:00
-71.9587676,-36.4292818,753,16,REGION ÑUBLE,16301,SAN CARLOS,SERRANO,OSSA,0,"Ignacio Serrano Montaner & Sinforiano Ossa, San Carlos, Ñuble, Chile",-36.4292818,-71.9587676,1,GEOMETRIC_CENTER,2020,1289673,2020/07/10 00:00:00+00,ATROPELLO,ATROPELLO,URBANA,IMPRUDENCIA DEL CONDUCTOR,CONDUCCION NO ATENTO CONDICIONES TRANSITO MOMENTO,0,0,0,1,16:40:00
-71.9606227,-36.4301686,754,16,REGION ÑUBLE,16301,SAN CARLOS,RIQUELME,GAZMURI,0,"David Gazmuri & Ernesto Riquelme, San Carlos, Ñuble, Chile",-36.4301686,-71.9606227,1,GEOMETRIC_CENTER,2020,1289691,2020/07/13 00:00:00+00,COLISION LATERAL,COLISION,URBANA,IMPRUDENCIA DEL CONDUCTOR,CONDUCCION NO ATENTO CONDICIONES TRANSITO MOMENTO,0,0,0,0,13:00:00
-72.0943782,-36.6027962,755,16,REGION ÑUBLE,16101,CHILLAN,ITATA,INDEPENDENCIA,0,"Independencia & Itata, Chillan, Chillán, Ñuble, Chile",-36.6027962,-72.0943782,1,GEOMETRIC_CENTER,2020,1289758,2020/07/14 00:00:00+00,COLISION PERPENDICULAR,COLISION,URBANA,DESOBEDIENCIA A SEÑALIZACION,SEÑALIZACION DESOBEDECER SEÑAL PARE,0,0,0,1,20:00:00
-72.5425692,-36.2787297,756,16,REGION ÑUBLE,16201,QUIRIHUE,PRAT,MAIPU,0,"Ruta 126 & Maipu, Quirihue, Ñuble, Chile",-36.2787297,-72.5425692,1,GEOMETRIC_CENTER,2020,1289799,2020/07/01 00:00:00+00,CHOQUE LATERAL,CHOQUE,URBANA,CAUSAS NO DETERMINADAS,CAUSAS NO DETERMINADAS,0,0,0,0,10:10:00
-72.7972843,-36.1348533,757,16,REGION ÑUBLE,16202,COBQUECURA,BALMACEDA,CHACABUCO,0,"Chacabuco 822 Cobquecura, Biobío, Cobquecura, Ñuble, Chile",-36.1348533,-72.7972843,1,GEOMETRIC_CENTER,2020,1289803,2020/07/04 00:00:00+00,COLISION FRONTAL,COLISION,URBANA,CAUSAS NO DETERMINADAS,CAUSAS NO DETERMINADAS,0,0,0,1,10:35:00
-72.4702607,-36.7466075,758,16,REGION ÑUBLE,16107,QUILLON,JUAN PAULINO FLORES,ALESSANDRI,0,"Juan Paulino Flores, Quillón, Región del Bío Bío, Chile",-36.7466075,-72.4702607,1,GEOMETRIC_CENTER,2020,1289923,2020/07/18 00:00:00+00,CHOQUE,CHOQUE,URBANA,OTRAS CAUSAS,OTRAS CAUSAS,0,0,0,0,22:00:00
-72.0871928,-36.625592,759,16,REGION ÑUBLE,16101,CHILLAN,LOS PEHUENCHES,DIAGONAL LAS TERMAS,0,"Diagonal Las Termas & Los Pehuenches, Chillan, Chillán, Ñuble, Chile",-36.625592,-72.0871928,1,GEOMETRIC_CENTER,2020,1289987,2020/07/17 00:00:00+00,COLISION PERPENDICULAR,COLISION,URBANA,IMPRUDENCIA DEL CONDUCTOR,CONDUCCION NO ATENTO CONDICIONES TRANSITO MOMENTO,0,0,0,1,13:40:00
-72.1187275,-36.6120172,760,16,REGION ÑUBLE,16101,CHILLAN,LA CASTILLA,CINCO ORIENTE,0,"Cinco Oriente & La Castilla, Chillan, Chillán, Ñuble, Chile",-36.6120172,-72.1187275,1,GEOMETRIC_CENTER,2020,1290303,2020/07/20 00:00:00+00,CHOQUE FRONTAL,CHOQUE,URBANA,ALCOHOL EN CONDUCTOR,CONDUCCION EN ESTADO DE EBRIEDAD,0,0,0,3,00:00:00
-72.0236977,-37.1215865,761,16,REGION ÑUBLE,16109,YUNGAY,ANGELES,ANGAMOS,0,"Yungay, Bío Bío, Chile",-37.1215865,-72.0236977,1,GEOMETRIC_CENTER,2020,1290383,2020/07/18 00:00:00+00,COLISION PERPENDICULAR,COLISION,URBANA,ALCOHOL EN CONDUCTOR,CONDUCCION EN ESTADO DE EBRIEDAD,0,0,0,2,17:50:00
-72.0770581,-36.630363,762,16,REGION ÑUBLE,16101,CHILLAN,ANGOL,PUEBLO SECO,0,"Pueblo Seco & Angol, Chillan, Chillán, Ñuble, Chile",-36.630363,-72.0770581,1,GEOMETRIC_CENTER,2020,1290591,2020/07/22 00:00:00+00,ATROPELLO,ATROPELLO,URBANA,IMPRUDENCIA DEL CONDUCTOR,NO RESPETAR DERECHO PREFERENTE DE PASO A PEATON,0,0,0,1,10:30:00