X,Y,FID,COD_REG,REGION,CUT,COMUNA,CALLE_UNO,CALLE_DOS,NUMERO,DIR_GEOCOD,LAT,LNG,VAL_COM,TIPO,Año,Idaccident,Fecha,Tipo_Accid,Tipo__CONA,Zona,Causa__CON,Causa,Fallecidos,Graves,Menos_Grav,Leves,Hora
-71.959367,-36.4238848,763,16,REGION ÑUBLE,16301,SAN CARLOS,FREIRE,CLAUDIO ARRAU,0,"Benjamin Vicuña Mackenna 350, San Carlos, Región del Bío Bío, Chile",-36.4238848,-71.959367,1,ROOFTOP,2020,1290621,2020/07/18 00:00:00+00,COLISION FRONTAL,COLISION,URBANA,DESOBEDIENCIA A SEÑALIZACION,SEÑALIZACION DESOBEDECER SEÑAL PARE,0,0,0,1,12:30:00
-72.107183,-36.6145623,764,16,REGION ÑUBLE,16101,CHILLAN,COLLIN,18 DE SEPTIEMBRE,0,"Dieciocho de Septiembre & Avenida Collin, Chillan, Chillán, Ñuble, Chile",-36.6145623,-72.107183,1,GEOMETRIC_CENTER,2020,1290740,2020/06/24 00:00:00+00,COLISION LATERAL,COLISION,URBANA,CAUSAS NO DETERMINADAS,CAUSAS NO DETERMINADAS,0,0,0,0,13:50:00
-72.0904074,-36.6073413,765,16,REGION ÑUBLE,16101,CHILLAN,DIEGO PORTALES, ,119,"Diego Portales 119, Chillan, Chillán, Región del Bío Bío, Chile",-36.6073413,-72.0904074,1,ROOFTOP,2020,1290744,2020/07/23 00:00:00+00,CHOQUE FRONTAL,CHOQUE,URBANA,ALCOHOL EN CONDUCTOR,CONDUCCION EN ESTADO DE EBRIEDAD,0,0,0,0,22:10:00
-72.187898,-37.129268,766,16,REGION ÑUBLE,16109,YUNGAY,ARTURO PRAT, ,34,"Arturo Prat 34, Yungay, Bío Bío, Chile",-37.129268,-72.187898,1,RANGE_INTERPOLATED,2020,1290942,2020/07/26 00:00:00+00,CHOQUE FRONTAL,CHOQUE,URBANA,ALCOHOL EN CONDUCTOR,CONDUCCION EN ESTADO DE EBRIEDAD,0,0,0,0,12:09:00
-72.0956447,-36.610623,767,16,REGION ÑUBLE,16101,CHILLAN,YERBAS BUENAS,EL ROBLE,0,"El Roble & Yerbas Buenas, Chillan, Chillán, Ñuble, Chile",-36.610623,-72.0956447,1,GEOMETRIC_CENTER,2020,1291291,2020/07/24 00:00:00+00,COLISION PERPENDICULAR,COLISION,URBANA,DESOBEDIENCIA A SEÑALIZACION,SEÑALIZACION DESOBEDECER SEÑAL PARE,0,0,0,0,10:15:00
-72.0993239,-36.6070279,768,16,REGION ÑUBLE,16101,CHILLAN,LIBERTAD,ISABEL RIQUELME,0,"Isabel Riquelme & Libertad, Chillan, Chillán, Ñuble, Chile",-36.6070279,-72.0993239,1,GEOMETRIC_CENTER,2020,1291294,2020/07/25 00:00:00+00,COLISION PERPENDICULAR,COLISION,URBANA,IMPRUDENCIA DEL CONDUCTOR,CONDUCCION NO ATENTO CONDICIONES TRANSITO MOMENTO,0,0,0,0,11:45:00
-72.4675023,-36.7430193,769,16,REGION ÑUBLE,16107,QUILLON,LAS MALVINAS, ,828,"Las Malvinas 828, Quillón, Bío Bío, Chile",-36.7430193,-72.4675023,1,RANGE_INTERPOLATED,2020,1291596,2020/07/27 00:00:00+00,CHOQUE,CHOQUE,URBANA,OTRAS CAUSAS,OTRAS CAUSAS,0,0,0,0,20:15:00
-71.9449705,-36.4291591,770,16,REGION ÑUBLE,16301,SAN CARLOS,N-31,CAMINO SAN AGUSTIN,0,"Cam. San Agustín 31, San Carlos, Bío Bío, Chile",-36.4291591,-71.9449705,1,RANGE_INTERPOLATED,2020,1291694,2020/07/27 00:00:00+00,COLISION FRONTAL,COLISION,URBANA,IMPRUDENCIA DEL CONDUCTOR,VIRAJES INDEBIDOS,0,0,0,1,10:10:00
-72.1118209,-36.6039595,771,16,REGION ÑUBLE,16101,CHILLAN,BRASIL,LIBERTAD,0,"Avenida Brasil & Libertad, Chillan, Chillán, Ñuble, Chile",-36.6039595,-72.1118209,1,GEOMETRIC_CENTER,2020,1291978,2020/07/27 00:00:00+00,COLISION POR ALCANCE,COLISION,URBANA,IMPRUDENCIA DEL CONDUCTOR,CONDUCCION CAMBIAR SORPRESIVAMENTE PISTA CIRCULACION,0,0,0,0,08:20:00
-72.0706736,-36.6106306,772,16,REGION ÑUBLE,16101,CHILLAN,ROSAURO ACUÑA,LIBER BERNARDO OHIGGINS,0,"Av. Libertad Ote., Chillan, Chillán, Región del Bío Bío, Chile",-36.6106306,-72.0706736,1,GEOMETRIC_CENTER,2020,1291980,2020/07/28 00:00:00+00,CHOQUE FRONTAL,CHOQUE,URBANA,DESOBEDIENCIA A SEÑALIZACION,SEÑALIZACION DESOBEDECER LUZ ROJA DE SEMAFORO,0,0,0,0,11:40:00
-72.0901635,-36.6011915,773,16,REGION ÑUBLE,16101,CHILLAN,VICENTE MENDEZ, ,57,"Av. Vicente Méndez 57, Chillan, Chillán, Bío Bío, Chile",-36.6011915,-72.0901635,1,ROOFTOP,2020,1291982,2020/07/30 00:00:00+00,COLISION POR ALCANCE,COLISION,URBANA,OTRAS CAUSAS,HECHO DELICTUAL,0,0,0,1,20:40:00
-72.1309349,-36.6224809,774,16,REGION ÑUBLE,16103,CHILLAN VIEJO,ANGEL PARRA,OHIGGINS,0,"Ángel Parra & Avenida OHiggins, Chillan, Chillán Viejo, Ñuble, Chile",-36.6224809,-72.1309349,1,GEOMETRIC_CENTER,2020,1292184,2020/07/05 00:00:00+00,CHOQUE POSTERIOR/POSTERIOR,CHOQUE,URBANA,CAUSAS NO DETERMINADAS,CAUSAS NO DETERMINADAS,0,0,0,0,18:30:00
-71.8341961,-36.6281758,775,16,REGION ÑUBLE,16302,COIHUECO,SECTOR LASLUMAS, ,1,"Coihueco, Ñuble, Chile",-36.6281758,-71.8341961,1,APPROXIMATE,2020,1292186,2020/07/06 00:00:00+00,COLISION FRONTAL,COLISION,RURAL,PERDIDA CONTROL VEHICULO,PERDIDA CONTROL VEHICULO,0,0,0,0,11:15:00
-71.9639383,-36.4174514,776,16,REGION ÑUBLE,16301,SAN CARLOS,TOMAS YAVAR,EL COPIHUE,0,"El Copihue & Teniente Tomás Yávar, San Carlos, Ñuble, Chile",-36.4174514,-71.9639383,1,GEOMETRIC_CENTER,2020,1292188,2020/07/28 00:00:00+00,COLISION LATERAL,COLISION,URBANA,DESOBEDIENCIA A SEÑALIZACION,SEÑALIZACION DESOBEDECER SEÑAL CEDA EL PASO,0,0,0,0,12:00:00
-71.829608,-36.6307,777,16,REGION ÑUBLE,16302,COIHUECO,ELEUTERIO RAMIREZ,QUILICAN,0,"Eleuterio Ramírez 1659, Coihueco, Región del Bío Bío, Chile",-36.6307,-71.829608,1,ROOFTOP,2020,1292628,2020/07/20 00:00:00+00,CHOQUE LADO/POSTERIOR,CHOQUE,URBANA,CAUSAS NO DETERMINADAS,CAUSAS NO DETERMINADAS,0,0,0,0,19:40:00
-72.1365462,-36.6230944,778,16,REGION ÑUBLE,16103,CHILLAN VIEJO,JUAN MARTINEZ DE ROZAS, ,1153,"Juan Martínez de Rosas 1153, Chillan, Chillán Viejo, Bío Bío, Chile",-36.6230944,-72.1365462,1,RANGE_INTERPOLATED,2020,1292631,2020/07/23 00:00:00+00,COLISION POR ALCANCE,COLISION,URBANA,CAUSAS NO DETERMINADAS,CAUSAS NO DETERMINADAS,0,0,0,0,11:50:00
-72.0783586,-36.6177306,779,16,REGION ÑUBLE,16101,CHILLAN,CERRO NEGRO,CERRO LA SILLA,0,"Cerro La Silla & Cerro Negro, Chillan, Chillán, Ñuble, Chile",-36.6177306,-72.0783586,1,GEOMETRIC_CENTER,2020,1292679,2020/08/01 00:00:00+00,CHOQUE POSTERIOR/FRENTE,CHOQUE,RURAL,OTRAS CAUSAS,HECHO DELICTUAL,0,0,0,0,20:25:00
-72.0960972,-36.6279691,780,16,REGION ÑUBLE,16101,CHILLAN,RIO VIEJO,LEUCOTON,0,"Leucotón & Río Viejo, Chillan, Chillán, Ñuble, Chile",-36.6279691,-72.0960972,1,GEOMETRIC_CENTER,2020,1292680,2020/08/01 00:00:00+00,CHOQUE POSTERIOR/FRENTE,CHOQUE,URBANA,DESOBEDIENCIA A SEÑALIZACION,SEÑALIZACION DESOBEDECER SEÑAL PARE,0,0,0,0,12:45:00
-72.114119,-36.610076,781,16,REGION ÑUBLE,16101,CHILLAN,BRASIL,COCHARCAS,0,"Cocharcas & Avenida Brasil, Chillan, Chillán, Ñuble, Chile",-36.610076,-72.114119,1,GEOMETRIC_CENTER,2020,1292681,2020/08/01 00:00:00+00,COLISION FRONTAL,COLISION,URBANA,IMPRUDENCIA DEL CONDUCTOR,CONDUCCION NO ATENTO CONDICIONES TRANSITO MOMENTO,0,0,0,0,17:30:00
-72.4705228,-36.7484497,782,16,REGION ÑUBLE,16107,QUILLON,DIEGO PORTALES, ,632,"Diego Portales 632, Quillón, Bío Bío, Chile",-36.7484497,-72.4705228,1,RANGE_INTERPOLATED,2020,1292771,2020/08/02 00:00:00+00,COLISION,COLISION,URBANA,IMPRUDENCIA DEL CONDUCTOR,CONDUCCION NO ATENTO CONDICIONES TRANSITO MOMENTO,0,1,0,1,18:20:00
-72.1072442,-36.6103913,783,16,REGION ÑUBLE,16101,CHILLAN,CARRERA,ARTURO PRAT,0,"Carrera & Arturo Prat, Chillan, Chillán, Ñuble, Chile",-36.6103913,-72.1072442,1,GEOMETRIC_CENTER,2020,1292814,2020/08/02 00:00:00+00,COLISION PERPENDICULAR,COLISION,URBANA,DESOBEDIENCIA A SEÑALIZACION,SEÑALIZACION DESOBEDECER LUZ ROJA DE SEMAFORO,0,0,0,2,17:10:00
-72.0915539,-36.5888048,784,16,REGION ÑUBLE,16101,CHILLAN,OHIGGINS,PAUL HARRIS,0,"Biobío CL - Av. Paul Harris 790, Chillan, Chillán, Ñuble, Chile",-36.5888048,-72.0915539,1,ROOFTOP,2020,1292815,2020/08/03 00:00:00+00,COLISION POR ALCANCE,COLISION,URBANA,FALLAS MECANICAS,FALLAS MECANICAS FRENOS,0,0,0,0,17:10:00
-72.0844212,-36.6223313,785,16,REGION ÑUBLE,16101,CHILLAN,TRANSPORTES LAMAR,OSORNO,0,"Transportes Lamar, Chillan, Chillán, Ñuble, Chile",-36.6223313,-72.0844212,1,GEOMETRIC_CENTER,2020,1292816,2020/08/03 00:00:00+00,COLISION LATERAL,COLISION,URBANA,PERDIDA CONTROL VEHICULO,PERDIDA CONTROL VEHICULO,0,0,0,0,19:05:00
-72.1066352,-36.61323,786,16,REGION ÑUBLE,16101,CHILLAN,PUREN,18 DE SEPTIEMBRE,0,"Dieciocho de Septiembre & Purén, Chillan, Chillán, Ñuble, Chile",-36.61323,-72.1066352,1,GEOMETRIC_CENTER,2020,1292819,2020/08/03 00:00:00+00,COLISION PERPENDICULAR,COLISION,URBANA,DESOBEDIENCIA A SEÑALIZACION,SEÑALIZACION DESOBEDECER SEÑAL PARE,0,0,0,2,18:20:00
-72.0864973,-36.6216317,787,16,REGION ÑUBLE,16101,CHILLAN,LOS PUELCHES,LOS ANDES,0,"Los Andes & Los Puelches, Chillan, Chillán, Ñuble, Chile",-36.6216317,-72.0864973,1,GEOMETRIC_CENTER,2020,1292823,2020/08/03 00:00:00+00,COLISION PERPENDICULAR,COLISION,URBANA,IMPRUDENCIA DEL CONDUCTOR,CONDUCCION NO ATENTO CONDICIONES TRANSITO MOMENTO,0,0,0,1,15:30:00
-72.0918474,-36.6292935,788,16,REGION ÑUBLE,16101,CHILLAN,LOS ARAUCANOS,LOS ABETOS,0,"Los Araucanos & Los Abetos, Chillan, Chillán, Ñuble, Chile",-36.6292935,-72.0918474,1,GEOMETRIC_CENTER,2020,1292833,2020/08/03 00:00:00+00,COLISION FRONTAL,COLISION,URBANA,OTRAS CAUSAS,HECHO DELICTUAL,0,0,0,2,11:50:00
-72.3015611,-36.7389049,789,16,REGION ÑUBLE,16102,BULNES,JOAQUIN PRIETO,CARLOS PALACIOS,0,"Carlos Condell & Joaquín Prieto, Bulnes, Ñuble, Chile",-36.7389049,-72.3015611,1,GEOMETRIC_CENTER,2020,1292964,2020/08/05 00:00:00+00,COLISION,COLISION,RURAL,DESOBEDIENCIA A SEÑALIZACION,SEÑALIZACION DESOBEDECER SEÑAL PARE,0,0,0,1,17:00:00
-72.0626077,-36.2362668,790,16,REGION ÑUBLE,16303,ÑIQUEN,VICUÑA MACKENNA, ,1010,"Niquen, Ñiquén, Ñuble, Chile",-36.2362668,-72.0626077,1,APPROXIMATE,2020,1293022,2020/08/03 00:00:00+00,COLISION LATERAL,COLISION,URBANA,IMPRUDENCIA DEL CONDUCTOR,CONDUCCION NO ATENTO CONDICIONES TRANSITO MOMENTO,0,0,0,0,11:10:00
-71.9562887,-36.4219967,791,16,REGION ÑUBLE,16301,SAN CARLOS,JOAQUIN DEL PINO,INDEPENDENCIA,0,"Joaquín del Pino Rozas y Negrete & Independencia, San Carlos, Ñuble, Chile",-36.4219967,-71.9562887,1,GEOMETRIC_CENTER,2020,1293031,2020/08/06 00:00:00+00,COLISION LATERAL,COLISION,URBANA,IMPRUDENCIA DEL CONDUCTOR,CONDUCCION NO ATENTO CONDICIONES TRANSITO MOMENTO,0,0,0,0,17:50:00
-72.5357794,-36.2798337,792,16,REGION ÑUBLE,16201,QUIRIHUE,IQUIQUE,JUAN ANTONIO GONZALEZ,0,"Iquique & Juan Antonio González, Quirihue, Ñuble, Chile",-36.2798337,-72.5357794,1,GEOMETRIC_CENTER,2020,1293558,2020/07/31 00:00:00+00,COLISION LATERAL,COLISION,URBANA,CAUSAS NO DETERMINADAS,CAUSAS NO DETERMINADAS,0,0,0,3,16:30:00
-71.9534387,-36.4336576,793,16,REGION ÑUBLE,16301,SAN CARLOS,BAENA, ,1,"Baena, San Carlos, Ñuble, Chile",-36.4336576,-71.9534387,1,GEOMETRIC_CENTER,2020,1293992,2020/08/10 00:00:00+00,COLISION LATERAL,COLISION,URBANA,IMPRUDENCIA DEL CONDUCTOR,CONDUCCION NO ATENTO CONDICIONES TRANSITO MOMENTO,0,0,0,1,17:15:00
-72.1055743,-36.6013871,794,16,REGION ÑUBLE,16101,CHILLAN,CLAUDIO ARRAU,GAMERO,0,"Claudio Arrau & Gamero, Chillan, Chillán, Ñuble, Chile",-36.6013871,-72.1055743,1,GEOMETRIC_CENTER,2020,1294081,2020/08/12 00:00:00+00,COLISION LATERAL,COLISION,URBANA,IMPRUDENCIA DEL CONDUCTOR,CONDUCCION NO ATENTO CONDICIONES TRANSITO MOMENTO,0,0,0,1,20:00:00
-72.0967186,-36.6090031,795,16,REGION ÑUBLE,16101,CHILLAN,INDEPENDENCIA,CONSTITUCION,0,"Constitución & Independencia, Chillan, Chillán, Ñuble, Chile",-36.6090031,-72.0967186,1,GEOMETRIC_CENTER,2020,1294087,2020/08/13 00:00:00+00,CHOQUE LADO/LADO,CHOQUE,URBANA,CAUSAS NO DETERMINADAS,CAUSAS NO DETERMINADAS,0,0,0,0,12:00:00
-72.7035583,-36.4890536,796,16,REGION ÑUBLE,16203,COELEMU,ARTURO RAMIREZ, ,883,"Ruta 126, Coelemu, Ñuble, Chile",-36.4890536,-72.7035583,1,GEOMETRIC_CENTER,2020,1294486,2020/08/13 00:00:00+00,CHOQUE,CHOQUE,URBANA,FALLAS MECANICAS,FALLAS MECANICAS DIRECCION,0,0,0,0,10:30:00
-71.9543727,-36.4210789,797,16,REGION ÑUBLE,16301,SAN CARLOS,CARRERA,NAVOTAVO,0,"Navotavo, San Carlos, Ñuble, Chile",-36.4210789,-71.9543727,1,GEOMETRIC_CENTER,2020,1295145,2020/08/20 00:00:00+00,COLISION PERPENDICULAR,COLISION,URBANA,DESOBEDIENCIA A SEÑALIZACION,SEÑALIZACION DESOBEDECER SEÑAL CEDA EL PASO,0,0,0,0,18:10:00
-71.9646398,-36.4229711,798,16,REGION ÑUBLE,16301,SAN CARLOS,TOQUIHUA,LA MATTA,0,"San Carlos, Ñuble, Chile",-36.4229711,-71.9646398,1,APPROXIMATE,2020,1295141,2020/08/19 00:00:00+00,IMPACTO CON ANIMAL,OTRO TIPO,URBANA,DEFICIENCIAS VIALES,ANIMALES SUELTOS VIA PUBLICA,0,0,0,0,20:00:00
-72.0979243,-36.6032665,799,16,REGION ÑUBLE,16101,CHILLAN,GAMERO,ISABEL RIQUELME,0,"Isabel Riquelme & Gamero, Chillan, Chillán, Ñuble, Chile",-36.6032665,-72.0979243,1,GEOMETRIC_CENTER,2020,1295319,2020/08/13 00:00:00+00,COLISION PERPENDICULAR,COLISION,URBANA,DESOBEDIENCIA A SEÑALIZACION,SEÑALIZACION DESOBEDECER SEÑAL CEDA EL PASO,0,0,0,2,16:30:00
-72.1143355,-36.5948106,800,16,REGION ÑUBLE,16101,CHILLAN,SAN CRISTOBAL, ,250,"San Cristóbal 250, Chillan, Chillán, Región del Bío Bío, Chile",-36.5948106,-72.1143355,1,ROOFTOP,2020,1295333,2020/08/14 00:00:00+00,CHOQUE FRONTAL,CHOQUE,URBANA,IMPRUDENCIA DEL CONDUCTOR,CONDUCCION NO ATENTO CONDICIONES TRANSITO MOMENTO,0,0,0,0,22:20:00
-72.0833,-36.5667,801,16,REGION ÑUBLE,16101,CHILLAN,OHIGGINS,FRANCIA,0,"Col. Bernardo Ohiggins, Chillán, Ñuble, Chile",-36.5667,-72.0833,1,APPROXIMATE,2020,1295501,2020/08/17 00:00:00+00,COLISION PERPENDICULAR,COLISION,URBANA,IMPRUDENCIA DEL CONDUCTOR,CONDUCCION NO ATENTO CONDICIONES TRANSITO MOMENTO,0,0,0,1,16:20:00
-72.1012124,-36.6230775,802,16,REGION ÑUBLE,16101,CHILLAN,ALONSO DE ERCILLA,LOS ESPINOS,0,"Los Espinos & Alonso de Ercilla, Chillan, Chillán, Ñuble, Chile",-36.6230775,-72.1012124,1,GEOMETRIC_CENTER,2020,1295865,2020/08/19 00:00:00+00,COLISION POR ALCANCE,COLISION,URBANA,IMPRUDENCIA DEL CONDUCTOR,CONDUCCION NO ATENTO CONDICIONES TRANSITO MOMENTO,0,0,0,0,20:35:00
-72.0730488,-36.5953639,803,16,REGION ÑUBLE,16101,CHILLAN,ANDRES BELLO,PAUL HARRIS,0,"Av. Paul Harris & Av. Andrés Bello, Chillán, Ñuble, Chile",-36.5953639,-72.0730488,1,GEOMETRIC_CENTER,2020,1295885,2020/08/20 00:00:00+00,CHOQUE LATERAL,CHOQUE,URBANA,PERDIDA CONTROL VEHICULO,PERDIDA CONTROL VEHICULO,0,0,0,1,08:20:00
-71.8317958,-36.6245576,804,16,REGION ÑUBLE,16302,COIHUECO,LAUTARO RIENTE,BALMACEDA,0,"Calle Balmaceda & Lautaro, Coihueco, Ñuble, Chile",-36.6245576,-71.8317958,1,GEOMETRIC_CENTER,2020,1295940,2020/08/01 00:00:00+00,CHOQUE FRENTE/LADO,CHOQUE,URBANA,IMPRUDENCIA DEL CONDUCTOR,CONDUCCION NO ATENTO CONDICIONES TRANSITO MOMENTO,0,0,0,0,17:00:00
-72.2164617,-36.6461725,805,16,REGION ÑUBLE,16103,CHILLAN VIEJO,SECTOR EL QUILLAY, ,1,"Chillan Viejo, Chillán Viejo, Región del Bío Bío, Chile",-36.6461725,-72.2164617,1,GEOMETRIC_CENTER,2020,1295943,2020/08/01 00:00:00+00,ATROPELLO,ATROPELLO,RURAL,ALCOHOL EN PEATON,EBRIEDAD DEL PEATON,0,0,0,1,17:30:00
-72.1249668,-36.6295415,806,16,REGION ÑUBLE,16103,CHILLAN VIEJO,25 DE SEPTIEMBRE,BAQUEDANO,0,"Veinticinco de Septiembre & Baquedano, Chillan, Chillán Viejo, Ñuble, Chile",-36.6295415,-72.1249668,1,GEOMETRIC_CENTER,2020,1295957,2020/08/06 00:00:00+00,ATROPELLO,ATROPELLO,URBANA,CAUSAS NO DETERMINADAS,CAUSAS NO DETERMINADAS,0,1,0,0,11:20:00
-72.1273776,-36.6329316,807,16,REGION ÑUBLE,16103,CHILLAN VIEJO,PAULA JARAQUEMADA, ,399,"C. Paula Jaraquemada 399, Chillan, Chillán Viejo, Bío Bío, Chile",-36.6329316,-72.1273776,1,RANGE_INTERPOLATED,2020,1295964,2020/08/08 00:00:00+00,CHOQUE LADO/POSTERIOR,CHOQUE,URBANA,IMPRUDENCIA DEL CONDUCTOR,CONDUCCION NO ATENTO CONDICIONES TRANSITO MOMENTO,0,0,0,0,17:00:00
-71.9661066,-36.4226652,808,16,REGION ÑUBLE,16301,SAN CARLOS,VICUÑA MACKENNA,LUIS ACEVEDO,0,"Luis Acevedo & Benjamin Vicuña Mackenna, San Carlos, Ñuble, Chile",-36.4226652,-71.9661066,1,GEOMETRIC_CENTER,2020,1296344,2020/08/22 00:00:00+00,COLISION LATERAL,COLISION,URBANA,DESOBEDIENCIA A SEÑALIZACION,SEÑALIZACION DESOBEDECER SEÑAL PARE,0,0,0,0,17:00:00
-72.0853249,-36.6281402,809,16,REGION ÑUBLE,16101,CHILLAN,ORO VERDE RUTA N - 620, ,6,"Diag. Las Termas 62, Chillan, Chillán, Ñuble, Chile",-36.6281402,-72.0853249,1,ROOFTOP,2020,1296354,2020/08/26 00:00:00+00,COLISION,COLISION,RURAL,IMPRUDENCIA DEL CONDUCTOR,CONDUCCION NO ATENTO CONDICIONES TRANSITO MOMENTO,0,0,0,2,09:00:00
-72.0890508,-36.6321483,810,16,REGION ÑUBLE,16101,CHILLAN,SAN IGNACIO,CENTRAL,0,"Calle Central & San Ignacio, Chillan, Chillán, Ñuble, Chile",-36.6321483,-72.0890508,1,GEOMETRIC_CENTER,2020,1296364,2020/08/26 00:00:00+00,COLISION,COLISION,URBANA,DESOBEDIENCIA A SEÑALIZACION,SEÑALIZACION DESOBEDECER SEÑAL PARE,0,0,0,0,14:45:00
-72.0712098,-36.6256552,811,16,REGION ÑUBLE,16101,CHILLAN,CIRCUNVALACION,ALONSO DE ERCILLA,0,"Av Alonso de Ercilla & Av. Circunvalacion, Chillan, Chillán, Ñuble, Chile",-36.6256552,-72.0712098,1,GEOMETRIC_CENTER,2020,1296417,2020/08/27 00:00:00+00,CHOQUE LADO/POSTERIOR,CHOQUE,URBANA,IMPRUDENCIA DEL CONDUCTOR,CONDUCCION NO ATENTO CONDICIONES TRANSITO MOMENTO,0,0,0,0,21:40:00
-72.1299149,-36.6214639,812,16,REGION ÑUBLE,16103,CHILLAN VIEJO,SERRANO,VIRREY DON AMBROSIO,0,"Virrey Don Ambrosio 760, Chillan Viejo, Chillán, Región del Bío Bío, Chile",-36.6214639,-72.1299149,1,ROOFTOP,2020,1296419,2020/08/18 00:00:00+00,COLISION FRONTAL,COLISION,URBANA,DESOBEDIENCIA A SEÑALIZACION,SEÑALIZACION DESOBEDECER SEÑAL PARE,0,0,0,0,19:50:00
-72.0997025,-36.6233298,813,16,REGION ÑUBLE,16101,CHILLAN,CUSTODIO OYARZUN,ALONSO DE ERCILLA,0,"Alonso de Ercilla & Ángel Oyarzún, Chillan, Chillán, Ñuble, Chile",-36.6233298,-72.0997025,1,GEOMETRIC_CENTER,2020,1296520,2020/08/30 00:00:00+00,COLISION LATERAL,COLISION,URBANA,IMPRUDENCIA DEL CONDUCTOR,CONDUCCION NO ATENTO CONDICIONES TRANSITO MOMENTO,0,0,0,0,06:05:00
-72.1103432,-36.6097009,814,16,REGION ÑUBLE,16101,CHILLAN,OHIGGINS,ARTURO PRAT,0,"Arturo Prat & Avenida OHiggins, Chillan, Chillán, Ñuble, Chile",-36.6097009,-72.1103432,1,GEOMETRIC_CENTER,2020,1296641,2020/08/27 00:00:00+00,COLISION LATERAL,COLISION,URBANA,IMPRUDENCIA DEL CONDUCTOR,CONDUCCION NO ATENTO CONDICIONES TRANSITO MOMENTO,0,0,0,0,10:35:00
-72.1240993,-36.6090017,815,16,REGION ÑUBLE,16101,CHILLAN,MARISCAL RUIZ DE GAMBOA,LAS VIOLETAS,0,"Avenida Mariscal Ruiz de Gamboa & Las Violetas, Chillan, Chillán, Ñuble, Chile",-36.6090017,-72.1240993,1,GEOMETRIC_CENTER,2020,1296645,2020/08/28 00:00:00+00,COLISION LATERAL,COLISION,URBANA,IMPRUDENCIA DEL CONDUCTOR,CONDUCCION NO ATENTO CONDICIONES TRANSITO MOMENTO,0,0,0,1,21:20:00
-72.102054,-36.6143604,816,16,REGION ÑUBLE,16101,CHILLAN,PUREN,ISABEL RIQUELME,0,"Isabel Riquelme & Purén, Chillan, Chillán, Ñuble, Chile",-36.6143604,-72.102054,1,GEOMETRIC_CENTER,2020,1296764,2020/08/27 00:00:00+00,COLISION LATERAL,COLISION,URBANA,IMPRUDENCIA DEL CONDUCTOR,NO RESPETAR DERECHO PREFERENTE DE PASO A VEHICULO,0,1,0,0,17:40:00
-72.540825,-36.2827478,817,16,REGION ÑUBLE,16201,QUIRIHUE,OHIGGINS,MIRAMAR,0,"Plaza de Armas de Quirihue - Quirihue, Región del Ñuble, Quirihue, Región del Bío Bío, Chile",-36.2827478,-72.540825,1,GEOMETRIC_CENTER,2020,1296849,2020/08/29 00:00:00+00,COLISION FRONTAL,COLISION,URBANA,DESOBEDIENCIA A SEÑALIZACION,SEÑALIZACION DESOBEDECER SEÑAL PARE,0,0,0,0,11:50:00
-72.1305985,-36.5866059,818,16,REGION ÑUBLE,16101,CHILLAN,PARQUE LANTAÑO,RIO DE LA PLATA,0,"Parque Lantaño, Chillan, Chillán, Región del Bío Bío, Chile",-36.5866059,-72.1305985,1,GEOMETRIC_CENTER,2020,1297056,2020/08/31 00:00:00+00,COLISION LATERAL,COLISION,URBANA,IMPRUDENCIA DEL CONDUCTOR,CONDUCCION NO ATENTO CONDICIONES TRANSITO MOMENTO,0,0,0,0,18:30:00
-71.9485445,-36.4260901,819,16,REGION ÑUBLE,16301,SAN CARLOS,VIOLETA PARRA,VICUÑA MACKENNA,0,"Benjamin Vicuña Mackenna & Violeta Parra, San Carlos, Ñuble, Chile",-36.4260901,-71.9485445,1,GEOMETRIC_CENTER,2020,1297122,2020/08/29 00:00:00+00,COLISION FRONTAL,COLISION,URBANA,DESOBEDIENCIA A SEÑALIZACION,SEÑALIZACION DESOBEDECER LUZ ROJA DE SEMAFORO,0,0,0,0,13:45:00
-72.1120129,-36.6052581,820,16,REGION ÑUBLE,16101,CHILLAN,CONSTITUCION,BRASIL,0,"Constitución & Avenida Brasil, Chillan, Chillán, Ñuble, Chile",-36.6052581,-72.1120129,1,GEOMETRIC_CENTER,2020,1297497,2020/09/01 00:00:00+00,COLISION LATERAL,COLISION,URBANA,IMPRUDENCIA DEL CONDUCTOR,NO RESPETAR DERECHO PREFERENTE DE PASO A VEHICULO,0,0,0,2,14:40:00