X,Y,FID,COD_REG,REGION,CUT,COMUNA,CALLE_UNO,CALLE_DOS,NUMERO,DIR_GEOCOD,LAT,LNG,VAL_COM,TIPO,Año,Idaccident,Fecha,Tipo_Accid,Tipo__CONA,Zona,Causa__CON,Causa,Fallecidos,Graves,Menos_Grav,Leves,Hora
-72.0287392,-36.8985892,821,16,REGION ÑUBLE,16104,EL CARMEN,ANDRES BELLO,CONCEJAL MARIO RIFFO,0,"Riffo, El Carmen, Ñuble, Chile",-36.8985892,-72.0287392,1,GEOMETRIC_CENTER,2020,1297592,2020/08/27 00:00:00+00,CHOQUE FRONTAL,CHOQUE,URBANA,FALLAS MECANICAS,FALLAS MECANICAS FRENOS,0,0,0,2,00:20:00
-72.0126125,-37.1267906,822,16,REGION ÑUBLE,16109,YUNGAY,ANGELES, ,767,"Angeles 767 A yungay Yungay, Biobío, Yungay, Ñuble, Chile",-37.1267906,-72.0126125,1,GEOMETRIC_CENTER,2020,1297588,2020/08/25 00:00:00+00,IMPACTO CON ANIMAL,OTRO TIPO,URBANA,DEFICIENCIAS VIALES,ANIMALES SUELTOS VIA PUBLICA,0,0,0,0,19:30:00
-71.9585113,-36.4349899,823,16,REGION ÑUBLE,16301,SAN CARLOS,FREIRE,LUIS CRUZ MARTINEZ,0,"Subteniente Luis Cruz Martínez 625, San Carlos, Región del Bío Bío, Chile",-36.4349899,-71.9585113,1,ROOFTOP,2020,1297780,2020/09/01 00:00:00+00,ATROPELLO,ATROPELLO,URBANA,IMPRUDENCIA DEL CONDUCTOR,CONDUCCION NO ATENTO CONDICIONES TRANSITO MOMENTO,0,1,0,1,20:20:00
-71.9646398,-36.4229711,824,16,REGION ÑUBLE,16301,SAN CARLOS,SERRANO,BALMACEDA,0,"San Carlos, Ñuble, Chile",-36.4229711,-71.9646398,1,APPROXIMATE,2020,1297781,2020/09/02 00:00:00+00,COLISION POR ALCANCE,COLISION,URBANA,IMPRUDENCIA DEL CONDUCTOR,CONDUCCION NO ATENTO CONDICIONES TRANSITO MOMENTO,0,0,0,0,11:00:00
-72.0756713,-36.6256656,825,16,REGION ÑUBLE,16101,CHILLAN,ALONSO DE ERCILLA,ANGOL,0,"Avenida Alonso de Ercilla & Angol, Chillan, Chillán, Ñuble, Chile",-36.6256656,-72.0756713,1,GEOMETRIC_CENTER,2020,1298273,2020/09/05 00:00:00+00,COLISION PERPENDICULAR,COLISION,URBANA,DESOBEDIENCIA A SEÑALIZACION,SEÑALIZACION DESOBEDECER SEÑAL PARE,0,0,0,0,10:53:00
-72.7035567,-36.4866502,826,16,REGION ÑUBLE,16203,COELEMU,JULIO LAMAS, ,240,"Julio Lamas 240, Coelemu, Bío Bío, Chile",-36.4866502,-72.7035567,1,RANGE_INTERPOLATED,2020,1298804,2020/09/02 00:00:00+00,COLISION LATERAL,COLISION,URBANA,CAUSAS NO DETERMINADAS,CAUSAS NO DETERMINADAS,0,0,0,0,19:10:00
-71.9597113,-36.432624,827,16,REGION ÑUBLE,16301,SAN CARLOS,ENLACE SUR DE SAN CARLOS, ,378,"Serrano, San Carlos, Región del Bío Bío, Chile",-36.432624,-71.9597113,1,GEOMETRIC_CENTER,2020,1298814,2020/09/04 00:00:00+00,COLISION FRONTAL,COLISION,URBANA,ALCOHOL EN CONDUCTOR,CONDUCCION EN ESTADO DE EBRIEDAD,0,1,0,1,17:45:00
-71.9647171,-36.4166697,828,16,REGION ÑUBLE,16301,SAN CARLOS,TOMAS YAVAR,EL ALAMO,0,"El Álamo & Teniente Tomás Yávar, San Carlos, Ñuble, Chile",-36.4166697,-71.9647171,1,GEOMETRIC_CENTER,2020,1298816,2020/09/04 00:00:00+00,COLISION FRONTAL,COLISION,URBANA,IMPRUDENCIA DEL CONDUCTOR,NO RESPETAR DERECHO PREFERENTE DE PASO A VEHICULO,0,0,1,0,17:50:00
-71.5572865,-36.5540252,829,16,REGION ÑUBLE,16304,SAN FABIAN,EL ROBLE,ARTURO PRAT,0,"San Fabián, Ñuble, Chile",-36.5540252,-71.5572865,1,APPROXIMATE,2020,1298823,2020/09/03 00:00:00+00,COLISION LATERAL,COLISION,URBANA,IMPRUDENCIA DEL CONDUCTOR,CONDUCCION NO ATENTO CONDICIONES TRANSITO MOMENTO,0,0,1,0,18:45:00
-71.9594591,-36.4334783,830,16,REGION ÑUBLE,16301,SAN CARLOS,ARTURO PRAT, ,548,"Av. Arturo Prat Chacón 548, San Carlos, Bío Bío, Chile",-36.4334783,-71.9594591,1,RANGE_INTERPOLATED,2020,1298828,2020/09/08 00:00:00+00,COLISION LATERAL,COLISION,URBANA,IMPRUDENCIA DEL CONDUCTOR,CONDUCCION NO ATENTO CONDICIONES TRANSITO MOMENTO,0,0,0,1,10:40:00
-72.70493,-36.492961,831,16,REGION ÑUBLE,16203,COELEMU,SANTA GERTRUDIS,HEROES DE LA CONCEPCION,0,"Héroes de la Concepción & Santa Gertrudis, Coelemu, Ñuble, Chile",-36.492961,-72.70493,1,GEOMETRIC_CENTER,2020,1298837,2020/09/08 00:00:00+00,CHOQUE,CHOQUE,URBANA,CAUSAS NO DETERMINADAS,CAUSAS NO DETERMINADAS,0,0,0,0,11:15:00
-72.2983874,-36.7431023,832,16,REGION ÑUBLE,16102,BULNES,CARLOS PALACIOS,RAMON FREIRE,0,"Carlos Palacios, Bulnes, Región del Bío Bío, Chile",-36.7431023,-72.2983874,1,GEOMETRIC_CENTER,2020,1276313,2020/04/09 00:00:00+00,CHOQUE,CHOQUE,URBANA,IMPRUDENCIA DEL CONDUCTOR,CONDUCCION NO ATENTO CONDICIONES TRANSITO MOMENTO,0,0,0,0,10:00:00
-71.9609284,-36.4262569,833,16,REGION ÑUBLE,16301,SAN CARLOS,MATTA,CHACABUCO,0,"Chacabuco & Manuel Antonio Matta Goyenechea, San Carlos, Ñuble, Chile",-36.4262569,-71.9609284,1,GEOMETRIC_CENTER,2020,1299554,2020/09/13 00:00:00+00,COLISION LATERAL,COLISION,URBANA,DESOBEDIENCIA A SEÑALIZACION,SEÑALIZACION DESOBEDECER SEÑAL CEDA EL PASO,0,0,0,1,16:30:00
-72.0707928,-36.6106313,834,16,REGION ÑUBLE,16101,CHILLAN,CERRO ARACAR,LIBERTAD ORIENTE,0,"Avenida Libertad Oriente & Cerro Aracar, Chillan, Chillán, Ñuble, Chile",-36.6106313,-72.0707928,1,GEOMETRIC_CENTER,2020,1300040,2020/09/08 00:00:00+00,COLISION PERPENDICULAR,COLISION,URBANA,IMPRUDENCIA DEL CONDUCTOR,CONDUCCION NO ATENTO CONDICIONES TRANSITO MOMENTO,0,0,0,0,20:35:00
-72.0747497,-36.6154389,835,16,REGION ÑUBLE,16101,CHILLAN,TORRES DEL PAINE,CERRO LA CRUZ,0,"Calle Cerro Torres del Paine & Cerro La Cruz, Chillan, Chillán, Ñuble, Chile",-36.6154389,-72.0747497,1,GEOMETRIC_CENTER,2020,1300043,2020/09/08 00:00:00+00,CHOQUE FRENTE/LADO,CHOQUE,URBANA,IMPRUDENCIA DEL CONDUCTOR,CONDUCCION NO ATENTO CONDICIONES TRANSITO MOMENTO,0,0,0,1,09:40:00
-72.0790918,-36.6042212,836,16,REGION ÑUBLE,16101,CHILLAN,LOS HEROES,MARIA ELENA,0,"Los Heroes & María Elena, Chillan, Chillán, Ñuble, Chile",-36.6042212,-72.0790918,1,GEOMETRIC_CENTER,2020,1300052,2020/09/11 00:00:00+00,COLISION POR ALCANCE,COLISION,URBANA,IMPRUDENCIA DEL CONDUCTOR,CONDUCCION NO ATENTO CONDICIONES TRANSITO MOMENTO,0,0,0,0,18:00:00
-72.0802869,-36.6232932,837,16,REGION ÑUBLE,16101,CHILLAN,MONTERRICO, ,1450,"Monterrico 1450, Chillan, Chillán, Bío Bío, Chile",-36.6232932,-72.0802869,1,RANGE_INTERPOLATED,2020,1300053,2020/09/12 00:00:00+00,COLISION POR ALCANCE,COLISION,URBANA,IMPRUDENCIA DEL CONDUCTOR,CONDUCCION NO ATENTO CONDICIONES TRANSITO MOMENTO,0,0,0,0,13:15:00
-71.9592778,-36.4175299,838,16,REGION ÑUBLE,16301,SAN CARLOS,TOMAS YAVAR, ,234,"Teniente Tomás Yávar 234, San Carlos, Región del Bío Bío, Chile",-36.4175299,-71.9592778,1,ROOFTOP,2020,1300098,2020/09/17 00:00:00+00,CHOQUE FRENTE/POSTERIOR,CHOQUE,URBANA,IMPRUDENCIA DEL CONDUCTOR,CONDUCCION NO ATENTO CONDICIONES TRANSITO MOMENTO,0,0,0,0,16:00:00
-72.790035,-36.1307608,839,16,REGION ÑUBLE,16202,COBQUECURA,SECTOR LA LOBERIA, ,678,"Independencia 98, Cobquecura, Región del Bío Bío, Chile",-36.1307608,-72.790035,1,ROOFTOP,2020,1300102,2020/09/10 00:00:00+00,CHOQUE,CHOQUE,URBANA,ALCOHOL EN CONDUCTOR,CONDUCCION EN ESTADO DE EBRIEDAD,0,1,0,0,01:50:00
-72.0955127,-36.6201344,840,16,REGION ÑUBLE,16101,CHILLAN,BARROS ARANA,VARIANTE COLLIN,0,"Barros Arana & Variante Collin, Chillan, Chillán, Ñuble, Chile",-36.6201344,-72.0955127,1,GEOMETRIC_CENTER,2020,1300599,2020/09/21 00:00:00+00,CHOQUE FRONTAL,CHOQUE,URBANA,PERDIDA CONTROL VEHICULO,PERDIDA CONTROL VEHICULO,0,0,0,2,03:58:00
-72.4714159,-36.7442582,841,16,REGION ÑUBLE,16107,QUILLON,CAUPOLICAN,EL ROBLE,0,"Caupolican & El Roble, Quillón, Ñuble, Chile",-36.7442582,-72.4714159,1,GEOMETRIC_CENTER,2020,1300680,2020/09/11 00:00:00+00,COLISION,COLISION,URBANA,IMPRUDENCIA DEL CONDUCTOR,CONDUCCION NO ATENTO CONDICIONES TRANSITO MOMENTO,0,0,0,0,15:45:00
-72.2976009,-36.7449999,842,16,REGION ÑUBLE,16102,BULNES,ARTURO PRAT,CALLE LARGA,0,"Arturo Prat, Bulnes, Ñuble, Chile",-36.7449999,-72.2976009,1,GEOMETRIC_CENTER,2020,1300686,2020/09/17 00:00:00+00,COLISION,COLISION,URBANA,IMPRUDENCIA DEL CONDUCTOR,CONDUCCION NO ATENTO CONDICIONES TRANSITO MOMENTO,0,0,0,0,18:15:00
-71.9636911,-36.4255775,843,16,REGION ÑUBLE,16301,SAN CARLOS,MATTA, ,114,"Manuel Antonio Matta Goyenechea 114, San Carlos, Bío Bío, Chile",-36.4255775,-71.9636911,1,RANGE_INTERPOLATED,2020,1301040,2020/09/21 00:00:00+00,CHOQUE LADO/LADO,CHOQUE,URBANA,IMPRUDENCIA DEL CONDUCTOR,CONDUCCION NO ATENTO CONDICIONES TRANSITO MOMENTO,0,0,0,0,19:40:00
-72.0943782,-36.6027962,844,16,REGION ÑUBLE,16101,CHILLAN,INDEPENDENCIA,ITATA,0,"Independencia & Itata, Chillan, Chillán, Ñuble, Chile",-36.6027962,-72.0943782,1,GEOMETRIC_CENTER,2020,1301307,2020/09/24 00:00:00+00,COLISION PERPENDICULAR,COLISION,URBANA,DESOBEDIENCIA A SEÑALIZACION,SEÑALIZACION DESOBEDECER SEÑAL PARE,0,0,0,1,08:26:00
-71.8307291,-36.6272732,845,16,REGION ÑUBLE,16302,COIHUECO,MANUEL COFRE,LUIS HERMOSILLA,0,"Luis Hermosilla, Coihueco, Ñuble, Chile",-36.6272732,-71.8307291,1,GEOMETRIC_CENTER,2020,1301388,2020/09/08 00:00:00+00,CHOQUE POSTERIOR/POSTERIOR,CHOQUE,URBANA,CAUSAS NO DETERMINADAS,CAUSAS NO DETERMINADAS,0,0,0,0,15:45:00
-72.0176894,-37.1187666,846,16,REGION ÑUBLE,16109,YUNGAY,ARTURO PRAT, ,280,"Prat 280, Yungay, Bío Bío, Chile",-37.1187666,-72.0176894,1,RANGE_INTERPOLATED,2020,1302053,2020/09/19 00:00:00+00,COLISION FRONTAL,COLISION,URBANA,ALCOHOL EN CONDUCTOR,CONDUCCION EN ESTADO DE EBRIEDAD,0,1,0,0,20:10:00
-72.5459895,-36.2849278,847,16,REGION ÑUBLE,16201,QUIRIHUE,PRAT,FREIRE,0,"Ruta 126 & Freire, Quirihue, Ñuble, Chile",-36.2849278,-72.5459895,1,GEOMETRIC_CENTER,2020,1302083,2020/09/23 00:00:00+00,CHOQUE POSTERIOR,CHOQUE,URBANA,FALLAS MECANICAS,FALLAS MECANICAS FRENOS,0,0,0,0,11:30:00
-72.077768,-36.6056075,848,16,REGION ÑUBLE,16101,CHILLAN,SAN BERNARDO, ,782,"San Bernardo 782, Chillan, Chillán, Región del Bío Bío, Chile",-36.6056075,-72.077768,1,ROOFTOP,2020,1302149,2020/09/27 00:00:00+00,COLISION FRONTAL,COLISION,URBANA,IMPRUDENCIA DEL CONDUCTOR,ADELANTAMIENTO SIN EL ESPACIO O TIEMPO SUFICIENTE,0,0,0,1,19:50:00
-72.0999385,-36.9771052,849,16,REGION ÑUBLE,16105,PEMUCO,SAN MARTIN,CLAUDIO CARRASCO,0,"San Martin & Claudio Muñoz, Pemuco, Ñuble, Chile",-36.9771052,-72.0999385,1,GEOMETRIC_CENTER,2020,1302159,2020/09/24 00:00:00+00,ATROPELLO,ATROPELLO,URBANA,IMPRUDENCIA DEL CONDUCTOR,NO RESPETAR DERECHO PREFERENTE DE PASO A PEATON,0,0,0,2,19:15:00
-72.1246842,-36.609667,850,16,REGION ÑUBLE,16101,CHILLAN,RUIZ DE GAMBOA,LA CASTILLA,0,"Avenida Mariscal Ruiz de Gamboa & La Castilla, Chillan, Chillán, Ñuble, Chile",-36.609667,-72.1246842,1,GEOMETRIC_CENTER,2020,1302169,2020/09/27 00:00:00+00,CHOQUE FRONTAL,CHOQUE,URBANA,IMPRUDENCIA DEL CONDUCTOR,CONDUCCION NO ATENTO CONDICIONES TRANSITO MOMENTO,0,0,0,0,22:10:00
-72.07645,-36.6210893,851,16,REGION ÑUBLE,16101,CHILLAN,EL VOLCAN,TORRES DEL PAINE,0,"El Volcán & Calle Cerro Torres del Paine, Chillan, Chillán, Ñuble, Chile",-36.6210893,-72.07645,1,GEOMETRIC_CENTER,2020,1302174,2020/09/29 00:00:00+00,CHOQUE LATERAL,CHOQUE,URBANA,VELOCIDAD IMPRUDENTE,VELOCIDAD NO RAZONABLE NI PRUDENTE,0,0,0,0,17:30:00
-72.5429119,-36.2859132,852,16,REGION ÑUBLE,16201,QUIRIHUE,FREIRE, ,810,"Freire, Quirihue, Ñuble, Chile",-36.2859132,-72.5429119,1,GEOMETRIC_CENTER,2020,1302304,2020/09/27 00:00:00+00,CHOQUE,CHOQUE,URBANA,ALCOHOL EN CONDUCTOR,CONDUCCION EN ESTADO DE EBRIEDAD,0,0,1,0,17:25:00
-72.0940203,-36.9772336,853,16,REGION ÑUBLE,16105,PEMUCO,PADRE JORGE HERRERA, ,776,"Jorge Herrera 776, Pemuco, Bío Bío, Chile",-36.9772336,-72.0940203,1,RANGE_INTERPOLATED,2020,1308751,2020/10/28 00:00:00+00,CHOQUE FRENTE/FRENTE,CHOQUE,URBANA,ALCOHOL EN CONDUCTOR,CONDUCCION EN ESTADO DE EBRIEDAD,0,0,0,0,14:35:00
-71.8326326,-36.6283011,854,16,REGION ÑUBLE,16302,COIHUECO,PRAT,BALMACEDA,0,"Calle Balmaceda & Arturo Prat, Coihueco, Ñuble, Chile",-36.6283011,-71.8326326,1,GEOMETRIC_CENTER,2020,1302868,2020/09/10 00:00:00+00,COLISION PERPENDICULAR,COLISION,URBANA,CAUSAS NO DETERMINADAS,CAUSAS NO DETERMINADAS,0,0,0,0,13:20:00
-71.8339951,-36.6308477,855,16,REGION ÑUBLE,16302,COIHUECO,SARGENTO ALDEA,18 DE SEPTIEMBRE,0,"Sgto. Aldea 18, Coihueco, Bío Bío, Chile",-36.6308477,-71.8339951,1,RANGE_INTERPOLATED,2020,1302878,2020/09/18 00:00:00+00,COLISION PERPENDICULAR,COLISION,URBANA,IMPRUDENCIA DEL CONDUCTOR,CONDUCCION NO ATENTO CONDICIONES TRANSITO MOMENTO,0,0,0,0,20:50:00
-72.1348135,-36.6256002,856,16,REGION ÑUBLE,16103,CHILLAN VIEJO,SERRANO,ANTONIO VARAS,0,"Antonio Varas & Serrano, Chillan, Chillán Viejo, Ñuble, Chile",-36.6256002,-72.1348135,1,GEOMETRIC_CENTER,2020,1302887,2020/09/25 00:00:00+00,COLISION PERPENDICULAR,COLISION,URBANA,IMPRUDENCIA DEL CONDUCTOR,CONDUCCION NO ATENTO CONDICIONES TRANSITO MOMENTO,0,0,0,0,08:46:00
-72.097468,-36.6154559,857,16,REGION ÑUBLE,16101,CHILLAN,YERBAS BUENAS,PUREN,0,"Yerbas Buenas & Purén, Chillan, Chillán, Ñuble, Chile",-36.6154559,-72.097468,1,GEOMETRIC_CENTER,2020,1303113,2020/10/02 00:00:00+00,COLISION PERPENDICULAR,COLISION,URBANA,IMPRUDENCIA DEL CONDUCTOR,CONDUCCION NO ATENTO CONDICIONES TRANSITO MOMENTO,0,0,0,0,12:30:00
-72.0948464,-36.6040374,858,16,REGION ÑUBLE,16101,CHILLAN,INDEPENDENCIA,GAMERO,0,"Gamero & Independencia, Chillan, Chillán, Ñuble, Chile",-36.6040374,-72.0948464,1,GEOMETRIC_CENTER,2020,1303120,2020/10/03 00:00:00+00,COLISION PERPENDICULAR,COLISION,URBANA,IMPRUDENCIA DEL CONDUCTOR,CONDUCCION NO ATENTO CONDICIONES TRANSITO MOMENTO,0,0,0,2,14:00:00
-72.1296003,-36.6155665,859,16,REGION ÑUBLE,16101,CHILLAN,RUIZ DE GAMBOA,REAL AUDIENCIA,0,"Av. Real Audiencia & Av. Mariscal Ruiz de Gamboa, Chillan, Chillán, Ñuble, Chile",-36.6155665,-72.1296003,1,GEOMETRIC_CENTER,2020,1303235,2020/10/04 00:00:00+00,CHOQUE FRONTAL,CHOQUE,URBANA,ALCOHOL EN CONDUCTOR,CONDUCCION BAJO LA INFLUENCIA DEL ALCOHOL,1,0,0,3,06:30:00
-71.7780505,-36.7029361,860,16,REGION ÑUBLE,16302,COIHUECO,COLEAL NORTE, ,0,"Coleal, Coihueco, Ñuble, Chile",-36.7029361,-71.7780505,1,APPROXIMATE,2020,1303719,2020/10/02 00:00:00+00,CHOQUE FRONTAL,CHOQUE,RURAL,ALCOHOL EN CONDUCTOR,CONDUCCION EN ESTADO DE EBRIEDAD,0,0,0,1,00:10:00
-72.1037649,-36.6099804,861,16,REGION ÑUBLE,16101,CHILLAN,MAIPON,ARAUCO,0,"Maipón & Arauco, Chillan, Chillán, Ñuble, Chile",-36.6099804,-72.1037649,1,GEOMETRIC_CENTER,2020,1303777,2020/10/07 00:00:00+00,ATROPELLO,ATROPELLO,URBANA,IMPRUDENCIA DEL CONDUCTOR,CONDUCCION NO ATENTO CONDICIONES TRANSITO MOMENTO,0,0,0,1,11:35:00
-72.4629935,-36.7410528,862,16,REGION ÑUBLE,16107,QUILLON,CALLEJON TAMPIER, ,2,"Quillón, Ñuble, Chile",-36.7410528,-72.4629935,1,APPROXIMATE,2020,1303788,2020/10/06 00:00:00+00,CHOQUE,CHOQUE,URBANA,DEFICIENCIAS VIALES,ANIMALES SUELTOS VIA PUBLICA,0,0,0,0,11:00:00
-72.0955841,-36.6222404,863,16,REGION ÑUBLE,16101,CHILLAN,PATRICIO LYNCH, ,146,"Patricio Lynch 146, Chillan, Chillán, Bío Bío, Chile",-36.6222404,-72.0955841,1,ROOFTOP,2020,1303829,2020/10/07 00:00:00+00,CHOQUE LADO/POSTERIOR,CHOQUE,URBANA,IMPRUDENCIA DEL CONDUCTOR,CONDUCCION NO ATENTO CONDICIONES TRANSITO MOMENTO,0,0,0,0,15:20:00
-72.013279,-37.1212982,864,16,REGION ÑUBLE,16109,YUNGAY,ANGELES,ESMERALDA,0,"Yungay, Ñuble, Chile",-37.1212982,-72.013279,1,APPROXIMATE,2020,1303884,2020/10/03 00:00:00+00,COLISION FRONTAL,COLISION,URBANA,IMPRUDENCIA DEL CONDUCTOR,CONDUCCION NO ATENTO CONDICIONES TRANSITO MOMENTO,0,0,0,1,15:59:00
-72.0915867,-36.6271687,865,16,REGION ÑUBLE,16101,CHILLAN,CAUPOLICAN, ,1573,"Caupolicán 1573, Chillan, Chillán, Bío Bío, Chile",-36.6271687,-72.0915867,1,RANGE_INTERPOLATED,2020,1304031,2020/10/08 00:00:00+00,CHOQUE FRENTE/LADO,CHOQUE,URBANA,IMPRUDENCIA DEL CONDUCTOR,CONDUCCION NO ATENTO CONDICIONES TRANSITO MOMENTO,0,0,0,0,18:00:00
-72.0901222,-36.6017147,866,16,REGION ÑUBLE,16101,CHILLAN,VICENTE MENDEZ, ,75,"Av. Vicente Méndez 75, Chillan, Chillán, Ñuble, Chile",-36.6017147,-72.0901222,1,ROOFTOP,2020,1304036,2020/10/08 00:00:00+00,CHOQUE FRENTE/LADO,CHOQUE,URBANA,IMPRUDENCIA DEL CONDUCTOR,CONDUCCION NO ATENTO CONDICIONES TRANSITO MOMENTO,0,0,0,0,08:30:00
-72.1160411,-36.6239687,867,16,REGION ÑUBLE,16101,CHILLAN,LAS CANOAS, ,150,"Las Canoas 150, Chillan, Chillán, Bío Bío, Chile",-36.6239687,-72.1160411,1,RANGE_INTERPOLATED,2020,1304309,2020/10/08 00:00:00+00,CHOQUE LATERAL,CHOQUE,URBANA,PERDIDA CONTROL VEHICULO,PERDIDA CONTROL VEHICULO,0,0,0,1,19:25:00
-72.0873004,-36.623628,868,16,REGION ÑUBLE,16101,CHILLAN,LOS PUELCHES, ,1572,"Los Puelches 1572, Chillan, Chillán, Bío Bío, Chile",-36.623628,-72.0873004,1,RANGE_INTERPOLATED,2020,1304315,2020/10/10 00:00:00+00,COLISION LATERAL,COLISION,URBANA,IMPRUDENCIA DEL CONDUCTOR,CONDUCCION NO ATENTO CONDICIONES TRANSITO MOMENTO,0,0,0,1,21:20:00
-72.1077626,-36.6034794,869,16,REGION ÑUBLE,16101,CHILLAN,DIEGO DE ALMAGRO,ARGENTINA,0,"Avenida Ohiggins 391 Chillan, Nuble, Chillán, Ñuble, Chile",-36.6034794,-72.1077626,1,GEOMETRIC_CENTER,2020,1304808,2020/10/12 00:00:00+00,COLISION PERPENDICULAR,COLISION,URBANA,DESOBEDIENCIA A SEÑALIZACION,SEÑALIZACION DESOBEDECER LUZ ROJA DE SEMAFORO,0,0,0,1,22:30:00
-72.0774692,-36.6075176,870,16,REGION ÑUBLE,16101,CHILLAN,LAS LILAS,ALC IVAN ULRIKSEN,0,"Las Lilas, Chillan, Chillán, Ñuble, Chile",-36.6075176,-72.0774692,1,GEOMETRIC_CENTER,2020,1304810,2020/10/09 00:00:00+00,COLISION PERPENDICULAR,COLISION,URBANA,DESOBEDIENCIA A SEÑALIZACION,SEÑALIZACION DESOBEDECER SEÑAL CEDA EL PASO,0,0,0,0,17:15:00
-72.2935937,-36.7468316,871,16,REGION ÑUBLE,16102,BULNES,SANTA ROSA, ,5,"Bulnes, Ñuble, Chile",-36.7468316,-72.2935937,1,APPROXIMATE,2020,1304897,2020/10/12 00:00:00+00,CHOQUE,CHOQUE,URBANA,ALCOHOL EN CONDUCTOR,CONDUCCION EN ESTADO DE EBRIEDAD,1,1,0,0,14:45:00
-72.0720318,-36.6148821,872,16,REGION ÑUBLE,16101,CHILLAN,CENTRAL PANIFICADORES,CERRO ARACAR,0,"Cerro Aracar & Central Panificadores, Chillán, Ñuble, Chile",-36.6148821,-72.0720318,1,GEOMETRIC_CENTER,2020,1304943,2020/10/13 00:00:00+00,COLISION PERPENDICULAR,COLISION,URBANA,DESOBEDIENCIA A SEÑALIZACION,SEÑALIZACION DESOBEDECER SEÑAL CEDA EL PASO,0,0,0,2,21:00:00
-72.0765903,-36.617485,873,16,REGION ÑUBLE,16101,CHILLAN,CERRO ROBLE,NUEVA ORIENTE,0,"Cerro Roble & Avenida Nueva Oriente, Chillan, Chillán, Ñuble, Chile",-36.617485,-72.0765903,1,GEOMETRIC_CENTER,2020,1304952,2020/10/14 00:00:00+00,COLISION PERPENDICULAR,COLISION,URBANA,ALCOHOL EN CONDUCTOR,CONDUCCION EN ESTADO DE EBRIEDAD,0,0,0,0,22:00:00
-72.7010057,-36.4898658,874,16,REGION ÑUBLE,16203,COELEMU,BAHAMONDES,ANIBAL PINTO,0,"Calle Anibal Pinto & Bahamondes, Coelemu, Ñuble, Chile",-36.4898658,-72.7010057,1,GEOMETRIC_CENTER,2020,1304964,2020/10/03 00:00:00+00,CHOQUE POSTERIOR,CHOQUE,URBANA,OTRAS CAUSAS,OTRAS CAUSAS,0,0,0,0,16:27:00
-72.5357794,-36.2798337,875,16,REGION ÑUBLE,16201,QUIRIHUE,IQUIQUE,JUAN ANTONIO GONZALEZ,0,"Iquique & Juan Antonio González, Quirihue, Ñuble, Chile",-36.2798337,-72.5357794,1,GEOMETRIC_CENTER,2020,1304997,2020/10/06 00:00:00+00,COLISION LATERAL,COLISION,URBANA,OTRAS CAUSAS,OTRAS CAUSAS,0,1,0,0,17:35:00
-72.2979804,-36.7405802,876,16,REGION ÑUBLE,16102,BULNES,CARLOS CONDELL,ANIBAL PINTO,0,"Aníbal Pinto & Carlos Condell, Bulnes, Ñuble, Chile",-36.7405802,-72.2979804,1,GEOMETRIC_CENTER,2020,1305164,2020/10/09 00:00:00+00,COLISION,COLISION,URBANA,DESOBEDIENCIA A SEÑALIZACION,SEÑALIZACION DESOBEDECER SEÑAL PARE,0,1,0,0,19:00:00
-71.9656602,-36.4163616,877,16,REGION ÑUBLE,16301,SAN CARLOS,TOMAS YAVAR,OHIGGINS,0,"Teniente Tomás Yávar, San Carlos, Región del Bío Bío, Chile",-36.4163616,-71.9656602,1,GEOMETRIC_CENTER,2020,1305183,2020/10/11 00:00:00+00,COLISION FRONTAL,COLISION,URBANA,IMPRUDENCIA DEL CONDUCTOR,CONDUCCION NO ATENTO CONDICIONES TRANSITO MOMENTO,0,0,0,1,20:30:00
-71.9574196,-36.4205373,878,16,REGION ÑUBLE,16301,SAN CARLOS,NAVOTAVO,MAIPU,0,"Maipú & Navotavo, San Carlos, Ñuble, Chile",-36.4205373,-71.9574196,1,GEOMETRIC_CENTER,2020,1305190,2020/10/14 00:00:00+00,CHOQUE FRONTAL,CHOQUE,URBANA,PERDIDA CONTROL VEHICULO,PERDIDA CONTROL VEHICULO,0,0,0,0,21:30:00
-72.3020829,-36.7371979,879,16,REGION ÑUBLE,16102,BULNES,BLANCO ENCALADA, ,557,"Blanco Encalada, Bulnes, Ñuble, Chile",-36.7371979,-72.3020829,1,GEOMETRIC_CENTER,2020,1305506,2020/10/17 00:00:00+00,ATROPELLO,ATROPELLO,URBANA,OTRAS CAUSAS,OTRAS CAUSAS,0,1,0,0,21:15:00