X,Y,FID,COD_REG,REGION,CUT,COMUNA,CALLE_UNO,CALLE_DOS,NUMERO,DIR_GEOCOD,LAT,LNG,VAL_COM,TIPO,Año,Idaccident,Fecha,Tipo_Accid,Tipo__CONA,Zona,Causa__CON,Causa,Fallecidos,Graves,Menos_Grav,Leves,Hora
-72.0972956,-36.6250824,939,16,REGION ÑUBLE,16101,CHILLAN,COLO COLO, ,161,"Colo Colo 161, Chillan, Chillán, Bío Bío, Chile",-36.6250824,-72.0972956,1,RANGE_INTERPOLATED,2020,1315105,2020/11/26 00:00:00+00,COLISION LATERAL,COLISION,URBANA,IMPRUDENCIA DEL CONDUCTOR,CONDUCCION NO ATENTO CONDICIONES TRANSITO MOMENTO,0,0,0,0,18:30:00
-72.0820643,-36.6160942,940,16,REGION ÑUBLE,16101,CHILLAN,CERRO ROBLE,HUESCA,0,"Cerro Roble & Huesca, Chillan, Chillán, Ñuble, Chile",-36.6160942,-72.0820643,1,GEOMETRIC_CENTER,2020,1315113,2020/11/28 00:00:00+00,CHOQUE FRONTAL,CHOQUE,URBANA,IMPRUDENCIA DEL CONDUCTOR,CONDUCCION NO ATENTO CONDICIONES TRANSITO MOMENTO,0,0,0,0,04:30:00
-72.0906152,-36.6023596,941,16,REGION ÑUBLE,16101,CHILLAN,ARGENTINA,ECUADOR,0,"Argentina & Avenida Ecuador, Chillan, Chillán, Ñuble, Chile",-36.6023596,-72.0906152,1,GEOMETRIC_CENTER,2020,1315114,2020/11/27 00:00:00+00,CHOQUE POSTERIOR/FRENTE,CHOQUE,URBANA,IMPRUDENCIA DEL CONDUCTOR,CONDUCCION NO ATENTO CONDICIONES TRANSITO MOMENTO,0,0,0,0,17:30:00
-72.1105875,-36.6019143,942,16,REGION ÑUBLE,16101,CHILLAN,BRASIL, ,323,"Av. Brasil 323, Chillan, Chillán, Región del Bío Bío, Chile",-36.6019143,-72.1105875,1,ROOFTOP,2020,1315115,2020/11/29 00:00:00+00,CHOQUE FRENTE/POSTERIOR,CHOQUE,URBANA,IMPRUDENCIA DEL CONDUCTOR,CONDUCCION NO ATENTO CONDICIONES TRANSITO MOMENTO,0,0,0,0,09:30:00
-72.0712592,-36.587544,943,16,REGION ÑUBLE,16101,CHILLAN,COLONIA BERNARDO OHIGGINS,EMMANUEL,0,"San Felipe 1741, Chillan, Chillán, Región del Bío Bío, Chile",-36.587544,-72.0712592,1,ROOFTOP,2020,1315131,2020/11/28 00:00:00+00,CHOQUE POSTERIOR/FRENTE,CHOQUE,URBANA,IMPRUDENCIA DEL CONDUCTOR,CONDUCCION NO ATENTO CONDICIONES TRANSITO MOMENTO,0,0,0,0,18:15:00
-72.1269222,-36.6125739,944,16,REGION ÑUBLE,16101,CHILLAN,RUIZ DE GAMBOA,LOS CORREGIDORES,0,"Avenida Mariscal Ruiz de Gamboa & Los Corregidores, Chillan, Chillán, Ñuble, Chile",-36.6125739,-72.1269222,1,GEOMETRIC_CENTER,2020,1315139,2020/11/30 00:00:00+00,COLISION LATERAL,COLISION,URBANA,IMPRUDENCIA DEL CONDUCTOR,CONDUCCION NO ATENTO CONDICIONES TRANSITO MOMENTO,0,0,0,0,20:10:00
-72.1085754,-36.6047605,945,16,REGION ÑUBLE,16101,CHILLAN,OHIGGINS,LIBERTAD,0,"Avenida OHiggins & Libertad, Chillan, Chillán, Ñuble, Chile",-36.6047605,-72.1085754,1,GEOMETRIC_CENTER,2020,1315573,2020/11/30 00:00:00+00,COLISION LATERAL,COLISION,URBANA,IMPRUDENCIA DEL CONDUCTOR,CONDUCCION NO ATENTO CONDICIONES TRANSITO MOMENTO,0,0,0,0,19:30:00
-72.1061151,-36.5984238,946,16,REGION ÑUBLE,16101,CHILLAN,OHIGGINS,ECUADOR,0,"Av. OHiggins & Av. Ecuador, Chillan, Chillán, Ñuble, Chile",-36.5984238,-72.1061151,1,GEOMETRIC_CENTER,2020,1316145,2020/12/03 00:00:00+00,COLISION POR ALCANCE,COLISION,URBANA,IMPRUDENCIA DEL CONDUCTOR,CONDUCCION NO ATENTO CONDICIONES TRANSITO MOMENTO,0,0,0,0,12:40:00
-72.0813702,-36.6088195,947,16,REGION ÑUBLE,16101,CHILLAN,LAS ROSAS, ,131,"Las Rosas 131, Chillan, Chillán, Bío Bío, Chile",-36.6088195,-72.0813702,1,RANGE_INTERPOLATED,2020,1316146,2020/12/03 00:00:00+00,COLISION LATERAL,COLISION,URBANA,IMPRUDENCIA DEL CONDUCTOR,CONDUCCION NO ATENTO CONDICIONES TRANSITO MOMENTO,0,0,0,0,12:15:00
-72.07399,-36.6129121,948,16,REGION ÑUBLE,16101,CHILLAN,TORRES DEL PAINE,CORDILLERA,0,"C. Cerro Torres del Paine 522, Chillan, Chillán, Bío Bío, Chile",-36.6129121,-72.07399,1,ROOFTOP,2020,1316156,2020/12/03 00:00:00+00,COLISION LATERAL,COLISION,URBANA,IMPRUDENCIA DEL CONDUCTOR,CONDUCCION NO ATENTO CONDICIONES TRANSITO MOMENTO,0,0,0,0,12:15:00
-72.1114451,-36.6131805,949,16,REGION ÑUBLE,16101,CHILLAN,OHIGGINS, ,1181,"Av. OHiggins 1181, Chillan, Chillán, Región del Bío Bío, Chile",-36.6131805,-72.1114451,1,ROOFTOP,2020,1316891,2020/12/07 00:00:00+00,COLISION LATERAL,COLISION,URBANA,IMPRUDENCIA DEL CONDUCTOR,CONDUCCION NO ATENTO CONDICIONES TRANSITO MOMENTO,0,0,0,0,18:20:00
-71.967849,-36.4275639,950,16,REGION ÑUBLE,16301,SAN CARLOS,LUIS ACEVEDO,ELOY PARRA,0,"Luis Acevedo, San Carlos, Ñuble, Chile",-36.4275639,-71.967849,1,GEOMETRIC_CENTER,2020,1316524,2020/12/05 00:00:00+00,COLISION LATERAL,COLISION,URBANA,IMPRUDENCIA DEL CONDUCTOR,CONDUCCION SIN MANTENER DISTANCIA RAZONABLE NI PRUDENTE,0,0,0,0,21:00:00
-72.0255904,-36.895991,951,16,REGION ÑUBLE,16104,EL CARMEN,ANDRES BELLO,MANUEL BALMACEDA,0,"Manuel Rodríguez & Andrés Bello, El Carmen, Ñuble, Chile",-36.895991,-72.0255904,1,GEOMETRIC_CENTER,2020,1316551,2020/12/02 00:00:00+00,COLISION FRONTAL,COLISION,URBANA,IMPRUDENCIA DEL CONDUCTOR,CONDUCCION NO ATENTO CONDICIONES TRANSITO MOMENTO,0,1,0,1,20:00:00
-72.0816053,-36.609141,952,16,REGION ÑUBLE,16101,CHILLAN,LAS ROSAS,LIBERTAD ORIENTE,0,"Avenida Libertad Oriente & Las Rosas, Chillan, Chillán, Ñuble, Chile",-36.609141,-72.0816053,1,GEOMETRIC_CENTER,2020,1316593,2020/12/04 00:00:00+00,CHOQUE POSTERIOR/FRENTE,CHOQUE,URBANA,DESOBEDIENCIA A SEÑALIZACION,SEÑALIZACION DESOBEDECER SEÑAL CEDA EL PASO,0,0,0,1,10:30:00
-72.1015228,-36.5996848,953,16,REGION ÑUBLE,16101,CHILLAN,18 DE SEPTIEMBRE,ECUADOR,0,"Dieciocho de Septiembre & Avenida Ecuador, Chillan, Chillán, Ñuble, Chile",-36.5996848,-72.1015228,1,GEOMETRIC_CENTER,2020,1316608,2020/12/04 00:00:00+00,COLISION PERPENDICULAR,COLISION,URBANA,CAUSAS NO DETERMINADAS,CAUSAS NO DETERMINADAS,0,0,0,4,22:24:00
-71.9646398,-36.4229711,954,16,REGION ÑUBLE,16301,SAN CARLOS,SERRANO,BALMACEDA,0,"San Carlos, Ñuble, Chile",-36.4229711,-71.9646398,1,APPROXIMATE,2020,1280608,2020/05/08 00:00:00+00,COLISION POR ALCANCE,COLISION,URBANA,IMPRUDENCIA DEL CONDUCTOR,CONDUCCION NO ATENTO CONDICIONES TRANSITO MOMENTO,0,0,0,0,14:45:00
-72.2971842,-36.7395631,955,16,REGION ÑUBLE,16102,BULNES,ANIBAL PINTO,BALMACEDA,0,"Aníbal Pinto & José Miguel Balmaceda, Bulnes, Ñuble, Chile",-36.7395631,-72.2971842,1,GEOMETRIC_CENTER,2020,1317213,2020/12/07 00:00:00+00,COLISION,COLISION,URBANA,DESOBEDIENCIA A SEÑALIZACION,SEÑALIZACION DESOBEDECER SEÑAL CEDA EL PASO,0,0,0,1,08:00:00
-72.0164432,-37.1199619,956,16,REGION ÑUBLE,16109,YUNGAY,ESMERALDA,HUAMACHUCO,0,"Esmeralda & Huamachuco, Yungay, Ñuble, Chile",-37.1199619,-72.0164432,1,GEOMETRIC_CENTER,2020,1317341,2020/12/08 00:00:00+00,CHOQUE FRENTE/LADO,CHOQUE,URBANA,CAUSAS NO DETERMINADAS,CAUSAS NO DETERMINADAS,0,0,0,0,13:10:00
-72.0862433,-36.6173128,957,16,REGION ÑUBLE,16101,CHILLAN,PASAJE OCHO,PASAJE 7,0,"Pje. Siete & Pje. Ocho, Chillan, Chillán, Ñuble, Chile",-36.6173128,-72.0862433,1,GEOMETRIC_CENTER,2020,1317623,2020/12/05 00:00:00+00,COLISION LATERAL,COLISION,URBANA,IMPRUDENCIA DEL CONDUCTOR,CONDUCCION NO ATENTO CONDICIONES TRANSITO MOMENTO,0,0,0,1,18:30:00
-72.106784,-36.6091672,958,16,REGION ÑUBLE,16101,CHILLAN,MAIPON,CARRERA,0,"Maipón & Carrera, Chillan, Chillán, Ñuble, Chile",-36.6091672,-72.106784,1,GEOMETRIC_CENTER,2020,1317971,2020/12/11 00:00:00+00,CHOQUE FRENTE/POSTERIOR,CHOQUE,URBANA,IMPRUDENCIA DEL CONDUCTOR,CONDUCCION NO ATENTO CONDICIONES TRANSITO MOMENTO,0,0,0,0,16:20:00
-72.0995687,-36.9759884,959,16,REGION ÑUBLE,16105,PEMUCO,PEDRO DE VALDIVIA,JOSE MUÑOZ,0,"Pemuco, Ñuble, Chile",-36.9759884,-72.0995687,1,APPROXIMATE,2020,1318490,2020/12/10 00:00:00+00,COLISION POR ALCANCE,COLISION,URBANA,IMPRUDENCIA DEL CONDUCTOR,CONDUCCION NO ATENTO CONDICIONES TRANSITO MOMENTO,0,0,0,1,01:40:00
-72.0964018,-36.6036406,960,16,REGION ÑUBLE,16101,CHILLAN,GAMERO,SGTO ALDEA,0,"Gamero & Sargento Aldea, Chillan, Chillán, Ñuble, Chile",-36.6036406,-72.0964018,1,GEOMETRIC_CENTER,2020,1318759,2020/12/16 00:00:00+00,COLISION PERPENDICULAR,COLISION,URBANA,DESOBEDIENCIA A SEÑALIZACION,SEÑALIZACION DESOBEDECER SEÑAL PARE,0,0,0,0,09:25:00
-72.0581472,-36.5888528,961,16,REGION ÑUBLE,16101,CHILLAN,N-45,CAMINO VIEJO,0,"N-45, Chillan, Chillán, Ñuble, Chile",-36.5888528,-72.0581472,1,GEOMETRIC_CENTER,2020,1318767,2020/12/15 00:00:00+00,COLISION FRONTAL,COLISION,URBANA,DESOBEDIENCIA A SEÑALIZACION,SEÑALIZACION DESOBEDECER SEÑAL PARE,0,0,0,3,19:20:00
-72.0853532,-36.6281829,962,16,REGION ÑUBLE,16101,CHILLAN,DIAGONAL LAS TERMAS,LOS QUEÑOAS,0,"Diagonal Las Termas & Los Queñoas, Chillan, Chillán, Ñuble, Chile",-36.6281829,-72.0853532,1,GEOMETRIC_CENTER,2020,1318770,2020/12/16 00:00:00+00,COLISION PERPENDICULAR,COLISION,URBANA,IMPRUDENCIA DEL CONDUCTOR,"ADELANTAMIENTO EN CRUCE, CURVA, CUESTA, PUENTE",0,0,0,2,19:40:00
-72.0906152,-36.6023596,963,16,REGION ÑUBLE,16101,CHILLAN,ECUADOR,ARGENTINA,0,"Argentina & Avenida Ecuador, Chillan, Chillán, Ñuble, Chile",-36.6023596,-72.0906152,1,GEOMETRIC_CENTER,2020,1318866,2020/12/17 00:00:00+00,COLISION PERPENDICULAR,COLISION,URBANA,IMPRUDENCIA DEL CONDUCTOR,CONDUCCION NO ATENTO CONDICIONES TRANSITO MOMENTO,0,0,0,1,23:50:00
-72.1099216,-36.6084694,964,16,REGION ÑUBLE,16101,CHILLAN,MAIPON,OHIGGINS,0,"Maipón & Avenida OHiggins, Chillan, Chillán, Ñuble, Chile",-36.6084694,-72.1099216,1,GEOMETRIC_CENTER,2020,1318976,2020/12/16 00:00:00+00,COLISION LATERAL,COLISION,URBANA,IMPRUDENCIA DEL CONDUCTOR,CONDUCCION NO ATENTO CONDICIONES TRANSITO MOMENTO,0,0,0,0,18:00:00
-71.9511045,-36.4323109,965,16,REGION ÑUBLE,16301,SAN CARLOS,GAZMURI,CAROL URZUA,0,"David Gazmuri & General Carol Urzúa, San Carlos, Ñuble, Chile",-36.4323109,-71.9511045,1,GEOMETRIC_CENTER,2020,1319024,2020/12/08 00:00:00+00,CHOQUE FRENTE/POSTERIOR,CHOQUE,URBANA,IMPRUDENCIA DEL CONDUCTOR,CONDUCCION NO ATENTO CONDICIONES TRANSITO MOMENTO,0,0,0,0,19:38:00
-72.1023351,-36.6062618,966,16,REGION ÑUBLE,16101,CHILLAN,ARGENTINA,ESPAÑA,0,"Chillán, Ñuble, Chile",-36.6062618,-72.1023351,1,APPROXIMATE,2020,1319308,2020/12/18 00:00:00+00,COLISION LATERAL,COLISION,URBANA,IMPRUDENCIA DEL CONDUCTOR,CONDUCCION NO ATENTO CONDICIONES TRANSITO MOMENTO,0,0,0,0,11:00:00
-72.1367388,-36.6217067,967,16,REGION ÑUBLE,16103,CHILLAN VIEJO,LUIS ARELLANO,OHIGGINS,0,"Luis Arellano & Avenida OHiggins, Chillan, Chillán Viejo, Ñuble, Chile",-36.6217067,-72.1367388,1,GEOMETRIC_CENTER,2020,1319568,2020/12/16 00:00:00+00,COLISION PERPENDICULAR,COLISION,URBANA,DESOBEDIENCIA A SEÑALIZACION,SEÑALIZACION DESOBEDECER LUZ ROJA DE SEMAFORO,0,0,0,2,16:40:00
-72.1026498,-36.6114892,968,16,REGION ÑUBLE,16101,CHILLAN,ARTURO PRAT,5 DE ABRIL,0,"5 de Abril & Arturo Prat, Chillan, Chillán, Ñuble, Chile",-36.6114892,-72.1026498,1,GEOMETRIC_CENTER,2020,1319789,2020/12/18 00:00:00+00,COLISION LATERAL,COLISION,URBANA,IMPRUDENCIA DEL CONDUCTOR,CONDUCCION NO ATENTO CONDICIONES TRANSITO MOMENTO,0,0,0,0,16:50:00
-72.1269996,-36.6067978,969,16,REGION ÑUBLE,16101,CHILLAN,ANTARTICA CHILENA,COQUIMBO,0,"Antártica Chilena & Coquimbo, Chillan, Chillán, Ñuble, Chile",-36.6067978,-72.1269996,1,GEOMETRIC_CENTER,2020,1319802,2020/12/19 00:00:00+00,COLISION LATERAL,COLISION,URBANA,IMPRUDENCIA DEL CONDUCTOR,ADELANTAMIENTO SIN EL ESPACIO O TIEMPO SUFICIENTE,0,0,0,0,22:00:00
-72.5459431,-36.2822842,970,16,REGION ÑUBLE,16201,QUIRIHUE,JOSE JOAQUIN PEREZ, ,465,"José Joaquín Pérez 465, Quirihue, Bío Bío, Chile",-36.2822842,-72.5459431,1,RANGE_INTERPOLATED,2020,1320058,2020/12/15 00:00:00+00,COLISION LATERAL,COLISION,URBANA,CAUSAS NO DETERMINADAS,CAUSAS NO DETERMINADAS,0,0,0,0,10:00:00
-71.7523474,-36.4791207,971,16,REGION ÑUBLE,16301,SAN CARLOS,NAHUELTORO,RIVERA DE ÑUBLE,0,"San Carlos, Bío Bío, Chile",-36.4791207,-71.7523474,1,GEOMETRIC_CENTER,2020,1320551,2020/12/08 00:00:00+00,COLISION POR ALCANCE,COLISION,RURAL,FALLAS MECANICAS,FALLAS MECANICAS DIRECCION,0,0,0,0,07:40:00
-72.3017719,-36.7401575,972,16,REGION ÑUBLE,16102,BULNES,JOAQUIN PEREZ,VICTOR BIANCHI,0,"Victor Bianchi 747 Bulnes Bulnes, Biobío, Bulnes, Ñuble, Chile",-36.7401575,-72.3017719,1,GEOMETRIC_CENTER,2020,1320995,2020/12/18 00:00:00+00,COLISION,COLISION,URBANA,DESOBEDIENCIA A SEÑALIZACION,SEÑALIZACION DESOBEDECER SEÑAL CEDA EL PASO,0,0,0,1,14:00:00
-72.0861297,-36.6203662,973,16,REGION ÑUBLE,16101,CHILLAN,LOS PUELCHES,ESMERALDA,0,"Los Puelches & Esmeralda, Chillan, Chillán, Ñuble, Chile",-36.6203662,-72.0861297,1,GEOMETRIC_CENTER,2020,1321085,2020/12/27 00:00:00+00,COLISION PERPENDICULAR,COLISION,URBANA,DESOBEDIENCIA A SEÑALIZACION,SEÑALIZACION DESOBEDECER LUZ ROJA DE SEMAFORO,0,0,0,1,13:30:00
-72.1167486,-36.5999872,974,16,REGION ÑUBLE,16101,CHILLAN,RUIZ DE GAMBOA,LEON CAZENAVE,0,"Avenida Mariscal Ruiz de Gamboa & León Cazenave, Chillan, Chillán, Ñuble, Chile",-36.5999872,-72.1167486,1,GEOMETRIC_CENTER,2020,1321173,2020/12/27 00:00:00+00,COLISION PERPENDICULAR,COLISION,URBANA,DESOBEDIENCIA A SEÑALIZACION,SEÑALIZACION DESOBEDECER SEÑAL CEDA EL PASO,0,0,0,0,14:15:00
-72.1007063,-36.6146872,975,16,REGION ÑUBLE,16101,CHILLAN,PUREN,LEON CAZENAVE,0,"Puente Purén - Purén 818 846, Chillan, Chillán, Región del Bío Bío, Chile",-36.6146872,-72.1007063,1,ROOFTOP,2020,1321180,2020/12/24 00:00:00+00,COLISION PERPENDICULAR,COLISION,URBANA,DESOBEDIENCIA A SEÑALIZACION,SEÑALIZACION DESOBEDECER SEÑAL CEDA EL PASO,0,0,0,0,10:20:00
-71.9523595,-36.4295715,976,16,REGION ÑUBLE,16301,SAN CARLOS,PUELMA, ,383,"Francisco Puelma Castillo 383, San Carlos, Bío Bío, Chile",-36.4295715,-71.9523595,1,ROOFTOP,2020,1321511,2020/12/14 00:00:00+00,CHOQUE LADO/FRENTE,CHOQUE,URBANA,IMPRUDENCIA DEL CONDUCTOR,CONDUCCION NO ATENTO CONDICIONES TRANSITO MOMENTO,0,0,0,0,22:00:00
-72.5442646,-36.278152,977,16,REGION ÑUBLE,16201,QUIRIHUE,CARRERA,MAIPU,0,"Carrera & Maipu, Quirihue, Ñuble, Chile",-36.278152,-72.5442646,1,GEOMETRIC_CENTER,2020,1321665,2020/12/19 00:00:00+00,COLISION LATERAL,COLISION,URBANA,DESOBEDIENCIA A SEÑALIZACION,SEÑALIZACION DESOBEDECER SEÑAL PARE,0,0,0,2,18:40:00
-72.7020954,-36.4892804,978,16,REGION ÑUBLE,16203,COELEMU,EXEQUIEL LARENAS, ,536,"Exequiel Larenas 536, Coelemu, Bío Bío, Chile",-36.4892804,-72.7020954,1,RANGE_INTERPOLATED,2020,1321825,2020/12/24 00:00:00+00,OTRO TIPO,OTRO TIPO,URBANA,OTRAS CAUSAS,OTRAS CAUSAS,0,0,0,0,19:15:00
-72.3028318,-36.7354936,979,16,REGION ÑUBLE,16102,BULNES,ELEUTERIO RAMIREZ,ENRIQUE MUNITA,0,"Eleuterio Ramírez & Enrique Munita, Bulnes, Ñuble, Chile",-36.7354936,-72.3028318,1,GEOMETRIC_CENTER,2020,1321936,2020/12/28 00:00:00+00,CHOQUE,CHOQUE,URBANA,OTRAS CAUSAS,OTRAS CAUSAS,0,0,0,0,05:00:00
-72.0936606,-36.5979483,980,16,REGION ÑUBLE,16101,CHILLAN,FLORES MILLAN,REPUBLICA,0,"Calle Republica & Flores Millán, Chillan, Chillán, Ñuble, Chile",-36.5979483,-72.0936606,1,GEOMETRIC_CENTER,2020,1322497,2020/12/29 00:00:00+00,COLISION LATERAL,COLISION,URBANA,DESOBEDIENCIA A SEÑALIZACION,SEÑALIZACION DESOBEDECER SEÑAL PARE,0,0,0,0,18:15:00
-72.099443,-36.6262468,981,16,REGION ÑUBLE,16101,CHILLAN,BARROS ARANA,ALTAMIRANO RIVERO,0,"Barros Arana, Chillan, Chillán, Ñuble, Chile",-36.6262468,-72.099443,1,GEOMETRIC_CENTER,2020,1322501,2020/12/29 00:00:00+00,COLISION PERPENDICULAR,COLISION,URBANA,DESOBEDIENCIA A SEÑALIZACION,SEÑALIZACION DESOBEDECER SEÑAL PARE,0,0,0,1,18:15:00
-72.108345,-36.6041695,982,16,REGION ÑUBLE,16101,CHILLAN,OHIGGINS, ,450,"Av. OHiggins 450, Chillan, Chillán, Bío Bío, Chile",-36.6041695,-72.108345,1,RANGE_INTERPOLATED,2020,1322683,2020/12/31 00:00:00+00,COLISION PERPENDICULAR,COLISION,URBANA,DESOBEDIENCIA A SEÑALIZACION,SEÑALIZACION DESOBEDECER SEÑAL CEDA EL PASO,0,0,0,1,14:30:00
-72.1360638,-36.6241261,983,16,REGION ÑUBLE,16103,CHILLAN VIEJO,ENRIQUE KNOTHE INTERIOR,LUIS ARANEDA,0,"Luis Araneda 580, Ñuble, Chillán Viejo, Ñuble, Chile",-36.6241261,-72.1360638,1,ROOFTOP,2020,1322673,2020/12/30 00:00:00+00,CHOQUE FRENTE/LADO,CHOQUE,URBANA,IMPRUDENCIA DEL CONDUCTOR,CONDUCCION NO ATENTO CONDICIONES TRANSITO MOMENTO,0,0,0,1,21:00:00
-71.8486016,-36.6251948,984,16,REGION ÑUBLE,16302,COIHUECO,ARTURO PRAT,NEPTUNO,0,"Arturo Prat 500 Coihueco, Ñuble, Coihueco, Ñuble, Chile",-36.6251948,-71.8486016,1,GEOMETRIC_CENTER,2020,1322676,2020/12/30 00:00:00+00,COLISION LATERAL,COLISION,URBANA,DESOBEDIENCIA A SEÑALIZACION,SEÑALIZACION DESOBEDECER SEÑAL CEDA EL PASO,0,0,0,1,18:00:00
-72.0890508,-36.6321483,985,16,REGION ÑUBLE,16101,CHILLAN,PASAJE UNO SUR,PASAJE 06 SUR,0,"Uno Sur, Chillan, Chillán, Ñuble, Chile",-36.6321483,-72.0890508,1,GEOMETRIC_CENTER,2020,1322687,2020/12/28 00:00:00+00,COLISION PERPENDICULAR,COLISION,URBANA,IMPRUDENCIA DEL CONDUCTOR,NO RESPETAR DERECHO PREFERENTE DE PASO A VEHICULO,0,0,0,0,21:20:00
-72.7069384,-36.4930125,986,16,REGION ÑUBLE,16203,COELEMU,MANUEL ANTONIO MATTA,ANTENOR ROA,0,"Antenor Roa & Manuel Antonio Matta, Coelemu, Ñuble, Chile",-36.4930125,-72.7069384,1,GEOMETRIC_CENTER,2020,1322786,2020/12/30 00:00:00+00,CHOQUE POSTERIOR,CHOQUE,URBANA,IMPRUDENCIA DEL CONDUCTOR,CONDUCCION NO ATENTO CONDICIONES TRANSITO MOMENTO,0,0,0,0,20:30:00
-72.3017719,-36.7401575,987,16,REGION ÑUBLE,16102,BULNES,JOAQUIN PRIETO,VICTOR BIANCHI,0,"Victor Bianchi 747 Bulnes Bulnes, Biobío, Bulnes, Ñuble, Chile",-36.7401575,-72.3017719,1,GEOMETRIC_CENTER,2020,1323758,2020/12/31 00:00:00+00,COLISION,COLISION,URBANA,DESOBEDIENCIA A SEÑALIZACION,SEÑALIZACION DESOBEDECER SEÑAL CEDA EL PASO,0,0,0,0,10:15:00
-72.1037035,-36.6299637,988,16,REGION ÑUBLE,16101,CHILLAN,LOS ESPINOS,NUEVA SUR,0,"Los Espinos & Nueva Sur, Chillan, Chillán Viejo, Ñuble, Chile",-36.6299637,-72.1037035,3,GEOMETRIC_CENTER,2020,1312184,2020/11/19 00:00:00+00,COLISION LATERAL,COLISION,URBANA,DESOBEDIENCIA A SEÑALIZACION,SEÑALIZACION DESOBEDECER SEÑAL PARE,0,0,0,0,08:00:00
-71.9689423,-36.4259693,989,16,REGION ÑUBLE,16301,SAN CARLOS,CUADRAPANCHE CHICO, ,1,"San Carlos, Ñuble, Chile",-36.4259693,-71.9689423,1,APPROXIMATE,2020,1285621,2020/06/14 00:00:00+00,IMPACTO CON ANIMAL,OTRO TIPO,URBANA,IMPRUDENCIA DEL CONDUCTOR,CONDUCCION CAMBIAR SORPRESIVAMENTE PISTA CIRCULACION,0,0,0,1,18:45:00
-72.5413014,-36.281781,990,16,REGION ÑUBLE,16201,QUIRIHUE,INDEPENDENCIA, ,709,"Independencia 709, Quirihue, Región del Bío Bío, Chile",-36.281781,-72.5413014,1,ROOFTOP,2020,1275034,2020/03/07 00:00:00+00,CHOQUE,CHOQUE,URBANA,ALCOHOL EN CONDUCTOR,CONDUCCION EN ESTADO DE EBRIEDAD,0,1,0,0,01:11:00
-72.0303453,-36.8973464,991,16,REGION ÑUBLE,16104,EL CARMEN,GRAL BAQUEDANO, ,750,"El Carmen, Ñuble, Chile",-36.8973464,-72.0303453,1,APPROXIMATE,2020,1254470,2020/01/05 00:00:00+00,CHOQUE FRENTE/FRENTE,CHOQUE,URBANA,CAUSAS NO DETERMINADAS,CAUSAS NO DETERMINADAS,0,0,0,0,01:30:00
-72.333309,-36.3423863,992,16,REGION ÑUBLE,16301,SAN CARLOS,TORRECILLAS, ,10,"Tornecilla, San Carlos, Ñuble, Chile",-36.3423863,-72.333309,2,APPROXIMATE,2020,1295135,2020/08/18 00:00:00+00,IMPACTO CON ANIMAL,OTRO TIPO,URBANA,DEFICIENCIAS VIALES,ANIMALES SUELTOS VIA PUBLICA,0,0,0,1,07:10:00
-72.1093774,-36.5988108,993,16,REGION ÑUBLE,16101,CHILLAN,BRASIL, ,77,"Av. Brasil 77, Chillan, Chillán, Región del Bío Bío, Chile",-36.5988108,-72.1093774,1,ROOFTOP,2020,1258079,2020/01/19 00:00:00+00,CHOQUE LADO/LADO,CHOQUE,URBANA,IMPRUDENCIA DEL CONDUCTOR,CONDUCCION NO ATENTO CONDICIONES TRANSITO MOMENTO,0,0,0,0,19:00:00
-72.2987291,-36.7416253,994,16,REGION ÑUBLE,16102,BULNES,ANIBAL PINTO, ,459,"Aníbal Pinto, Bulnes, Ñuble, Chile",-36.7416253,-72.2987291,1,GEOMETRIC_CENTER,2020,1262950,2020/02/10 00:00:00+00,CHOQUE FRENTE/LADO,CHOQUE,URBANA,CAUSAS NO DETERMINADAS,CAUSAS NO DETERMINADAS,0,0,0,0,16:40:00
-72.0303453,-36.8973464,995,16,REGION ÑUBLE,16104,EL CARMEN,GRAL BAQUEDANO,DIECISEIS DE JULIO,0,"El Carmen, Ñuble, Chile",-36.8973464,-72.0303453,1,APPROXIMATE,2020,1266924,2020/02/26 00:00:00+00,CHOQUE FRENTE/POSTERIOR,CHOQUE,URBANA,IMPRUDENCIA DEL CONDUCTOR,CONDUCCION NO ATENTO CONDICIONES TRANSITO MOMENTO,0,0,0,0,12:10:00
-72.018413,-37.118646,996,16,REGION ÑUBLE,16109,YUNGAY,ARTURO PRAT,TARAPACA,0,"arturo prat 319, Yungay, Bío Bío, Chile",-37.118646,-72.018413,1,ROOFTOP,2020,1267512,2020/02/27 00:00:00+00,OTRO TIPO,OTRO TIPO,URBANA,IMPRUDENCIA DEL CONDUCTOR,CONDUCCION NO ATENTO CONDICIONES TRANSITO MOMENTO,0,0,0,0,11:25:00
-72.7036084,-36.4890584,997,16,REGION ÑUBLE,16203,COELEMU,LOS ALAMOS, ,275,"Coelemu, Ñuble, Chile",-36.4890584,-72.7036084,1,APPROXIMATE,2020,1265162,2020/02/09 00:00:00+00,CHOQUE,CHOQUE,URBANA,VELOCIDAD IMPRUDENTE,VELOCIDAD NO RAZONABLE NI PRUDENTE,0,0,0,0,18:30:00