X,Y,FID,COD_REG,REGION,CUT,COMUNA,CALLE_UNO,CALLE_DOS,NUMERO,DIR_GEOCOD,LAT,LNG,VAL_COM,TIPO,Año,Idaccident,Fecha,Tipo_Accid,Tipo__CONA,Zona,Causa__CON,Causa,Fallecidos,Graves,Menos_Grav,Leves,Hora
-72.1050741,-36.6070236,998,16,REGION ÑUBLE,16101,CHILLAN,CONSTITUCION, ,444,"Constitución 444, Chillan, Chillán, Región del Bío Bío, Chile",-36.6070236,-72.1050741,1,ROOFTOP,2020,1258059,2020/01/20 00:00:00+00,CHOQUE POSTERIOR/LADO,CHOQUE,URBANA,IMPRUDENCIA DEL CONDUCTOR,CONDUCCION NO ATENTO CONDICIONES TRANSITO MOMENTO,0,0,0,0,13:10:00
-72.1083283,-36.611348,999,16,REGION ÑUBLE,16101,CHILLAN,COCHARCAS, ,371,"Cocharcas 371, Chillan, Chillán, Bío Bío, Chile",-36.611348,-72.1083283,1,RANGE_INTERPOLATED,2020,1258068,2020/01/20 00:00:00+00,CHOQUE LADO/LADO,CHOQUE,URBANA,IMPRUDENCIA DEL CONDUCTOR,CONDUCCION NO ATENTO CONDICIONES TRANSITO MOMENTO,0,0,0,0,14:45:00
-72.0465606,-36.8755015,1000,16,REGION ÑUBLE,16108,SAN IGNACIO,SECTOR LAS QUILAS, ,4,"San Ignacio, Región del Bío Bío, Chile",-36.8755015,-72.0465606,1,GEOMETRIC_CENTER,2020,1262775,2020/02/06 00:00:00+00,CHOQUE FRENTE/LADO,CHOQUE,URBANA,CAUSAS NO DETERMINADAS,CAUSAS NO DETERMINADAS,0,0,0,1,23:15:00
-72.1027239,-36.604711,1001,16,REGION ÑUBLE,16101,CHILLAN,BULNES, ,545,"Bulnes 545, Chillan, Chillán, Región del Bío Bío, Chile",-36.604711,-72.1027239,1,ROOFTOP,2020,1282876,2020/05/28 00:00:00+00,CHOQUE LADO/POSTERIOR,CHOQUE,URBANA,IMPRUDENCIA DEL CONDUCTOR,CONDUCCION NO ATENTO CONDICIONES TRANSITO MOMENTO,0,0,0,0,13:35:00
-72.0365124,-36.8005919,1002,16,REGION ÑUBLE,16108,SAN IGNACIO,EL ESFUERZO, ,1,"San Ignacio, Ñuble, Chile",-36.8005919,-72.0365124,1,APPROXIMATE,2020,1280802,2020/05/14 00:00:00+00,CHOQUE FRENTE/POSTERIOR,CHOQUE,URBANA,IMPRUDENCIA DEL CONDUCTOR,CONDUCCION NO ATENTO CONDICIONES TRANSITO MOMENTO,0,0,0,0,11:30:00
-72.4629935,-36.7410528,1003,16,REGION ÑUBLE,16107,QUILLON,OHIGGINS,THOMSON,0,"Quillón, Ñuble, Chile",-36.7410528,-72.4629935,1,APPROXIMATE,2020,1283823,2020/06/04 00:00:00+00,COLISION,COLISION,RURAL,IMPRUDENCIA DEL CONDUCTOR,CONDUCCION CONTRA SENTIDO DEL TRANSITO,0,0,0,0,17:30:00
-72.472982,-36.742484,1004,16,REGION ÑUBLE,16107,QUILLON,CAYUMANQUI, ,495,"Cayumanqui 495, Quillón, Región del Bío Bío, Chile",-36.742484,-72.472982,1,ROOFTOP,2020,1258356,2020/01/08 00:00:00+00,CHOQUE,CHOQUE,URBANA,IMPRUDENCIA DEL CONDUCTOR,CONDUCCION NO ATENTO CONDICIONES TRANSITO MOMENTO,0,0,0,0,16:00:00
-71.9646398,-36.4229711,1005,16,REGION ÑUBLE,16301,SAN CARLOS,EL PEUMO,LA ARAUCANIA,0,"San Carlos, Ñuble, Chile",-36.4229711,-71.9646398,1,APPROXIMATE,2020,1309556,2020/10/31 00:00:00+00,CHOQUE FRENTE/LADO,CHOQUE,URBANA,IMPRUDENCIA DEL CONDUCTOR,CONDUCCION NO ATENTO CONDICIONES TRANSITO MOMENTO,0,0,0,0,20:30:00
-72.013279,-37.1212982,1006,16,REGION ÑUBLE,16109,YUNGAY,ANGAMOS,ANGELES,0,"Yungay, Ñuble, Chile",-37.1212982,-72.013279,1,APPROXIMATE,2020,1260436,2020/01/22 00:00:00+00,COLISION POR ALCANCE,COLISION,URBANA,IMPRUDENCIA DEL CONDUCTOR,CONDUCCION NO ATENTO CONDICIONES TRANSITO MOMENTO,0,0,0,0,23:30:00
-71.8341961,-36.6281758,1007,16,REGION ÑUBLE,16302,COIHUECO,CENTENARIO, ,1,"Coihueco, Ñuble, Chile",-36.6281758,-71.8341961,1,APPROXIMATE,2020,1253297,2020/01/01 00:00:00+00,CHOQUE POSTERIOR,CHOQUE,URBANA,IMPRUDENCIA DEL CONDUCTOR,CONDUCCION CAMBIAR SORPRESIVAMENTE PISTA CIRCULACION,0,0,0,0,00:30:00
-72.1061151,-36.5984238,1008,16,REGION ÑUBLE,16101,CHILLAN,ECUADOR,OHIGGINS,0,"Av. OHiggins & Av. Ecuador, Chillan, Chillán, Ñuble, Chile",-36.5984238,-72.1061151,1,GEOMETRIC_CENTER,2020,1253431,2020/01/02 00:00:00+00,COLISION LATERAL,COLISION,URBANA,IMPRUDENCIA DEL CONDUCTOR,CONDUCCION NO ATENTO CONDICIONES TRANSITO MOMENTO,0,0,0,0,12:25:00
-72.1031284,-36.6128066,1009,16,REGION ÑUBLE,16101,CHILLAN,COCHARCAS,5 DE ABRIL,0,"Cocharcas & 5 de Abril, Chillan, Chillán, Ñuble, Chile",-36.6128066,-72.1031284,1,GEOMETRIC_CENTER,2020,1253586,2020/01/03 00:00:00+00,COLISION PERPENDICULAR,COLISION,URBANA,ALCOHOL EN CONDUCTOR,CONDUCCION EN ESTADO DE EBRIEDAD,0,0,0,2,21:00:00
-72.1023351,-36.6062618,1010,16,REGION ÑUBLE,16101,CHILLAN,CHACABUCO, ,0,"Chillán, Ñuble, Chile",-36.6062618,-72.1023351,1,APPROXIMATE,2020,1253959,2020/01/06 00:00:00+00,CHOQUE FRONTAL,CHOQUE,URBANA,IMPRUDENCIA DEL CONDUCTOR,CONDUCCION NO ATENTO CONDICIONES TRANSITO MOMENTO,0,0,0,0,09:50:00
-72.1136508,-36.6088315,1011,16,REGION ÑUBLE,16101,CHILLAN,ARTURO PRAT,BRASIL,0,"Arturo Prat & Avenida Brasil, Chillan, Chillán, Ñuble, Chile",-36.6088315,-72.1136508,1,GEOMETRIC_CENTER,2020,1253961,2020/01/06 00:00:00+00,COLISION PERPENDICULAR,COLISION,URBANA,DESOBEDIENCIA A SEÑALIZACION,SEÑALIZACION DESOBEDECER SEÑAL CEDA EL PASO,0,1,0,0,11:20:00
-72.098614,-36.5974093,1012,16,REGION ÑUBLE,16101,CHILLAN,FREIRE, ,138,"Freire 138, Chillan, Chillán, Bío Bío, Chile",-36.5974093,-72.098614,1,RANGE_INTERPOLATED,2020,1254424,2020/01/07 00:00:00+00,COLISION LATERAL,COLISION,URBANA,IMPRUDENCIA DEL CONDUCTOR,CONDUCCION NO ATENTO CONDICIONES TRANSITO MOMENTO,0,0,0,0,08:30:00
-72.0999385,-36.9771052,1013,16,REGION ÑUBLE,16105,PEMUCO,SAN MARTIN,CLAUDIO CARRASCO,0,"San Martin & Claudio Muñoz, Pemuco, Ñuble, Chile",-36.9771052,-72.0999385,1,GEOMETRIC_CENTER,2020,1254443,2020/01/01 00:00:00+00,COLISION PERPENDICULAR,COLISION,URBANA,DESOBEDIENCIA A SEÑALIZACION,SEÑALIZACION DESOBEDECER SEÑAL PARE,0,0,0,3,15:40:00
-71.8341961,-36.6281758,1014,16,REGION ÑUBLE,16302,COIHUECO,SECTOR LOS CHIJETES, ,1,"Coihueco, Ñuble, Chile",-36.6281758,-71.8341961,1,APPROXIMATE,2020,1254705,2020/01/05 00:00:00+00,CHOQUE POSTERIOR/LADO,CHOQUE,RURAL,CAUSAS NO DETERMINADAS,CAUSAS NO DETERMINADAS,0,0,0,0,17:53:00
-72.0967186,-36.6090031,1015,16,REGION ÑUBLE,16101,CHILLAN,INDEPENDENCIA,CONSTITUCION,0,"Constitución & Independencia, Chillan, Chillán, Ñuble, Chile",-36.6090031,-72.0967186,1,GEOMETRIC_CENTER,2020,1255148,2020/01/08 00:00:00+00,COLISION LATERAL,COLISION,URBANA,IMPRUDENCIA DEL CONDUCTOR,CONDUCCION NO ATENTO CONDICIONES TRANSITO MOMENTO,0,0,0,1,20:20:00
-71.9485445,-36.4260901,1016,16,REGION ÑUBLE,16301,SAN CARLOS,VICUÑA MACKENNA,VIOLETA PARRA,0,"Benjamin Vicuña Mackenna & Violeta Parra, San Carlos, Ñuble, Chile",-36.4260901,-71.9485445,1,GEOMETRIC_CENTER,2020,1255575,2020/01/01 00:00:00+00,COLISION POR ALCANCE,COLISION,URBANA,IMPRUDENCIA DEL CONDUCTOR,CONDUCCION NO ATENTO CONDICIONES TRANSITO MOMENTO,0,1,0,0,06:20:00
-72.0929546,-36.6283374,1017,16,REGION ÑUBLE,16101,CHILLAN,PASAJE SIETE, ,1538,"Pje. Siete 1538, Chillan, Chillán, Bío Bío, Chile",-36.6283374,-72.0929546,1,RANGE_INTERPOLATED,2020,1255785,2020/01/12 00:00:00+00,CHOQUE FRONTAL,CHOQUE,URBANA,IMPRUDENCIA DEL CONDUCTOR,CONDUCCION NO ATENTO CONDICIONES TRANSITO MOMENTO,0,0,0,0,16:30:00
-72.1070632,-36.6002502,1018,16,REGION ÑUBLE,16101,CHILLAN,OHIGGINS, ,134,"Av. OHiggins 134, Chillan, Chillán, Región del Bío Bío, Chile",-36.6002502,-72.1070632,1,ROOFTOP,2020,1255802,2020/01/10 00:00:00+00,COLISION POR ALCANCE,COLISION,URBANA,IMPRUDENCIA DEL CONDUCTOR,CONDUCCION NO ATENTO CONDICIONES TRANSITO MOMENTO,0,0,0,0,18:00:00
-72.0681847,-36.5894442,1019,16,REGION ÑUBLE,16101,CHILLAN,ANDRES BELLO, ,1587,"Av. Andrés Bello 1587, Chillan, Chillán, Bío Bío, Chile",-36.5894442,-72.0681847,1,ROOFTOP,2020,1255809,2020/01/12 00:00:00+00,COLISION POR ALCANCE,COLISION,URBANA,IMPRUDENCIA DEL CONDUCTOR,CONDUCCION NO ATENTO CONDICIONES TRANSITO MOMENTO,0,0,1,1,06:20:00
-71.9131562,-36.6017718,1020,16,REGION ÑUBLE,16302,COIHUECO,SECTOR TALQUIPEN, ,15,"Talquipen, Coihueco, Ñuble, Chile",-36.6017718,-71.9131562,1,APPROXIMATE,2020,1319813,2020/11/29 00:00:00+00,CAIDA,CAIDA,RURAL,OTRAS CAUSAS,OTRAS CAUSAS,0,1,0,0,16:45:00
-72.1208737,-36.610179,1021,16,REGION ÑUBLE,16101,CHILLAN,CINCO NORTE, ,559,"Cinco Nte. 559, Chillan, Chillán, Bío Bío, Chile",-36.610179,-72.1208737,1,RANGE_INTERPOLATED,2020,1256313,2020/01/12 00:00:00+00,CHOQUE FRONTAL,CHOQUE,URBANA,IMPRUDENCIA DEL CONDUCTOR,CONDUCCION NO ATENTO CONDICIONES TRANSITO MOMENTO,0,0,0,0,16:00:00
-71.9591618,-36.4305041,1022,16,REGION ÑUBLE,16301,SAN CARLOS,SERRANO,GAZMURI,0,"David Gazmuri & Ignacio Serrano Montaner, San Carlos, Ñuble, Chile",-36.4305041,-71.9591618,1,GEOMETRIC_CENTER,2020,1257176,2020/01/06 00:00:00+00,COLISION LATERAL,COLISION,URBANA,PERDIDA CONTROL VEHICULO,PERDIDA CONTROL VEHICULO,0,0,0,1,14:00:00
-71.9742534,-36.4170213,1023,16,REGION ÑUBLE,16301,SAN CARLOS,EL MANZANO,EL PEUMO,0,"El Peumo & El Manzano, San Carlos, Ñuble, Chile",-36.4170213,-71.9742534,1,GEOMETRIC_CENTER,2020,1257287,2020/01/08 00:00:00+00,COLISION LATERAL,COLISION,URBANA,DESOBEDIENCIA A SEÑALIZACION,SEÑALIZACION DESOBEDECER SEÑAL CEDA EL PASO,0,0,0,0,14:00:00
-72.0180753,-37.1175898,1024,16,REGION ÑUBLE,16109,YUNGAY,CHIPANA, ,231,"Chipana, Yungay, Ñuble, Chile",-37.1175898,-72.0180753,1,GEOMETRIC_CENTER,2020,1257346,2020/01/10 00:00:00+00,VOLCADURA,VOLCADURA,URBANA,ALCOHOL EN CONDUCTOR,CONDUCCION EN ESTADO DE EBRIEDAD,0,0,1,0,01:50:00
-72.0995687,-36.9759884,1025,16,REGION ÑUBLE,16105,PEMUCO,PADRE JORGE HERRERA,PEDRO DE VALDIVIA,0,"Pemuco, Ñuble, Chile",-36.9759884,-72.0995687,1,APPROXIMATE,2020,1257348,2020/01/12 00:00:00+00,COLISION PERPENDICULAR,COLISION,URBANA,IMPRUDENCIA DEL CONDUCTOR,NO RESPETAR DERECHO PREFERENTE DE PASO A VEHICULO,0,0,0,3,15:50:00
-72.1056514,-36.6097309,1026,16,REGION ÑUBLE,16101,CHILLAN,ARTURO PRAT,MAIPON,0,"Maipón 462, Chillan, Chillán, Bío Bío, Chile",-36.6097309,-72.1056514,1,ROOFTOP,2020,1257759,2020/01/16 00:00:00+00,ATROPELLO,ATROPELLO,URBANA,IMPRUDENCIA DEL PEATON,IMPRUDENCIA DEL PEATON,0,0,0,1,18:45:00
-72.1066352,-36.61323,1027,16,REGION ÑUBLE,16101,CHILLAN,PUREN,18 DE SEPTIEMBRE,0,"Dieciocho de Septiembre & Purén, Chillan, Chillán, Ñuble, Chile",-36.61323,-72.1066352,1,GEOMETRIC_CENTER,2020,1257761,2020/01/17 00:00:00+00,COLISION PERPENDICULAR,COLISION,URBANA,DESOBEDIENCIA A SEÑALIZACION,SEÑALIZACION DESOBEDECER SEÑAL PARE,0,0,0,0,17:17:00
-72.0956859,-36.6080037,1028,16,REGION ÑUBLE,16101,CHILLAN,LIBERTAD, ,1040,"Libertad 1040, Chillan, Chillán, Región del Bío Bío, Chile",-36.6080037,-72.0956859,1,ROOFTOP,2020,1257772,2020/01/17 00:00:00+00,COLISION POR ALCANCE,COLISION,URBANA,IMPRUDENCIA DEL CONDUCTOR,CONDUCCION NO ATENTO CONDICIONES TRANSITO MOMENTO,0,0,0,0,17:40:00
-72.0838822,-36.6311229,1029,16,REGION ÑUBLE,16101,CHILLAN,DIAGONAL LAS TERMAS,RIO VIEJO,0,"Río Viejo & Diagonal Las Termas, Chillan, Chillán, Ñuble, Chile",-36.6311229,-72.0838822,1,GEOMETRIC_CENTER,2020,1257865,2020/01/19 00:00:00+00,CHOQUE POSTERIOR/LADO,CHOQUE,URBANA,IMPRUDENCIA DEL CONDUCTOR,CONDUCCION NO ATENTO CONDICIONES TRANSITO MOMENTO,0,0,0,0,19:57:00
-72.4712595,-36.74309,1030,16,REGION ÑUBLE,16107,QUILLON,CAYUMANQUI,CAUPOLICAN,0,"Caupolican & Cayumanqui, Quillón, Ñuble, Chile",-36.74309,-72.4712595,1,GEOMETRIC_CENTER,2020,1257886,2020/01/09 00:00:00+00,ATROPELLO,ATROPELLO,URBANA,PERDIDA CONTROL VEHICULO,PERDIDA CONTROL VEHICULO,0,0,0,1,13:30:00
-72.0957747,-36.606469,1031,16,REGION ÑUBLE,16101,CHILLAN,INDEPENDENCIA,BULNES,0,"Bulnes & Independencia, Chillan, Chillán, Ñuble, Chile",-36.606469,-72.0957747,1,GEOMETRIC_CENTER,2020,1258075,2020/01/20 00:00:00+00,COLISION LATERAL,COLISION,URBANA,DESOBEDIENCIA A SEÑALIZACION,SEÑALIZACION DESOBEDECER LUZ ROJA DE SEMAFORO,0,0,0,0,07:30:00
-72.0196633,-37.1199487,1032,16,REGION ÑUBLE,16109,YUNGAY,TACNA,TACNA INTERIOR,0,"Tacna, Yungay, Ñuble, Chile",-37.1199487,-72.0196633,1,GEOMETRIC_CENTER,2020,1290941,2020/07/23 00:00:00+00,CHOQUE POSTERIOR/FRENTE,CHOQUE,URBANA,IMPRUDENCIA DEL CONDUCTOR,CONDUCIR VEHICULO EN RETROCESO,0,0,0,0,11:45:00
-72.5430624,-36.2799613,1033,16,REGION ÑUBLE,16201,QUIRIHUE,PRAT,COCHRANE,0,"Ruta 126 & Cochrane, Quirihue, Ñuble, Chile",-36.2799613,-72.5430624,1,GEOMETRIC_CENTER,2020,1258287,2020/01/15 00:00:00+00,COLISION,COLISION,URBANA,VELOCIDAD IMPRUDENTE,VELOCIDAD NO RAZONABLE NI PRUDENTE,0,0,0,2,22:35:00
-72.4727944,-36.7433983,1034,16,REGION ÑUBLE,16107,QUILLON,JACINTO SEPULVEDA,CARMEN,0,"Jacinto Sepulveda 130, Quillón, Bío Bío, Chile",-36.7433983,-72.4727944,1,ROOFTOP,2020,1258372,2020/01/16 00:00:00+00,COLISION,COLISION,URBANA,IMPRUDENCIA DEL CONDUCTOR,CONDUCCION NO ATENTO CONDICIONES TRANSITO MOMENTO,0,0,0,0,11:00:00
-72.087502,-36.6250891,1035,16,REGION ÑUBLE,16101,CHILLAN,LOS PUELCHES,DIEGONAL LAS TERMAS,0,"Los Puelches & Diagonal Las Termas, Chillan, Chillán, Ñuble, Chile",-36.6250891,-72.087502,1,GEOMETRIC_CENTER,2020,1258687,2020/01/23 00:00:00+00,COLISION PERPENDICULAR,COLISION,URBANA,IMPRUDENCIA DEL CONDUCTOR,NO RESPETAR DERECHO PREFERENTE DE PASO A VEHICULO,0,0,0,1,18:35:00
-72.1061151,-36.5984238,1036,16,REGION ÑUBLE,16101,CHILLAN,ECUADOR,OHIGGINS,0,"Av. OHiggins & Av. Ecuador, Chillan, Chillán, Ñuble, Chile",-36.5984238,-72.1061151,1,GEOMETRIC_CENTER,2020,1258754,2020/01/22 00:00:00+00,ATROPELLO,ATROPELLO,URBANA,IMPRUDENCIA DEL CONDUCTOR,NO RESPETAR DERECHO PREFERENTE DE PASO A PEATON,0,0,0,1,22:15:00
-72.0769377,-36.6144713,1037,16,REGION ÑUBLE,16101,CHILLAN,CENTRAL PANIFICADORES,RIO NEGRO,0,"Río Negro & Central Panificadores, Chillán, Ñuble, Chile",-36.6144713,-72.0769377,1,GEOMETRIC_CENTER,2020,1258898,2020/01/25 00:00:00+00,COLISION PERPENDICULAR,COLISION,URBANA,ALCOHOL EN CONDUCTOR,CONDUCCION EN ESTADO DE EBRIEDAD,0,0,0,0,21:30:00
-72.0838822,-36.6311229,1038,16,REGION ÑUBLE,16101,CHILLAN,DIAGONAL LAS TERMAS,RIO VIEJO,0,"Río Viejo & Diagonal Las Termas, Chillan, Chillán, Ñuble, Chile",-36.6311229,-72.0838822,1,GEOMETRIC_CENTER,2020,1258899,2020/01/25 00:00:00+00,COLISION PERPENDICULAR,COLISION,URBANA,ALCOHOL EN CONDUCTOR,CONDUCCION EN ESTADO DE EBRIEDAD,0,0,0,1,04:50:00
-72.0953877,-36.6010077,1039,16,REGION ÑUBLE,16101,CHILLAN,SARGENTO ALDEA,ECUADOR,0,"Sgto. Aldea & Av. Ecuador, Chillan, Chillán, Ñuble, Chile",-36.6010077,-72.0953877,1,GEOMETRIC_CENTER,2020,1259087,2020/01/24 00:00:00+00,COLISION PERPENDICULAR,COLISION,URBANA,IMPRUDENCIA DEL CONDUCTOR,NO RESPETAR DERECHO PREFERENTE DE PASO A VEHICULO,0,1,0,0,20:30:00
-72.095291,-36.5961481,1040,16,REGION ÑUBLE,16101,CHILLAN,DIEGO DE ALMAGRO,BUERAS,0,"Diego de Almagro & Bueras, Chillan, Chillán, Ñuble, Chile",-36.5961481,-72.095291,1,GEOMETRIC_CENTER,2020,1259097,2020/01/24 00:00:00+00,COLISION PERPENDICULAR,COLISION,URBANA,DESOBEDIENCIA A SEÑALIZACION,SEÑALIZACION DESOBEDECER SEÑAL PARE,0,0,0,0,20:00:00
-72.1076358,-36.6023343,1041,16,REGION ÑUBLE,16101,CHILLAN,OHIGGINS,VEGA DE SALDIAS,0,"Vega de Saldías & Avenida OHiggins, Chillan, Chillán, Ñuble, Chile",-36.6023343,-72.1076358,1,GEOMETRIC_CENTER,2020,1259101,2020/01/26 00:00:00+00,CHOQUE FRENTE/POSTERIOR,CHOQUE,URBANA,IMPRUDENCIA DEL CONDUCTOR,CONDUCCION NO ATENTO CONDICIONES TRANSITO MOMENTO,0,0,0,0,06:00:00
-72.1073337,-36.6058923,1042,16,REGION ÑUBLE,16101,CHILLAN,CLAUDIO ARRAU,MAIPU,0,"Claudio Arrau 558, Chillan, Chillán, Ñuble, Chile",-36.6058923,-72.1073337,1,ROOFTOP,2020,1259105,2020/01/25 00:00:00+00,COLISION PERPENDICULAR,COLISION,URBANA,DESOBEDIENCIA A SEÑALIZACION,SEÑALIZACION DESOBEDECER SEÑAL CEDA EL PASO,0,0,0,2,14:05:00
-72.0756713,-36.6256656,1043,16,REGION ÑUBLE,16101,CHILLAN,ALONSO DE ERCILLA,ANGOL,0,"Avenida Alonso de Ercilla & Angol, Chillan, Chillán, Ñuble, Chile",-36.6256656,-72.0756713,1,GEOMETRIC_CENTER,2020,1259117,2020/01/25 00:00:00+00,COLISION POR ALCANCE,COLISION,URBANA,IMPRUDENCIA DEL CONDUCTOR,CONDUCCION SIN MANTENER DISTANCIA RAZONABLE NI PRUDENTE,0,0,0,0,20:40:00
-71.8301929,-36.6247061,1044,16,REGION ÑUBLE,16302,COIHUECO,LAUTARO,LUIS HERMOSILLA,0,"Luis Hermosilla & Lautaro, Coihueco, Ñuble, Chile",-36.6247061,-71.8301929,1,GEOMETRIC_CENTER,2020,1259411,2020/01/20 00:00:00+00,CHOQUE FRENTE/POSTERIOR,CHOQUE,URBANA,IMPRUDENCIA DEL CONDUCTOR,CONDUCCION NO ATENTO CONDICIONES TRANSITO MOMENTO,0,0,0,0,11:00:00
-71.8313532,-36.6221621,1045,16,REGION ÑUBLE,16302,COIHUECO,BALMACEDA, ,546,"C. Balmaceda 546, Coihueco, Bío Bío, Chile",-36.6221621,-71.8313532,1,RANGE_INTERPOLATED,2020,1259414,2020/01/20 00:00:00+00,CHOQUE POSTERIOR/POSTERIOR,CHOQUE,URBANA,IMPRUDENCIA DEL CONDUCTOR,CONDUCCION NO ATENTO CONDICIONES TRANSITO MOMENTO,0,0,0,0,15:40:00
-72.1385178,-36.629314,1046,16,REGION ÑUBLE,16103,CHILLAN VIEJO,LUIS ARANEDA, ,1022,"Luis Araneda 1022, Chillan, Chillán Viejo, Bío Bío, Chile",-36.629314,-72.1385178,1,ROOFTOP,2020,1259420,2020/01/22 00:00:00+00,COLISION POR ALCANCE,COLISION,URBANA,IMPRUDENCIA DEL CONDUCTOR,CONDUCCION NO ATENTO CONDICIONES TRANSITO MOMENTO,0,0,0,0,20:30:00
-71.5487045,-36.5563414,1047,16,REGION ÑUBLE,16304,SAN FABIAN,LOS ANDES,INDEPENDENCIA,0,"Independencia, San Fabián, Ñuble, Chile",-36.5563414,-71.5487045,1,GEOMETRIC_CENTER,2020,1259926,2020/01/18 00:00:00+00,COLISION FRONTAL,COLISION,URBANA,IMPRUDENCIA DEL CONDUCTOR,CONDUCCION NO ATENTO CONDICIONES TRANSITO MOMENTO,0,0,0,0,14:15:00
-72.0970702,-36.6007438,1048,16,REGION ÑUBLE,16101,CHILLAN,ECUADOR,ISABEL RIQUELME,0,"Isabel Riquelme & Avenida Ecuador, Chillan, Chillán, Ñuble, Chile",-36.6007438,-72.0970702,1,GEOMETRIC_CENTER,2020,1260004,2020/01/29 00:00:00+00,COLISION LATERAL,COLISION,URBANA,IMPRUDENCIA DEL CONDUCTOR,ADELANTAMIENTO SIN EL ESPACIO O TIEMPO SUFICIENTE,0,0,0,0,21:10:00
-72.0776221,-36.6208516,1049,16,REGION ÑUBLE,16101,CHILLAN,EL VOLCAN,NUEVA ORIENTE,0,"El Volcán & Avenida Nueva Oriente, Chillan, Chillán, Ñuble, Chile",-36.6208516,-72.0776221,1,GEOMETRIC_CENTER,2020,1260350,2020/01/30 00:00:00+00,COLISION PERPENDICULAR,COLISION,URBANA,FALLAS MECANICAS,FALLAS MECANICAS FRENOS,0,0,0,0,09:30:00
-72.5430624,-36.2799613,1050,16,REGION ÑUBLE,16201,QUIRIHUE,ARTURO PRAT,COCHRANE,0,"Ruta 126 & Cochrane, Quirihue, Ñuble, Chile",-36.2799613,-72.5430624,1,GEOMETRIC_CENTER,2020,1260424,2020/01/22 00:00:00+00,ATROPELLO,ATROPELLO,URBANA,ALCOHOL EN CONDUCTOR,CONDUCCION BAJO LA INFLUENCIA DEL ALCOHOL,0,1,0,0,21:30:00
-72.0303453,-36.8973464,1051,16,REGION ÑUBLE,16104,EL CARMEN,MANUEL BALMACEDA, ,362,"El Carmen, Ñuble, Chile",-36.8973464,-72.0303453,1,APPROXIMATE,2020,1260445,2020/01/25 00:00:00+00,CHOQUE POSTERIOR/FRENTE,CHOQUE,URBANA,ALCOHOL EN CONDUCTOR,CONDUCCION EN ESTADO DE EBRIEDAD,0,0,0,0,22:50:00
-72.016505,-37.1212233,1052,16,REGION ÑUBLE,16109,YUNGAY,ANGAMOS,HUAMACHUCO,0,"Huamachuco & Angamos, Yungay, Ñuble, Chile",-37.1212233,-72.016505,1,GEOMETRIC_CENTER,2020,1260466,2020/01/28 00:00:00+00,ATROPELLO,ATROPELLO,URBANA,IMPRUDENCIA DEL CONDUCTOR,CONDUCCION NO ATENTO CONDICIONES TRANSITO MOMENTO,0,1,0,0,18:30:00
-71.9604774,-36.4297465,1053,16,REGION ÑUBLE,16301,SAN CARLOS,RIQUELME, ,242,"Ernesto Riquelme 242, San Carlos, Bío Bío, Chile",-36.4297465,-71.9604774,1,RANGE_INTERPOLATED,2020,1260622,2020/01/29 00:00:00+00,CHOQUE FRENTE/FRENTE,CHOQUE,URBANA,IMPRUDENCIA DEL CONDUCTOR,CONDUCIR VEHICULO EN RETROCESO,0,0,0,0,17:30:00
-71.9635808,-36.4295687,1054,16,REGION ÑUBLE,16301,SAN CARLOS,GRAL VENEGAS,GAZMURI,0,"David Gazmuri & General José Vicente Venegas, San Carlos, Ñuble, Chile",-36.4295687,-71.9635808,1,GEOMETRIC_CENTER,2020,1260623,2020/01/29 00:00:00+00,COLISION LATERAL,COLISION,URBANA,DESOBEDIENCIA A SEÑALIZACION,SEÑALIZACION DESOBEDECER SEÑAL CEDA EL PASO,0,0,0,1,17:30:00
-71.961792,-36.4150871,1055,16,REGION ÑUBLE,16301,SAN CARLOS,LOS CLAVELES, ,1270,"Los Claveles 1270, San Carlos, Bío Bío, Chile",-36.4150871,-71.961792,1,RANGE_INTERPOLATED,2020,1260625,2020/01/30 00:00:00+00,CHOQUE FRENTE/FRENTE,CHOQUE,URBANA,IMPRUDENCIA DEL CONDUCTOR,CONDUCIR VEHICULO EN RETROCESO,0,0,0,0,15:00:00
-72.1023351,-36.6062618,1056,16,REGION ÑUBLE,16101,CHILLAN,ALEJANDRO DUMA, ,22,"Chillán, Ñuble, Chile",-36.6062618,-72.1023351,1,APPROXIMATE,2020,1293704,2020/07/11 00:00:00+00,CHOQUE LADO/LADO,CHOQUE,URBANA,IMPRUDENCIA DEL CONDUCTOR,CONDUCCION NO ATENTO CONDICIONES TRANSITO MOMENTO,0,0,0,0,09:30:00